return_frequency,return_to_order_ratio,recent_return_count,return_value_ratio,avg_order_value,avg_return_value,account_age_days,order_frequency,days_since_purchase,historical_return_rate,category_return_rate,category_baseline_return_rate,verified_abuse_history,baseline_deviation,drift_score,return_burst_flag,high_value_concentration,abnormal_timing_flag,cross_category_flag,account_age_risk,recent_order_frequency_change,refund_amount_last_30_days,payment_amount,refund_amount,payment_count_7d,payment_count_30d,refund_count_7d,refund_count_30d,payment_frequency,refund_frequency,transaction_velocity,historical_refund_rate,current_refund_rate,refund_to_payment_ratio,avg_historical_refund_amount,time_between_payment_and_refund,days_since_payment,is_abuse
0.0,0.0,0,1.41,240.75,0.0,17,17.647,7,0.0,0.0,0.1,0,0.0,10.0,0,0.0,0,0,1,1.0,0.0,339.55,339.55,6,10,0,0,17.65,0.0,4.08,0.0,0.0,0.141,0.0,7,7,0
0.0,0.5,0,1.612,170.74,66.32,201,0.095,13,0.5,0.0,0.1,0,-5.0,0.0,0,0.0,0,0,0,0.0,0.0,275.15,275.15,0,1,0,0,0.3,0.0,0.07,0.5,0.0,1.0,66.32,13,13,1
0.0,0.0,0,0.156,253.84,0.0,85,1.221,13,0.0,0.0,0.12,0,0.0,10.0,0,0.0,0,0,0,0.0,0.0,39.57,39.57,0,3,0,0,2.12,0.0,0.49,0.0,0.0,0.026,0.0,13,13,0
0.333,0.2,1,1.334,360.82,498.62,29,2.222,21,0.2,0.0,0.12,0,1.333,36.7,0,1.0,0,0,1,0.4,498.62,481.25,481.25,2,5,0,1,5.17,0.33,1.19,0.2,0.2,0.5431,498.62,21,21,1
0.0,0.0,0,0.926,283.21,0.0,432,0.201,8,0.0,0.0,0.03,1,0.0,10.0,0,0.0,0,0,0,0.0,0.0,262.12,262.12,0,1,0,0,0.21,0.0,0.05,0.0,0.0,0.3085,0.0,8,8,1
0.667,0.1667,1,1.665,249.06,277.28,201,1.538,24,0.1667,0.0,0.1,0,5.0,100.0,0,1.0,0,0,0,0.0,333.06,414.68,414.68,1,4,0,1,1.79,0.67,0.41,0.1667,0.25,0.3243,277.28,24,24,0
0.0,0.1667,0,0.388,175.42,124.0,361,0.638,27,0.1667,0.0,0.07,0,-1.667,0.0,0,0.0,0,0,0,1.637,0.0,68.02,68.02,0,1,0,0,0.5,0.0,0.12,0.1667,0.0,0.1824,124.0,27,27,0
0.0,0.0,0,0.296,265.5,0.0,417,0.393,16,0.0,0.0,0.2,0,0.0,10.0,0,0.0,1,0,0,0.0,0.0,78.65,78.65,0,1,0,0,0.5,0.0,0.12,0.0,0.0,0.0423,0.0,16,16,0
0.0,0.0,0,2.062,204.0,0.0,334,0.774,3,0.0,0.0,0.2,0,0.0,10.0,0,0.0,0,0,0,1.318,0.0,420.56,420.56,1,1,0,0,0.81,0.0,0.19,0.0,0.0,0.2291,0.0,3,3,0
0.0,0.0,0,0.753,386.39,0.0,184,0.295,10,0.0,0.0,0.1,0,0.0,10.0,0,0.0,0,0,0,0.0,0.0,291.07,291.07,0,1,0,0,0.33,0.0,0.08,0.0,0.0,0.3767,0.0,10,10,1
0.0,0.0,0,1.134,291.97,0.0,23,9.706,7,0.0,0.0,0.12,0,0.0,10.0,0,0.0,0,0,1,1.333,0.0,330.97,330.97,5,9,0,0,11.74,0.0,2.71,0.0,0.0,0.126,0.0,7,7,0
0.0,0.0,0,1.0,425.73,0.0,5,3.235,1,0.0,0.0,0.12,0,0.0,10.0,0,0.0,0,0,1,0.24,0.0,425.73,425.73,1,1,0,0,6.0,0.0,1.39,0.0,0.0,1.0,0.0,1,1,0
1.333,0.4444,2,0.963,310.06,326.54,72,2.727,30,0.4444,0.0,0.05,0,8.889,100.0,0,0.75,1,0,0,0.692,659.62,298.7,298.7,1,5,0,2,3.75,1.33,0.87,0.4444,0.4,0.5751,326.54,30,30,1
1.333,0.3636,1,0.37,281.91,314.47,272,0.927,14,0.3636,0.3333,0.08,0,9.697,100.0,0,0.75,0,0,0,0.0,385.73,104.34,104.34,0,2,0,1,1.21,1.33,0.28,0.3636,0.5,0.4393,314.47,14,14,1
0.0,0.0,0,0.823,344.88,0.0,332,0.631,6,0.0,0.0,0.2,0,0.0,10.0,0,0.0,0,0,0,0.0,0.0,283.68,283.68,1,1,0,0,0.54,0.0,0.13,0.0,0.0,0.1371,0.0,6,6,0
0.0,0.0,0,1.0,107.88,0.0,133,0.305,11,0.0,0.0,0.03,1,0.0,10.0,0,0.0,0,0,0,0.0,0.0,107.88,107.88,0,1,0,0,0.23,0.0,0.05,0.0,0.0,1.0,0.0,11,11,1
0.333,0.4286,0,0.463,245.83,237.02,378,0.927,23,0.4286,0.0,0.07,0,-0.952,0.0,0,0.5,0,0,0,0.0,0.0,113.94,113.94,0,1,0,0,1.11,0.33,0.26,0.4286,0.0,0.4463,237.02,23,23,1
0.0,0.0,0,1.0,348.72,0.0,32,0.305,4,0.0,0.0,0.1,0,0.0,10.0,0,0.0,0,0,0,3.61,0.0,348.72,348.72,1,1,0,0,0.94,0.0,0.22,0.0,0.0,1.0,0.0,4,4,0
0.333,0.2,1,1.371,114.0,130.1,44,2.143,28,0.2,0.3333,0.2,0,1.333,36.7,0,0.0,0,0,0,1.55,130.1,156.28,156.28,0,1,0,1,3.41,0.33,0.79,0.2,1.0,0.5024,130.1,28,28,0
0.0,0.0,0,0.819,373.38,0.0,508,0.443,30,0.0,0.0,0.2,0,0.0,10.0,0,0.0,0,0,0,0.0,0.0,305.8,305.8,0,1,0,0,0.47,0.0,0.11,0.0,0.0,0.1024,0.0,30,30,0
0.333,0.5556,0,0.217,215.25,232.77,556,0.53,6,0.5556,0.3333,0.03,0,-2.222,0.0,0,0.4,1,0,0,4.239,0.0,46.72,46.72,1,1,0,0,0.49,0.33,0.11,0.5556,0.0,0.6249,232.77,6,6,1
0.0,0.0,0,1.727,242.05,0.0,129,0.665,23,0.0,0.0,0.12,0,0.0,10.0,0,0.0,0,0,0,0.0,0.0,417.94,417.94,0,1,0,0,0.93,0.0,0.21,0.0,0.0,0.4317,0.0,23,23,0
0.0,0.0,0,1.0,216.99,0.0,29,0.538,29,0.0,0.0,0.2,0,0.0,10.0,0,0.0,0,0,1,1.936,0.0,216.99,216.99,0,1,0,0,1.03,0.0,0.24,0.0,0.0,1.0,0.0,29,29,0
0.0,0.5,0,0.379,180.05,170.83,825,0.208,22,0.5,0.5,0.07,1,-5.0,0.0,0,0.333,0,0,0,0.0,0.0,68.16,68.16,0,1,0,0,0.22,0.0,0.05,0.5,0.0,0.5375,170.83,22,22,1
0.0,0.0,0,1.862,151.92,0.0,589,0.141,30,0.0,0.0,0.03,0,0.0,10.0,0,0.0,0,0,0,0.0,0.0,282.8,282.8,0,1,0,0,0.15,0.0,0.04,0.0,0.0,0.6205,0.0,30,30,0
1.0,0.5385,2,0.779,294.02,317.46,189,2.063,14,0.5385,0.3333,0.03,0,4.615,100.0,0,0.857,0,0,0,1.59,951.65,229.09,229.09,0,3,1,2,2.06,1.0,0.48,0.5385,0.6667,0.6413,317.46,14,14,1
0.0,0.0,0,1.186,380.27,0.0,781,0.123,29,0.0,0.0,0.2,0,0.0,10.0,0,0.0,0,0,0,0.0,0.0,451.18,451.18,0,1,0,0,0.12,0.0,0.03,0.0,0.0,0.3955,0.0,29,29,0
0.0,0.3333,0,0.96,365.83,435.43,334,0.264,3,0.3333,0.0,0.1,0,-3.333,0.0,0,1.0,0,0,0,0.0,0.0,351.02,351.02,1,1,0,0,0.27,0.0,0.06,0.3333,0.0,0.7166,435.43,3,3,0
0.0,0.0,0,1.301,343.7,0.0,443,0.807,8,0.0,0.0,0.12,0,0.0,10.0,0,0.0,0,0,0,2.745,0.0,447.1,447.1,0,3,0,0,0.74,0.0,0.17,0.0,0.0,0.1183,0.0,8,8,0
0.0,0.0,0,1.021,148.93,0.0,76,1.029,7,0.0,0.0,0.03,0,0.0,10.0,0,0.0,0,0,0,0.0,0.0,152.02,152.02,1,2,0,0,1.58,0.0,0.36,0.0,0.0,0.2552,0.0,7,7,0
0.0,0.0,0,1.121,268.2,0.0,29,3.83,23,0.0,0.0,0.05,1,0.0,10.0,0,0.0,0,0,1,0.711,0.0,300.69,300.69,0,5,0,0,5.17,0.0,1.19,0.0,0.0,0.2242,0.0,23,23,1
0.0,0.0,0,0.847,306.95,0.0,46,0.997,15,0.0,0.0,0.08,0,0.0,10.0,0,0.0,0,0,0,1.003,0.0,260.04,260.04,1,3,0,0,1.96,0.0,0.45,0.0,0.0,0.2824,0.0,15,15,0
0.0,0.0909,0,1.372,205.13,52.57,610,0.56,22,0.0909,0.5,0.12,0,-0.909,0.0,0,0.0,0,0,0,0.0,0.0,281.48,281.48,0,1,0,0,0.54,0.0,0.12,0.0909,0.0,0.148,52.57,22,22,0
0.333,0.1111,1,0.363,136.22,178.68,416,0.649,15,0.1111,0.0,0.2,0,2.222,54.4,0,0.0,0,0,0,6.433,178.68,49.48,49.48,0,3,1,1,0.65,0.33,0.15,0.1111,0.3333,0.1861,178.68,15,15,0
0.0,0.0,0,1.125,362.74,0.0,57,0.984,17,0.0,0.0,0.05,1,0.0,10.0,0,0.0,0,0,0,1.018,0.0,407.92,407.92,0,1,0,0,1.05,0.0,0.24,0.0,0.0,0.5623,0.0,17,17,1
0.333,0.1429,0,0.713,278.91,349.07,129,1.286,6,0.1429,0.0,0.2,0,1.905,48.1,0,1.0,0,0,0,0.75,0.0,198.86,198.86,1,2,0,0,1.63,0.33,0.38,0.1429,0.0,0.2807,349.07,6,6,0
0.667,0.5,1,0.387,285.6,317.4,130,0.306,6,0.5,0.3333,0.08,0,1.667,43.3,0,0.5,0,0,0,0.0,171.23,110.56,110.56,1,1,0,1,0.92,0.67,0.21,0.5,1.0,0.6524,317.4,6,6,1
1.0,0.3333,2,0.558,234.15,192.82,180,2.473,26,0.3333,0.0,0.1,0,6.667,100.0,0,0.4,0,0,0,2.533,330.1,130.74,130.74,1,5,1,2,2.5,1.0,0.58,0.3333,0.4,0.3117,192.82,26,26,1
2.0,0.5455,3,1.318,219.74,184.76,65,5.493,23,0.5455,0.5,0.1,1,14.545,100.0,0,0.333,0,0,0,1.171,487.67,289.57,289.57,0,5,0,3,5.08,2.0,1.17,0.5455,0.6,0.5784,184.76,23,23,1
0.0,0.0,0,1.711,194.37,0.0,185,1.459,17,0.0,0.0,0.2,0,0.0,10.0,0,0.0,0,0,0,2.583,0.0,332.57,332.57,0,3,0,0,1.46,0.0,0.34,0.0,0.0,0.1901,0.0,17,17,0
0.333,0.25,0,0.212,255.32,475.86,65,0.87,27,0.25,0.0,0.08,0,0.833,26.7,0,1.0,0,0,0,1.16,0.0,54.23,54.23,0,2,0,0,1.85,0.33,0.43,0.25,0.0,0.519,475.86,27,27,1
0.667,0.4,2,0.331,235.94,225.9,72,1.985,9,0.4,0.0,0.05,1,2.667,63.3,0,0.5,0,0,0,0.442,451.8,78.05,78.05,0,2,0,2,2.08,0.67,0.48,0.4,1.0,0.4491,225.9,9,9,1
0.0,0.0,0,0.704,148.01,0.0,42,2.143,7,0.0,0.0,0.12,0,0.0,10.0,0,0.0,0,0,0,1.0,0.0,104.18,104.18,3,3,0,0,2.14,0.0,0.49,0.0,0.0,0.2346,0.0,7,7,1
0.0,0.1667,0,0.965,287.93,398.77,375,0.628,12,0.1667,0.0,0.1,0,-1.667,0.0,0,1.0,0,0,0,0.0,0.0,277.91,277.91,0,1,0,0,0.48,0.0,0.11,0.1667,0.0,0.3917,398.77,12,12,1
0.333,0.375,1,1.162,193.81,210.54,252,0.962,17,0.375,0.3333,0.2,0,-0.417,1.7,0,0.333,0,0,0,1.043,38.04,225.28,225.28,0,3,1,1,0.95,0.33,0.22,0.375,0.3333,0.5527,210.54,17,17,1
0.0,0.0,0,2.548,191.98,0.0,19,9.31,13,0.0,0.0,0.2,0,0.0,10.0,0,0.0,0,0,1,1.0,0.0,489.19,489.19,0,6,0,0,9.47,0.0,2.19,0.0,0.0,0.4247,0.0,13,13,0
0.333,0.3333,1,0.789,272.92,311.99,39,4.432,18,0.3333,0.0,0.2,0,0.0,10.0,0,1.0,0,0,0,2.256,311.99,215.26,215.26,1,3,0,1,2.31,0.33,0.53,0.3333,0.3333,0.644,311.99,18,18,0
0.333,0.2857,1,1.548,258.8,318.06,348,0.507,27,0.2857,0.0,0.1,0,0.476,19.5,0,0.5,0,0,0,0.0,197.06,400.69,400.69,1,4,1,1,0.6,0.33,0.14,0.2857,0.25,0.5723,318.06,27,27,1
0.0,0.0,0,0.497,259.75,0.0,24,6.154,8,0.0,0.0,0.2,1,0.0,10.0,0,0.0,0,0,1,0.9,0.0,129.22,129.22,3,6,0,0,7.5,0.0,1.73,0.0,0.0,0.0829,0.0,8,8,1
0.0,0.0,0,1.039,474.52,0.0,335,0.256,3,0.0,0.0,0.08,0,0.0,10.0,0,0.0,0,0,0,0.0,0.0,492.88,492.88,1,1,0,0,0.18,0.0,0.04,0.0,0.0,0.5193,0.0,3,3,1
0.0,0.0,0,1.355,264.3,0.0,374,1.082,17,0.0,0.0,0.2,0,0.0,10.0,0,0.0,1,0,0,1.979,0.0,358.11,358.11,1,3,0,0,1.04,0.0,0.24,0.0,0.0,0.1042,0.0,17,17,0
0.0,0.3333,0,1.092,427.71,361.02,970,0.092,17,0.3333,0.0,0.12,0,-3.333,0.0,0,1.0,0,0,0,15.833,0.0,466.96,466.96,0,1,0,0,0.09,0.0,0.02,0.3333,0.0,0.6453,361.02,17,17,0
1.0,0.4286,2,0.337,261.1,234.92,87,2.845,26,0.4286,0.5,0.08,0,5.714,100.0,1,0.667,0,0,0,1.638,319.61,87.96,87.96,0,4,2,2,2.41,1.0,0.56,0.4286,0.5,0.4337,234.92,26,26,1
0.667,0.5,0,1.089,213.75,152.22,151,0.809,7,0.5,0.0,0.12,0,1.667,43.3,0,0.333,0,0,0,0.0,0.0,232.83,232.83,1,2,0,0,1.19,0.67,0.28,0.5,0.0,0.5376,152.22,7,7,1
0.0,0.0,0,0.998,440.06,0.0,137,0.4,13,0.0,0.0,0.12,0,0.0,10.0,0,0.0,0,0,0,0.0,0.0,438.99,438.99,0,1,0,0,0.44,0.0,0.1,0.0,0.0,0.4988,0.0,13,13,0
0.333,0.6,0,1.106,262.44,253.83,227,0.474,5,0.6,0.0,0.2,0,-2.667,0.0,0,0.667,0,0,0,0.0,0.0,290.24,290.24,2,2,0,0,0.66,0.33,0.15,0.6,0.0,0.8015,253.83,5,5,0
0.0,0.0,0,0.956,369.22,0.0,135,0.327,19,0.0,0.0,0.2,0,0.0,10.0,0,0.0,0,0,0,0.0,0.0,353.01,353.01,0,1,0,0,0.67,0.0,0.15,0.0,0.0,0.3187,0.0,19,19,0
0.667,0.6667,0,0.88,380.52,403.29,74,0.497,5,0.6667,0.6667,0.1,0,0.0,10.0,0,1.0,0,0,0,0.0,0.0,334.96,334.96,1,1,0,0,1.22,0.67,0.28,0.6667,0.0,1.0,403.29,5,5,1
0.333,0.1667,0,0.43,338.78,489.27,127,1.646,23,0.1667,0.0,0.2,0,1.667,43.3,0,1.0,0,0,0,2.233,0.0,145.62,145.62,0,2,0,0,1.42,0.33,0.33,0.1667,0.0,0.3123,489.27,23,23,0
0.667,0.2,0,0.556,188.74,176.66,140,2.368,19,0.2,0.0,0.12,0,4.667,100.0,0,0.5,0,0,0,2.033,0.0,104.88,104.88,2,4,0,0,2.14,0.67,0.49,0.2,0.0,0.2428,176.66,19,19,0
0.0,0.0,0,0.844,265.82,0.0,309,0.425,20,0.0,0.0,0.2,0,0.0,10.0,0,0.0,0,0,0,2.459,0.0,224.41,224.41,0,1,0,0,0.39,0.0,0.09,0.0,0.0,0.2111,0.0,20,20,0
0.333,0.3333,0,1.285,333.11,380.66,239,0.379,25,0.3333,0.25,0.08,0,0.0,10.0,0,1.0,0,0,0,2.846,0.0,428.08,428.08,0,1,0,0,0.75,0.33,0.17,0.3333,0.0,0.5951,380.66,25,25,1
0.0,0.0,0,0.836,234.85,0.0,423,0.944,17,0.0,0.0,0.2,0,0.0,10.0,0,0.0,0,0,0,2.306,0.0,196.44,196.44,0,2,0,0,0.85,0.0,0.2,0.0,0.0,0.0697,0.0,17,17,0
0.333,0.1667,1,1.531,282.56,338.96,630,0.571,13,0.1667,0.0,0.07,0,1.667,43.3,0,1.0,0,0,0,20.033,275.81,432.68,432.68,2,6,0,1,0.57,0.33,0.13,0.1667,0.1667,0.3275,338.96,13,13,0
0.0,0.0,0,1.0,160.51,0.0,23,0.303,7,0.0,0.0,0.12,0,0.0,10.0,0,0.0,0,0,1,0.0,0.0,160.51,160.51,1,1,0,0,1.3,0.0,0.3,0.0,0.0,1.0,0.0,7,7,0
0.333,0.1,0,1.526,269.3,250.35,157,1.545,8,0.1,0.0,0.1,0,2.333,56.7,0,1.0,0,0,0,0.0,0.0,410.84,410.84,0,2,0,0,1.91,0.33,0.44,0.1,0.0,0.2455,250.35,8,8,0
0.0,0.0,0,1.779,234.17,0.0,38,0.579,16,0.0,0.0,0.12,1,0.0,10.0,0,0.0,0,0,0,3.947,0.0,416.6,416.6,0,2,0,0,1.58,0.0,0.36,0.0,0.0,0.8895,0.0,16,16,1
0.333,0.2,0,0.171,284.65,287.49,104,1.019,18,0.2,0.0,0.2,1,1.333,36.7,0,1.0,0,0,0,0.0,0.0,48.61,48.61,0,1,0,0,1.44,0.33,0.33,0.2,0.0,0.2362,287.49,18,18,1
0.0,0.3,0,1.604,212.36,267.84,674,0.459,29,0.3,0.0,0.03,0,-3.0,0.0,0,0.667,0,0,0,0.0,0.0,340.71,340.71,0,2,0,0,0.45,0.0,0.1,0.3,0.0,0.5388,267.84,29,29,0
0.0,0.0,0,0.71,372.4,0.0,75,0.396,28,0.0,0.0,0.1,0,0.0,10.0,0,0.0,0,0,0,0.0,0.0,264.34,264.34,1,2,0,0,1.2,0.0,0.28,0.0,0.0,0.2366,0.0,28,28,0
0.0,0.125,0,0.93,160.69,40.47,849,0.285,20,0.125,0.0,0.05,0,-1.25,0.0,0,0.0,0,0,0,0.0,0.0,149.43,149.43,0,2,0,0,0.28,0.0,0.07,0.125,0.0,0.1477,40.47,20,20,0
0.0,0.0,0,0.537,209.05,0.0,30,2.979,16,0.0,0.0,0.12,0,0.0,10.0,0,0.0,0,0,0,1.48,0.0,112.34,112.34,1,4,0,0,4.0,0.0,0.92,0.0,0.0,0.1343,0.0,16,16,0
0.333,0.25,1,0.638,228.22,263.22,62,1.654,29,0.25,0.0,0.05,0,0.833,26.7,0,1.0,0,0,0,0.0,263.22,145.57,145.57,1,2,0,1,1.94,0.33,0.45,0.25,0.5,0.4478,263.22,29,29,1
0.0,0.0,0,1.344,279.76,0.0,202,1.284,16,0.0,0.0,0.12,0,0.0,10.0,0,0.0,1,0,0,0.757,0.0,376.11,376.11,0,2,0,0,1.34,0.0,0.31,0.0,0.0,0.1494,0.0,16,16,0
0.0,0.5,0,0.799,366.78,440.57,180,0.453,23,0.5,0.0,0.07,0,-5.0,0.0,0,1.0,0,0,0,0.0,0.0,292.98,292.98,0,1,0,0,0.33,0.0,0.08,0.5,0.0,1.0,440.57,23,23,1
1.0,0.5,0,1.425,251.59,181.02,204,1.044,3,0.5,0.6667,0.2,1,5.0,100.0,0,0.25,0,0,0,0.0,0.0,358.56,358.56,1,1,0,0,1.18,1.0,0.27,0.5,0.0,0.5379,181.02,3,3,1
0.333,0.3333,1,0.205,258.78,428.45,102,1.121,8,0.3333,0.5,0.12,0,0.0,10.0,0,1.0,0,0,0,0.0,428.45,53.02,53.02,0,1,0,1,0.88,0.33,0.2,0.3333,1.0,0.6202,428.45,8,8,1
0.0,0.0,0,0.958,242.28,0.0,116,0.707,28,0.0,0.0,0.2,0,0.0,10.0,0,0.0,0,0,0,1.483,0.0,232.02,232.02,0,1,0,0,0.52,0.0,0.12,0.0,0.0,0.4788,0.0,28,28,0
0.0,0.3333,0,1.503,290.75,286.07,456,0.134,14,0.3333,0.0,0.03,0,-3.333,0.0,0,1.0,0,0,0,9.633,0.0,436.87,436.87,0,1,0,0,0.2,0.0,0.05,0.3333,0.0,0.8288,286.07,14,14,0
0.333,0.25,1,1.316,351.58,373.86,440,0.231,17,0.25,0.0,0.07,0,0.833,26.7,0,1.0,0,0,0,0.0,373.86,462.65,462.65,0,2,0,1,0.27,0.33,0.06,0.25,0.5,0.5948,373.86,17,17,1
0.333,0.4286,0,0.569,192.89,68.68,242,0.827,20,0.4286,0.3333,0.12,0,-0.952,0.0,0,0.0,0,0,0,2.656,0.0,109.84,109.84,0,1,0,0,0.87,0.33,0.2,0.4286,0.0,0.2339,68.68,20,20,1
0.0,0.0,0,0.665,293.37,0.0,103,0.785,7,0.0,0.0,0.12,0,0.0,10.0,0,0.0,0,0,0,0.0,0.0,195.13,195.13,1,2,0,0,0.58,0.0,0.13,0.0,0.0,0.3326,0.0,7,7,1
1.0,0.2308,3,0.97,312.48,299.97,33,8.077,21,0.2308,0.25,0.05,1,7.692,100.0,0,1.0,0,0,0,0.2,899.9,303.1,303.1,0,11,1,3,11.82,1.0,2.73,0.2308,0.2727,0.2961,299.97,21,21,1
0.667,0.5714,0,0.343,241.93,290.97,337,0.655,29,0.5714,0.5,0.03,0,0.952,29.0,0,0.5,0,0,0,1.592,0.0,83.06,83.06,0,1,0,0,0.62,0.67,0.14,0.5714,0.0,0.7363,290.97,29,29,1
0.333,0.0833,0,0.547,270.12,107.5,620,0.568,4,0.0833,0.0,0.12,0,2.5,60.0,0,0.0,1,0,0,4.027,0.0,147.69,147.69,2,2,0,0,0.58,0.33,0.13,0.0833,0.0,0.0787,107.5,4,4,0
1.0,0.6,0,0.937,350.75,369.19,205,0.636,12,0.6,0.5,0.12,0,4.0,90.0,0,1.0,0,0,0,0.0,0.0,328.79,328.79,0,1,0,0,0.73,1.0,0.17,0.6,0.0,0.819,369.19,12,12,1
0.0,0.2857,0,2.158,197.63,311.17,387,0.763,2,0.2857,0.0,0.12,1,-2.857,0.0,0,1.0,0,0,0,1.339,0.0,426.56,426.56,1,2,0,0,0.54,0.0,0.13,0.2857,0.0,0.7582,311.17,2,2,1
0.0,0.0,0,1.0,106.81,0.0,33,1.044,14,0.0,0.0,0.1,0,0.0,10.0,0,0.0,0,0,0,0.955,0.0,106.81,106.81,0,1,0,0,0.91,0.0,0.21,0.0,0.0,1.0,0.0,14,14,1
0.667,0.6,1,1.256,154.63,120.14,200,0.521,3,0.6,0.5,0.2,0,0.667,23.3,0,0.0,0,0,0,0.0,40.07,194.17,194.17,1,1,0,1,0.75,0.67,0.17,0.6,1.0,0.7173,120.14,3,3,1
0.0,0.0,0,0.833,391.36,0.0,34,1.304,8,0.0,0.0,0.12,1,0.0,10.0,0,0.0,0,0,0,0.733,0.0,325.91,325.91,0,2,0,0,1.76,0.0,0.41,0.0,0.0,0.4164,0.0,8,8,1
0.667,0.5,0,1.863,260.48,290.63,677,0.532,19,0.5,0.5,0.2,0,1.667,43.3,0,0.667,0,0,0,1.961,0.0,485.25,485.25,0,1,0,0,0.53,0.67,0.12,0.5,0.0,0.7131,290.63,19,19,1
0.333,0.1818,0,1.291,328.17,416.01,127,2.459,28,0.1818,0.0,0.08,1,1.515,40.3,0,1.0,0,0,0,0.0,0.0,423.73,423.73,2,4,0,0,2.6,0.33,0.6,0.1818,0.0,0.3479,416.01,28,28,1
0.333,0.6,0,0.896,326.17,321.34,557,0.259,30,0.6,0.5,0.07,0,-2.667,0.0,0,1.0,0,0,0,0.0,0.0,292.2,292.2,0,1,0,0,0.27,0.33,0.06,0.6,0.0,0.7703,321.34,30,30,1
0.0,0.3333,0,1.135,295.51,367.94,252,0.428,29,0.3333,0.0,0.08,1,-3.333,0.0,0,1.0,1,0,0,2.45,0.0,335.34,335.34,0,1,0,0,0.71,0.0,0.16,0.3333,0.0,0.6042,367.94,29,29,1
0.667,0.3333,1,2.648,171.98,143.4,43,2.553,6,0.3333,0.5,0.1,1,3.333,76.7,0,0.5,0,0,0,1.233,265.48,455.35,455.35,1,2,0,1,4.19,0.67,0.97,0.3333,0.5,0.7192,143.4,6,6,1
0.0,0.0,0,1.448,186.43,0.0,52,0.61,16,0.0,0.0,0.12,0,0.0,10.0,0,0.0,0,0,0,0.0,0.0,269.87,269.87,0,1,0,0,1.15,0.0,0.27,0.0,0.0,0.7238,0.0,16,16,0
0.667,0.1429,0,0.196,263.59,221.49,123,3.415,2,0.1429,0.0,0.07,0,5.238,100.0,0,0.5,0,0,0,0.845,0.0,51.66,51.66,3,3,0,0,3.41,0.67,0.79,0.1429,0.0,0.134,221.49,2,2,0
0.667,0.3333,1,0.921,251.79,300.18,442,0.571,6,0.3333,0.3333,0.1,1,3.333,76.7,0,0.667,0,0,0,1.833,101.19,231.8,231.8,2,4,1,1,0.61,0.67,0.14,0.3333,0.25,0.4997,300.18,6,6,1
0.333,0.25,0,1.914,175.88,68.32,119,0.593,4,0.25,0.0,0.03,1,0.833,26.7,0,0.0,0,0,0,1.738,0.0,336.56,336.56,1,1,0,0,1.01,0.33,0.23,0.25,0.0,0.5755,68.32,4,4,1
0.0,0.6667,0,1.375,326.07,264.93,513,0.156,12,0.6667,0.0,0.07,0,-6.667,0.0,0,0.5,0,0,0,0.0,0.0,448.36,448.36,0,1,0,0,0.18,0.0,0.04,0.6667,0.0,1.0,264.93,12,12,1
0.0,0.0,0,0.391,284.82,0.0,165,1.075,10,0.0,0.0,0.07,0,0.0,10.0,0,0.0,0,0,0,0.924,0.0,111.26,111.26,1,3,0,0,0.73,0.0,0.17,0.0,0.0,0.0977,0.0,10,10,0
0.0,0.0,0,0.867,346.71,0.0,221,0.206,4,0.0,0.0,0.2,0,0.0,10.0,0,0.0,0,0,0,0.0,0.0,300.73,300.73,1,2,0,0,0.27,0.0,0.06,0.0,0.0,0.4337,0.0,4,4,0
0.0,0.0,0,1.121,152.38,0.0,424,0.57,5,0.0,0.0,0.08,0,0.0,10.0,0,0.0,0,0,0,1.817,0.0,170.84,170.84,1,1,0,0,0.5,0.0,0.11,0.0,0.0,0.1602,0.0,5,5,0
0.333,0.4,1,0.712,376.94,355.64,216,0.359,11,0.4,0.5,0.12,1,-0.667,0.0,0,1.0,0,0,0,3.013,279.62,268.38,268.38,1,2,1,1,0.69,0.33,0.16,0.4,0.5,0.5198,355.64,11,11,1
0.0,0.0,0,0.666,233.08,0.0,214,0.365,23,0.0,0.0,0.12,0,0.0,10.0,0,0.0,0,0,0,0.0,0.0,155.12,155.12,0,1,0,0,0.42,0.0,0.1,0.0,0.0,0.2218,0.0,23,23,0
0.0,0.5714,0,0.957,188.42,225.95,599,0.313,30,0.5714,0.5,0.2,0,-5.714,0.0,0,0.5,0,0,0,0.0,0.0,180.3,180.3,0,1,0,0,0.35,0.0,0.08,0.5714,0.0,0.8219,225.95,30,30,1
0.0,0.0,0,1.755,168.48,0.0,141,3.191,23,0.0,0.0,0.05,0,0.0,10.0,0,0.0,0,0,0,1.345,0.0,295.74,295.74,2,4,0,0,3.19,0.0,0.74,0.0,0.0,0.117,0.0,23,23,0
0.333,0.3333,0,1.166,267.64,350.84,308,0.455,27,0.3333,0.0,0.1,0,0.0,10.0,0,1.0,0,0,0,0.0,0.0,312.03,312.03,0,1,0,0,0.58,0.33,0.13,0.3333,0.0,0.6313,350.84,27,27,1
0.0,0.0,0,1.0,376.98,0.0,37,0.432,30,0.0,0.0,0.2,1,0.0,10.0,0,0.0,0,0,0,0.0,0.0,376.98,376.98,0,1,0,0,0.81,0.0,0.19,0.0,0.0,1.0,0.0,30,30,1
0.0,0.0,0,1.126,315.11,0.0,35,10.227,19,0.0,0.0,0.2,0,0.0,10.0,0,0.0,0,0,0,0.933,0.0,354.77,354.77,4,11,0,0,11.14,0.0,2.57,0.0,0.0,0.0866,0.0,19,19,0
0.333,0.5,0,1.494,223.34,205.5,611,0.526,6,0.5,0.3333,0.03,0,-1.667,0.0,0,0.5,0,0,0,0.0,0.0,333.6,333.6,1,1,0,0,0.59,0.33,0.14,0.5,0.0,0.5845,205.5,6,6,1
0.0,0.0,0,0.731,324.98,0.0,541,0.108,9,0.0,0.0,0.07,0,0.0,10.0,0,0.0,0,0,0,13.433,0.0,237.55,237.55,0,1,0,0,0.11,0.0,0.03,0.0,0.0,0.3655,0.0,9,9,1
0.0,0.0,0,1.759,169.42,0.0,57,2.179,3,0.0,0.0,0.2,0,0.0,10.0,0,0.0,1,0,0,1.49,0.0,297.98,297.98,1,2,0,0,1.05,0.0,0.24,0.0,0.0,0.8794,0.0,3,3,0
0.0,0.5,0,0.614,194.28,294.6,414,0.376,18,0.5,0.5,0.2,0,-5.0,0.0,0,0.5,0,0,0,0.0,0.0,119.38,119.38,0,2,0,0,0.29,0.0,0.07,0.5,0.0,0.9118,294.6,18,18,1
1.0,0.5714,2,0.584,194.24,135.53,394,0.485,13,0.5714,0.0,0.08,0,4.286,95.7,0,0.25,0,0,0,0.0,229.64,113.43,113.43,0,2,0,2,0.53,1.0,0.12,0.5714,1.0,0.4821,135.53,13,13,1
0.0,0.0,0,0.966,304.58,0.0,295,0.688,27,0.0,0.0,0.07,0,0.0,10.0,0,0.0,0,0,0,0.0,0.0,294.09,294.09,0,1,0,0,1.12,0.0,0.26,0.0,0.0,0.0878,0.0,27,27,0
0.0,0.3333,0,0.52,258.4,295.67,503,0.498,7,0.3333,0.6667,0.2,0,-3.333,0.0,0,0.667,0,0,0,0.0,0.0,134.37,134.37,1,1,0,0,0.54,0.0,0.12,0.3333,0.0,0.4392,295.67,7,7,1
0.0,0.0,0,1.091,105.32,0.0,11,6.0,1,0.0,0.0,0.07,1,0.0,10.0,0,0.0,0,0,1,1.0,0.0,114.89,114.89,2,2,0,0,5.45,0.0,1.26,0.0,0.0,0.5454,0.0,1,1,1
0.0,0.0,0,0.974,260.73,0.0,397,0.61,24,0.0,0.0,0.2,0,0.0,10.0,0,0.0,1,0,0,1.687,0.0,254.07,254.07,0,1,0,0,0.53,0.0,0.12,0.0,0.0,0.1392,0.0,24,24,0
0.0,0.0,0,1.033,348.17,0.0,52,0.721,4,0.0,0.0,0.07,0,0.0,10.0,0,0.0,0,0,0,0.0,0.0,359.78,359.78,1,1,0,0,1.73,0.0,0.4,0.0,0.0,0.3444,0.0,4,4,0
0.333,0.6667,0,1.225,242.89,215.62,144,0.738,15,0.6667,0.0,0.08,1,-3.333,0.0,0,0.5,0,0,0,2.974,0.0,297.44,297.44,0,1,0,0,0.62,0.33,0.14,0.6667,0.0,1.0,215.62,15,15,1
0.667,0.6667,1,0.899,288.24,302.8,113,0.825,25,0.6667,0.0,0.2,0,0.0,10.0,0,1.0,0,0,0,1.228,342.36,259.11,259.11,0,1,0,1,0.8,0.67,0.18,0.6667,1.0,1.0,302.8,25,25,1
0.0,0.0,0,1.0,45.64,0.0,30,1.007,17,0.0,0.0,0.07,1,0.0,10.0,0,0.0,0,0,0,2.138,0.0,45.64,45.64,0,1,0,0,1.0,0.0,0.23,0.0,0.0,1.0,0.0,17,17,1
0.333,0.1429,1,0.656,232.25,427.69,67,2.391,13,0.1429,0.0,0.2,0,1.905,48.1,0,1.0,0,0,0,0.36,427.69,152.43,152.43,1,5,1,1,3.13,0.33,0.72,0.1429,0.2,0.3568,427.69,13,13,0
1.0,0.4286,2,0.767,241.86,131.58,71,4.327,19,0.4286,0.5,0.2,0,5.714,100.0,0,0.333,0,0,0,2.158,325.94,185.48,185.48,1,4,0,2,2.96,1.0,0.68,0.4286,0.5,0.3427,131.58,19,19,1
0.0,0.0,0,1.0,435.38,0.0,452,0.119,19,0.0,0.0,0.12,0,0.0,10.0,0,0.0,1,0,0,0.0,0.0,435.38,435.38,0,1,0,0,0.07,0.0,0.02,0.0,0.0,1.0,0.0,19,19,0
0.0,0.0,0,1.59,217.8,0.0,160,1.301,21,0.0,0.0,0.1,0,0.0,10.0,0,0.0,0,0,0,1.621,0.0,346.24,346.24,1,4,0,0,0.94,0.0,0.22,0.0,0.0,0.3179,0.0,21,21,1
1.0,0.6667,1,1.443,269.41,220.03,143,1.329,21,0.6667,0.0,0.08,1,3.333,76.7,0,0.333,0,0,0,0.0,489.78,388.77,388.77,0,3,0,1,1.89,1.0,0.44,0.6667,0.3333,0.7048,220.03,21,21,1
0.0,0.0,0,0.949,280.34,0.0,184,0.456,5,0.0,0.0,0.12,0,0.0,10.0,0,0.0,0,0,0,0.0,0.0,266.17,266.17,1,1,0,0,0.82,0.0,0.19,0.0,0.0,0.1899,0.0,5,5,0
0.0,0.0,0,0.795,224.6,0.0,13,4.853,2,0.0,0.0,0.08,0,0.0,10.0,0,0.0,0,0,1,0.281,0.0,178.54,178.54,3,3,0,0,6.92,0.0,1.6,0.0,0.0,0.265,0.0,2,2,0
0.333,0.625,1,1.305,300.59,266.03,514,0.445,8,0.625,0.3333,0.12,1,-2.917,0.0,0,0.6,1,0,0,2.424,195.27,392.28,392.28,1,2,1,1,0.47,0.33,0.11,0.625,0.5,0.7163,266.03,8,8,1
0.333,0.3333,0,1.531,296.08,159.17,137,1.125,24,0.3333,0.0,0.07,0,0.0,10.0,0,0.5,0,0,0,0.875,0.0,453.31,453.31,0,1,0,0,1.31,0.33,0.3,0.3333,0.0,0.4344,159.17,24,24,0
0.0,0.0,0,0.403,311.04,0.0,389,0.628,13,0.0,0.0,0.2,0,0.0,10.0,0,0.0,0,0,0,0.0,0.0,125.49,125.49,0,1,0,0,0.85,0.0,0.2,0.0,0.0,0.0367,0.0,13,13,0
0.0,0.2857,0,0.141,160.69,261.44,465,0.393,3,0.2857,0.25,0.2,0,-2.857,0.0,0,0.5,0,0,0,0.0,0.0,22.58,22.58,1,1,0,0,0.45,0.0,0.1,0.2857,0.0,0.4849,261.44,3,3,1
0.0,0.2222,0,0.244,239.02,121.17,285,1.044,4,0.2222,0.0,0.03,0,-2.222,0.0,0,0.0,0,0,0,0.955,0.0,58.23,58.23,1,3,0,0,0.95,0.0,0.22,0.2222,0.0,0.1397,121.17,4,4,1
0.0,0.0,0,1.0,132.28,0.0,109,0.285,2,0.0,0.0,0.12,0,0.0,10.0,0,0.0,0,0,0,0.0,0.0,132.28,132.28,1,1,0,0,0.28,0.0,0.06,0.0,0.0,1.0,0.0,2,2,1
0.0,0.0,0,0.64,208.1,0.0,325,0.647,15,0.0,0.0,0.1,0,0.0,10.0,0,0.0,0,0,0,1.6,0.0,133.27,133.27,2,4,0,0,0.92,0.0,0.21,0.0,0.0,0.064,0.0,15,15,0
0.0,0.0,0,0.595,281.23,0.0,314,0.659,23,0.0,0.0,0.2,0,0.0,10.0,0,0.0,0,0,0,3.372,0.0,167.23,167.23,0,1,0,0,0.48,0.0,0.11,0.0,0.0,0.1189,0.0,23,23,0
1.0,0.4,2,0.951,218.3,269.47,124,1.494,17,0.4,0.0,0.2,1,6.0,100.0,0,0.75,0,0,0,0.0,459.48,207.64,207.64,0,3,0,2,2.42,1.0,0.56,0.4,0.6667,0.5889,269.47,17,17,1
0.0,0.0,0,0.442,312.87,0.0,22,10.909,1,0.0,0.0,0.03,0,0.0,10.0,0,0.0,0,0,1,1.0,0.0,138.2,138.2,3,8,0,0,10.91,0.0,2.52,0.0,0.0,0.0552,0.0,1,1,0
0.0,0.0,0,1.476,182.82,0.0,205,0.926,24,0.0,0.0,0.12,0,0.0,10.0,0,0.0,0,0,0,0.0,0.0,269.77,269.77,0,2,0,0,1.32,0.0,0.3,0.0,0.0,0.164,0.0,24,24,0
0.0,0.0,0,1.248,256.21,0.0,11,27.273,5,0.0,0.0,0.1,0,0.0,10.0,0,0.0,1,0,1,1.0,0.0,319.67,319.67,4,10,0,0,27.27,0.0,6.3,0.0,0.0,0.1248,0.0,5,5,0
0.667,0.5,0,0.81,326.26,259.71,447,0.556,12,0.5,0.0,0.2,0,1.667,43.3,0,0.667,0,0,0,1.873,0.0,264.29,264.29,0,1,0,0,0.4,0.67,0.09,0.5,0.0,0.533,259.71,12,12,1
0.0,0.0,0,0.357,312.93,0.0,483,0.693,22,0.0,0.0,0.12,0,0.0,10.0,0,0.0,0,0,0,0.0,0.0,111.86,111.86,1,3,0,0,0.81,0.0,0.19,0.0,0.0,0.0275,0.0,22,22,0
0.333,0.2,1,1.595,276.43,265.69,29,2.598,27,0.2,0.0,0.1,1,1.333,36.7,0,1.0,0,0,1,1.212,265.69,441.03,441.03,0,5,0,1,5.17,0.33,1.19,0.2,0.2,0.5113,265.69,27,27,1
0.0,0.2857,0,1.403,260.08,80.78,374,0.758,9,0.2857,0.0,0.1,1,-2.857,0.0,0,0.0,0,0,0,0.0,0.0,364.83,364.83,1,2,0,0,0.56,0.0,0.13,0.2857,0.0,0.2891,80.78,9,9,1
0.0,0.0,0,0.359,301.65,0.0,250,0.484,22,0.0,0.0,0.08,0,0.0,10.0,0,0.0,0,0,0,0.0,0.0,108.34,108.34,0,2,0,0,0.6,0.0,0.14,0.0,0.0,0.0718,0.0,22,22,0
0.333,0.1111,0,1.366,292.12,70.86,52,4.375,13,0.1111,0.0,0.03,0,2.222,54.4,0,0.0,0,0,0,0.88,0.0,399.13,399.13,1,3,0,0,5.19,0.33,1.2,0.1111,0.0,0.1788,70.86,13,13,0
0.0,0.4545,0,1.343,242.54,107.07,410,0.827,26,0.4545,0.3333,0.08,0,-4.545,0.0,0,0.2,0,0,0,2.656,0.0,325.72,325.72,0,1,0,0,0.8,0.0,0.19,0.4545,0.0,0.3228,107.07,26,26,1
0.667,0.4,1,0.512,267.59,385.52,289,1.078,27,0.4,0.0,0.08,0,2.667,63.3,0,1.0,0,0,0,2.044,264.96,137.1,137.1,0,2,1,1,1.04,0.67,0.24,0.4,0.5,0.6275,385.52,27,27,1
0.0,0.0,0,0.284,256.36,0.0,408,0.442,26,0.0,0.0,0.2,0,0.0,10.0,0,0.0,0,0,0,0.0,0.0,72.88,72.88,0,1,0,0,0.59,0.0,0.14,0.0,0.0,0.0355,0.0,26,26,0
0.0,0.6667,0,0.735,331.19,375.04,294,0.274,9,0.6667,0.0,0.12,0,-6.667,0.0,0,1.0,0,0,0,0.0,0.0,243.49,243.49,0,1,0,0,0.31,0.0,0.07,0.6667,0.0,1.0,375.04,9,9,1
0.0,0.0,0,1.172,362.38,0.0,72,1.044,19,0.0,0.0,0.03,1,0.0,10.0,0,0.0,0,0,0,0.0,0.0,424.64,424.64,0,2,0,0,1.25,0.0,0.29,0.0,0.0,0.3906,0.0,19,19,1
0.667,0.1818,2,0.831,285.57,302.1,28,11.786,2,0.1818,0.0,0.2,0,4.848,100.0,0,1.0,0,0,1,1.0,604.19,237.33,237.33,1,11,1,2,11.79,0.67,2.72,0.1818,0.1818,0.2679,302.1,2,2,1
0.333,0.25,1,1.093,358.71,138.23,135,0.307,11,0.25,0.0,0.2,1,0.833,26.7,0,0.0,0,0,0,0.0,138.23,392.1,392.1,0,1,0,1,0.89,0.33,0.21,0.25,1.0,0.3696,138.23,11,11,1
0.0,0.3333,0,0.078,265.14,350.96,508,0.531,21,0.3333,0.3333,0.2,0,-3.333,0.0,0,1.0,1,0,0,1.992,0.0,20.73,20.73,0,1,0,0,0.53,0.0,0.12,0.3333,0.0,0.4499,350.96,21,21,1
0.0,0.1429,0,1.226,228.82,215.31,249,0.765,28,0.1429,0.0,0.12,0,-1.429,0.0,0,1.0,1,0,0,4.8,0.0,280.43,280.43,1,3,0,0,0.84,0.0,0.19,0.1429,0.0,0.3095,215.31,28,28,0
1.0,0.3333,3,1.526,282.1,261.23,38,6.164,10,0.3333,0.5,0.05,1,6.667,100.0,1,0.667,0,0,0,0.956,783.68,430.5,430.5,1,7,2,3,7.11,1.0,1.64,0.3333,0.4286,0.4782,261.23,10,10,1
0.333,0.3846,1,1.278,271.98,237.25,788,0.495,6,0.3846,0.5,0.03,0,-0.513,0.0,0,0.4,0,0,0,2.106,369.08,347.62,347.62,1,1,0,1,0.49,0.33,0.11,0.3846,1.0,0.4338,237.25,6,6,1
0.0,0.25,0,1.335,172.16,85.54,120,0.829,12,0.25,0.0,0.2,0,-2.5,0.0,0,0.0,0,0,0,1.247,0.0,229.9,229.9,0,2,0,0,1.0,0.0,0.23,0.25,0.0,0.4581,85.54,12,12,1
0.333,0.5,1,0.853,358.6,411.42,180,0.111,26,0.5,0.0,0.05,0,-1.667,0.0,0,1.0,0,0,0,0.0,411.42,305.78,305.78,0,1,0,1,0.33,0.33,0.08,0.5,1.0,1.0,411.42,26,26,1
0.333,0.2857,0,0.854,350.6,403.95,690,0.347,10,0.2857,0.6667,0.2,0,0.476,19.5,0,1.0,0,0,0,6.822,0.0,299.39,299.39,0,1,0,0,0.3,0.33,0.07,0.2857,0.0,0.4512,403.95,10,10,1
0.0,0.75,0,1.528,202.43,166.82,347,0.299,20,0.75,0.0,0.05,0,-7.5,0.0,0,0.667,0,0,0,0.0,0.0,309.26,309.26,0,1,0,0,0.35,0.0,0.08,0.75,0.0,1.0,166.82,20,20,1
0.333,0.5,1,0.965,452.66,468.3,118,0.948,11,0.5,0.5,0.2,1,-1.667,0.0,0,1.0,0,0,0,1.06,468.3,437.01,437.01,0,2,1,1,0.51,0.33,0.12,0.5,0.5,1.0,468.3,11,11,1
0.0,0.25,0,0.504,403.76,497.49,384,0.556,23,0.25,0.0,0.03,0,-2.5,0.0,0,1.0,0,0,0,1.873,0.0,203.45,203.45,0,2,0,0,0.31,0.0,0.07,0.25,0.0,0.434,497.49,23,23,1
0.667,0.2857,2,0.845,281.83,307.36,25,6.429,15,0.2857,0.0,0.1,0,3.81,86.2,1,1.0,0,0,1,0.32,614.72,238.26,238.26,1,7,2,2,8.4,0.67,1.94,0.2857,0.2857,0.4324,307.36,15,15,1
0.0,0.2,0,0.799,240.47,52.01,292,0.499,24,0.2,0.0,0.07,0,-2.0,0.0,0,0.0,1,0,0,4.674,0.0,192.14,192.14,0,1,0,0,0.51,0.0,0.12,0.2,0.0,0.2031,52.01,24,24,1
0.0,0.0,0,0.619,268.72,0.0,17,13.929,6,0.0,0.0,0.08,0,0.0,10.0,0,0.0,0,0,1,1.0,0.0,166.21,166.21,5,11,0,0,19.41,0.0,4.48,0.0,0.0,0.0562,0.0,6,6,0
0.333,0.3333,1,0.955,318.44,354.82,346,0.507,16,0.3333,0.5,0.07,1,0.0,10.0,0,1.0,0,0,0,0.0,318.9,304.04,304.04,1,2,0,1,0.52,0.33,0.12,0.3333,0.5,0.5305,354.82,16,16,1
0.0,0.0,0,0.25,252.86,0.0,29,3.934,27,0.0,0.0,0.03,0,0.0,10.0,0,0.0,1,0,1,0.344,0.0,63.1,63.1,0,6,0,0,6.21,0.0,1.43,0.0,0.0,0.0416,0.0,27,27,1
0.333,0.0833,0,0.999,261.82,39.25,185,1.765,22,0.0833,0.25,0.07,0,2.5,60.0,0,0.0,0,0,0,1.154,0.0,261.66,261.66,0,5,0,0,1.95,0.33,0.45,0.0833,0.0,0.0958,39.25,22,22,0
0.0,0.1667,0,1.254,316.22,323.6,634,0.327,22,0.1667,0.0,0.03,1,-1.667,0.0,0,1.0,0,0,0,0.0,0.0,396.64,396.64,0,1,0,0,0.28,0.0,0.07,0.1667,0.0,0.3796,323.6,22,22,1
0.0,0.125,0,1.21,198.4,197.7,372,0.532,27,0.125,0.0,0.05,0,-1.25,0.0,0,0.0,1,0,0,1.961,0.0,239.98,239.98,1,2,0,0,0.65,0.0,0.15,0.125,0.0,0.2758,197.7,27,27,1
0.333,0.3333,0,1.062,343.52,184.25,84,1.023,12,0.3333,0.5,0.2,0,0.0,10.0,0,0.0,0,0,0,0.967,0.0,364.7,364.7,0,1,0,0,1.07,0.33,0.25,0.3333,0.0,0.5327,184.25,12,12,0
1.0,0.4286,3,0.661,303.51,380.56,73,3.98,27,0.4286,0.0,0.07,1,5.714,100.0,1,1.0,0,1,0,1.943,1141.68,200.62,200.62,0,3,2,3,2.88,1.0,0.66,0.4286,1.0,0.6318,380.56,27,27,1
0.333,0.5,0,0.883,193.89,201.38,313,0.52,27,0.5,0.0,0.07,1,-1.667,0.0,0,0.333,0,0,0,0.0,0.0,171.11,171.11,0,1,0,0,0.58,0.33,0.13,0.5,0.0,0.6664,201.38,27,27,1
0.333,0.2,1,1.289,179.29,119.66,93,0.72,9,0.2,0.0,0.08,0,1.333,36.7,0,0.0,0,0,0,0.0,119.66,231.03,231.03,1,3,0,1,1.61,0.33,0.37,0.2,0.3333,0.3912,119.66,9,9,1
0.333,0.3333,0,1.527,288.41,50.86,162,0.249,17,0.3333,0.0,0.2,0,0.0,10.0,0,0.0,0,0,0,0.0,0.0,440.47,440.47,1,2,0,0,0.56,0.33,0.13,0.3333,0.0,0.5679,50.86,17,17,0
0.0,0.0,0,1.137,272.85,0.0,130,1.079,29,0.0,0.0,0.1,0,0.0,10.0,0,0.0,0,0,0,2.422,0.0,310.18,310.18,0,4,0,0,1.15,0.0,0.27,0.0,0.0,0.2274,0.0,29,29,0
0.0,0.1667,0,1.196,351.93,471.85,536,0.338,13,0.1667,0.0,0.07,0,-1.667,0.0,0,1.0,0,0,0,0.0,0.0,420.86,420.86,0,2,0,0,0.34,0.0,0.08,0.1667,0.0,0.4228,471.85,13,13,0
0.333,0.0909,1,1.56,298.72,330.97,32,9.706,13,0.0909,0.0,0.05,0,2.424,58.5,0,1.0,1,0,0,1.333,330.97,466.11,466.11,2,11,0,1,10.31,0.33,2.38,0.0909,0.0909,0.2426,330.97,13,13,0
0.0,0.0,0,1.395,301.9,0.0,210,0.58,28,0.0,0.0,0.05,0,0.0,10.0,0,0.0,0,0,0,0.0,0.0,421.14,421.14,1,2,0,0,0.71,0.0,0.16,0.0,0.0,0.279,0.0,28,28,0
0.0,0.0,0,0.796,266.78,0.0,153,0.323,22,0.0,0.0,0.05,0,0.0,10.0,0,0.0,0,0,0,3.333,0.0,212.39,212.39,0,1,0,0,0.59,0.0,0.14,0.0,0.0,0.2654,0.0,22,22,1
0.0,0.25,0,1.591,175.81,45.14,307,0.165,29,0.25,0.0,0.05,1,-2.5,0.0,0,0.0,0,0,0,0.0,0.0,279.72,279.72,1,2,0,0,0.39,0.0,0.09,0.25,0.0,0.462,45.14,29,29,1
0.333,0.1667,1,1.491,252.86,63.1,37,3.934,25,0.1667,0.0,0.08,0,1.667,43.3,0,0.0,0,0,0,0.344,63.1,377.13,377.13,0,4,0,1,4.86,0.33,1.12,0.1667,0.25,0.2902,63.1,25,25,1
0.333,0.6667,0,0.291,287.75,320.95,581,0.246,24,0.6667,0.0,0.05,1,-3.333,0.0,0,0.75,0,0,0,0.0,0.0,83.65,83.65,0,1,0,0,0.31,0.33,0.07,0.6667,0.0,0.792,320.95,24,24,1
0.0,0.0,0,0.877,284.65,0.0,58,4.839,19,0.0,0.0,0.1,1,0.0,10.0,0,0.0,1,0,0,0.764,0.0,249.71,249.71,1,6,0,0,4.66,0.0,1.08,0.0,0.0,0.0975,0.0,19,19,1
0.0,0.0,0,1.0,321.17,0.0,96,0.397,1,0.0,0.0,0.2,0,0.0,10.0,0,0.0,0,0,0,0.0,0.0,321.17,321.17,1,1,0,0,0.31,0.0,0.07,0.0,0.0,1.0,0.0,1,1,0
0.0,0.0,0,0.61,170.16,0.0,99,0.612,15,0.0,0.0,0.12,0,0.0,10.0,0,0.0,0,0,0,0.0,0.0,103.76,103.76,0,1,0,0,0.91,0.0,0.21,0.0,0.0,0.2033,0.0,15,15,0
0.333,0.1667,1,2.808,176.8,139.45,503,0.716,15,0.1667,0.0,0.12,0,1.667,43.3,0,0.5,0,0,0,3.153,72.18,496.5,496.5,0,2,1,1,0.72,0.33,0.17,0.1667,0.5,0.3655,139.45,15,15,0
0.667,0.3333,1,1.354,300.22,362.66,110,1.603,27,0.3333,0.0,0.2,1,3.333,76.7,0,1.0,0,0,0,0.0,493.36,406.6,406.6,1,4,1,1,1.64,0.67,0.38,0.3333,0.25,0.6284,362.66,27,27,1
0.667,0.5,1,0.107,210.44,289.35,176,0.282,12,0.5,0.5,0.1,1,1.667,43.3,0,0.5,0,0,0,0.0,410.75,22.56,22.56,0,2,1,1,0.68,0.67,0.16,0.5,0.5,0.7143,289.35,12,12,1
1.0,0.4545,1,1.204,300.81,296.46,199,1.658,5,0.4545,0.0,0.1,0,5.455,100.0,0,0.6,0,0,0,1.252,320.86,362.23,362.23,1,2,0,1,1.66,1.0,0.38,0.4545,0.5,0.5574,296.46,5,5,1
0.0,0.5,0,0.146,263.59,296.25,399,0.636,8,0.5,0.0,0.03,0,-5.0,0.0,0,0.8,0,0,0,0.0,0.0,38.39,38.39,0,2,0,0,0.75,0.0,0.17,0.5,0.0,0.5765,296.25,8,8,1
0.0,0.0,0,0.992,334.42,0.0,231,0.498,10,0.0,0.0,0.1,0,0.0,10.0,0,0.0,0,0,0,0.0,0.0,331.6,331.6,0,1,0,0,0.26,0.0,0.06,0.0,0.0,0.4958,0.0,10,10,1
0.0,0.0,0,1.546,287.95,0.0,114,1.78,13,0.0,0.0,0.12,0,0.0,10.0,0,0.0,0,0,0,0.528,0.0,445.23,445.23,0,3,0,0,1.84,0.0,0.43,0.0,0.0,0.2209,0.0,13,13,0
0.333,0.4545,0,0.798,207.92,190.81,500,0.498,10,0.4545,0.6667,0.1,0,-1.212,0.0,0,0.4,0,0,0,0.0,0.0,165.85,165.85,0,1,0,0,0.66,0.33,0.15,0.4545,0.0,0.4897,190.81,10,10,1
0.0,0.0,0,0.377,264.93,0.0,165,0.607,7,0.0,0.0,0.1,0,0.0,10.0,0,0.0,0,0,0,0.0,0.0,99.77,99.77,1,2,0,0,0.91,0.0,0.21,0.0,0.0,0.0753,0.0,7,7,1
0.0,0.0,0,1.008,205.18,0.0,90,0.493,16,0.0,0.0,0.12,0,0.0,10.0,0,0.0,0,0,0,4.825,0.0,206.75,206.75,0,2,0,0,0.67,0.0,0.15,0.0,0.0,0.5038,0.0,16,16,1
0.0,0.1538,0,0.605,262.39,224.42,933,0.39,17,0.1538,0.0,0.12,0,-1.538,0.0,0,0.5,0,0,0,0.0,0.0,158.82,158.82,0,1,0,0,0.42,0.0,0.1,0.1538,0.0,0.1781,224.42,17,17,0
0.0,0.0,0,0.798,152.4,0.0,180,0.382,16,0.0,0.0,0.08,0,0.0,10.0,0,0.0,0,0,0,2.767,0.0,121.68,121.68,0,1,0,0,0.33,0.0,0.08,0.0,0.0,0.3992,0.0,16,16,0
0.333,0.3846,0,0.916,179.72,134.59,889,0.465,5,0.3846,0.3333,0.2,0,-0.513,0.0,0,0.2,0,0,0,2.231,0.0,164.62,164.62,1,1,0,0,0.44,0.33,0.1,0.3846,0.0,0.3585,134.59,5,5,1
0.0,0.1667,0,0.959,227.42,388.88,351,0.408,30,0.1667,0.5,0.2,0,-1.667,0.0,0,1.0,0,0,0,0.0,0.0,218.2,218.2,0,2,0,0,0.51,0.0,0.12,0.1667,0.0,0.4449,388.88,30,30,0
0.333,0.25,1,0.872,110.2,85.41,194,0.688,15,0.25,0.0,0.05,0,0.833,26.7,0,0.0,0,0,0,3.333,85.41,96.11,96.11,0,2,0,1,0.62,0.33,0.14,0.25,0.5,0.4118,85.41,15,15,0
0.0,0.2,0,0.896,238.48,369.36,241,0.729,29,0.2,0.0,0.12,0,-2.0,0.0,0,1.0,0,0,0,0.0,0.0,213.63,213.63,0,1,0,0,0.62,0.0,0.14,0.2,0.0,0.4889,369.36,29,29,0
0.333,0.3636,1,2.169,200.54,135.59,617,0.463,22,0.3636,0.6667,0.2,1,-0.303,3.9,0,0.25,0,0,0,0.0,31.36,435.01,435.01,1,2,0,1,0.53,0.33,0.12,0.3636,0.5,0.4431,135.59,22,22,1
0.0,0.0,0,1.314,278.7,0.0,565,0.195,16,0.0,0.0,0.12,0,0.0,10.0,0,0.0,0,0,0,0.0,0.0,366.08,366.08,1,2,0,0,0.21,0.0,0.05,0.0,0.0,0.3284,0.0,16,16,0
0.0,0.25,0,0.721,164.89,69.0,380,0.827,21,0.25,0.0,0.07,0,-2.5,0.0,0,0.0,0,0,0,1.224,0.0,118.88,118.88,1,2,0,0,0.63,0.0,0.15,0.25,0.0,0.1947,69.0,21,21,1
0.0,0.0,0,1.2,132.66,0.0,740,0.31,20,0.0,0.0,0.07,0,0.0,10.0,0,0.0,0,0,0,3.543,0.0,159.23,159.23,0,1,0,0,0.28,0.0,0.07,0.0,0.0,0.1715,0.0,20,20,0
0.0,0.0,0,1.186,190.68,0.0,668,0.386,24,0.0,0.0,0.2,0,0.0,10.0,0,0.0,0,0,0,2.733,0.0,226.12,226.12,0,2,0,0,0.36,0.0,0.08,0.0,0.0,0.1482,0.0,24,24,0
0.0,0.0,0,0.634,216.8,0.0,132,0.455,1,0.0,0.0,0.12,0,0.0,10.0,0,0.0,0,0,0,2.306,0.0,137.5,137.5,1,1,0,0,0.91,0.0,0.21,0.0,0.0,0.1586,0.0,1,1,0
0.667,0.3333,0,0.463,298.95,336.63,269,0.653,17,0.3333,0.0,0.05,0,3.333,76.7,0,1.0,0,0,0,0.0,0.0,138.27,138.27,0,2,0,0,0.67,0.67,0.15,0.3333,0.0,0.4524,336.63,17,17,1
0.0,0.25,0,0.456,304.86,355.61,303,0.4,1,0.25,0.3333,0.12,0,-2.5,0.0,0,1.0,0,0,0,0.0,0.0,139.08,139.08,1,1,0,0,0.4,0.0,0.09,0.25,0.0,0.4057,355.61,1,1,1
0.333,0.1429,1,0.484,318.81,177.9,44,4.412,23,0.1429,0.0,0.12,0,1.905,48.1,0,0.0,0,0,0,0.844,177.9,154.21,154.21,1,5,0,1,4.77,0.33,1.1,0.1429,0.2,0.1488,177.9,23,23,0
0.0,0.0,0,1.082,281.12,0.0,274,0.574,5,0.0,0.0,0.07,0,0.0,10.0,0,0.0,0,0,0,0.0,0.0,304.3,304.3,1,2,0,0,0.55,0.0,0.13,0.0,0.0,0.2165,0.0,5,5,0
0.0,0.0,0,1.719,213.73,0.0,547,0.244,17,0.0,0.0,0.08,0,0.0,10.0,0,0.0,0,0,0,0.0,0.0,367.32,367.32,0,1,0,0,0.22,0.0,0.05,0.0,0.0,0.4297,0.0,17,17,0
0.0,0.0,0,0.242,325.39,0.0,381,0.462,11,0.0,0.0,0.07,0,0.0,10.0,0,0.0,0,0,0,2.25,0.0,78.85,78.85,0,1,0,0,0.24,0.0,0.05,0.0,0.0,0.0808,0.0,11,11,0
0.667,0.4286,1,0.235,307.61,356.39,231,0.984,3,0.4286,0.0,0.07,1,2.381,57.6,0,0.667,0,0,0,1.018,489.19,72.2,72.2,1,1,1,1,0.91,0.67,0.21,0.4286,1.0,0.5301,356.39,3,3,1
0.0,0.5,0,0.677,218.64,308.38,309,0.676,9,0.5,0.5,0.05,1,-5.0,0.0,0,0.75,0,0,0,5.725,0.0,147.98,147.98,0,1,0,0,0.78,0.0,0.18,0.5,0.0,0.7898,308.38,9,9,1
0.0,0.0769,0,0.711,272.67,80.42,447,0.708,15,0.0769,0.0,0.2,0,-0.769,0.0,0,0.0,0,0,0,0.0,0.0,193.99,193.99,0,2,0,0,0.87,0.0,0.2,0.0769,0.0,0.0774,80.42,15,15,0
0.0,0.2727,0,2.056,199.44,179.99,283,1.007,20,0.2727,0.0,0.05,1,-2.727,0.0,0,0.333,0,0,0,2.138,0.0,410.06,410.06,1,2,0,0,1.17,0.0,0.27,0.2727,0.0,0.433,179.99,20,20,1
0.0,0.125,0,0.362,245.12,423.14,306,0.589,29,0.125,0.3333,0.2,0,-1.25,0.0,0,1.0,0,0,0,0.0,0.0,88.8,88.8,0,3,0,0,0.78,0.0,0.18,0.125,0.0,0.2611,423.14,29,29,0
0.333,0.3333,0,0.718,218.21,42.54,583,0.148,12,0.3333,0.5,0.1,0,0.0,10.0,0,0.0,0,0,0,0.0,0.0,156.68,156.68,0,1,0,0,0.15,0.33,0.04,0.3333,0.0,0.3043,42.54,12,12,1
1.333,0.3636,3,0.793,285.12,244.94,71,4.648,4,0.3636,0.0,0.12,0,9.697,100.0,0,0.5,1,0,0,1.64,790.05,225.97,225.97,2,6,0,3,4.65,1.33,1.07,0.3636,0.5,0.3845,244.94,4,4,1
0.0,0.0909,0,1.645,228.68,346.3,816,0.36,9,0.0909,0.0,0.12,0,-0.909,0.0,0,1.0,0,0,0,0.0,0.0,376.17,376.17,0,1,0,0,0.4,0.0,0.09,0.0909,0.0,0.2872,346.3,9,9,0
0.0,0.0,0,2.049,222.44,0.0,80,2.25,7,0.0,0.0,0.03,0,0.0,10.0,0,0.0,0,0,0,1.667,0.0,455.76,455.76,2,3,0,0,2.25,0.0,0.52,0.0,0.0,0.3415,0.0,7,7,0
0.667,0.6,1,0.461,215.46,199.33,291,0.521,19,0.6,0.75,0.2,0,0.667,23.3,0,0.167,0,0,0,0.0,171.6,99.34,99.34,1,2,0,1,1.03,0.67,0.24,0.6,0.5,0.6012,199.33,19,19,1
0.0,0.0667,0,1.23,260.23,390.06,437,0.943,4,0.0667,0.0,0.05,0,-0.667,0.0,0,1.0,0,0,0,0.0,0.0,320.02,320.02,1,1,0,0,1.03,0.0,0.24,0.0667,0.0,0.1819,390.06,4,4,0
0.0,0.0,0,1.422,289.05,0.0,294,0.208,2,0.0,0.0,0.08,0,0.0,10.0,0,0.0,0,0,0,0.0,0.0,411.03,411.03,1,1,0,0,0.2,0.0,0.05,0.0,0.0,0.711,0.0,2,2,0
0.333,0.0909,1,1.334,285.57,223.26,28,11.786,16,0.0909,0.0,0.07,0,2.424,58.5,0,1.0,0,0,1,1.0,223.26,380.93,380.93,1,11,0,1,11.79,0.33,2.72,0.0909,0.0909,0.1923,223.26,16,16,1
1.0,0.6,0,1.42,320.85,359.32,345,0.57,13,0.6,0.5,0.1,1,4.0,90.0,0,1.0,0,0,0,1.83,0.0,455.76,455.76,0,1,0,0,0.43,1.0,0.1,0.6,0.0,0.956,359.32,13,13,1
0.0,0.0,0,0.895,341.78,0.0,818,0.1,6,0.0,0.0,0.03,0,0.0,10.0,0,0.0,0,0,0,0.0,0.0,305.74,305.74,1,1,0,0,0.11,0.0,0.03,0.0,0.0,0.2982,0.0,6,6,0
0.0,0.25,0,0.999,183.68,173.54,287,0.366,29,0.25,0.0,0.03,0,-2.5,0.0,0,0.0,0,0,0,0.0,0.0,183.54,183.54,0,3,0,0,0.42,0.0,0.1,0.25,0.0,0.486,173.54,29,29,1
0.667,0.5,1,0.951,370.67,411.87,75,0.436,26,0.5,0.5,0.05,1,1.667,43.3,0,1.0,1,0,0,0.0,376.99,352.65,352.65,0,2,0,1,1.6,0.67,0.37,0.5,0.5,0.7934,411.87,26,26,1
0.0,0.75,0,1.348,326.8,288.92,454,0.264,9,0.75,0.0,0.07,0,-7.5,0.0,0,0.667,0,0,0,4.711,0.0,440.45,440.45,0,1,0,0,0.26,0.0,0.06,0.75,0.0,1.0,288.92,9,9,1
0.0,0.0,0,1.0,371.26,0.0,19,0.49,17,0.0,0.0,0.05,0,0.0,10.0,0,0.0,1,0,1,0.0,0.0,371.26,371.26,0,1,0,0,1.58,0.0,0.36,0.0,0.0,1.0,0.0,17,17,1
0.0,0.0,0,0.891,198.26,0.0,82,0.443,3,0.0,0.0,0.12,0,0.0,10.0,0,0.0,0,0,0,0.0,0.0,176.61,176.61,2,2,0,0,0.73,0.0,0.17,0.0,0.0,0.4454,0.0,3,3,0
0.333,0.4667,1,0.796,306.8,287.71,877,0.483,24,0.4667,0.5,0.05,0,-1.333,0.0,0,0.857,0,0,0,0.0,97.74,244.14,244.14,0,3,0,1,0.51,0.33,0.12,0.4667,0.3333,0.4907,287.71,24,24,1
0.0,0.6667,0,1.126,244.3,228.91,892,0.094,20,0.6667,0.5,0.07,0,-6.667,0.0,0,0.5,0,0,0,0.0,0.0,275.09,275.09,0,1,0,0,0.1,0.0,0.02,0.6667,0.0,1.0,228.91,20,20,1
0.333,0.1429,1,0.144,217.23,159.28,82,2.295,8,0.1429,0.0,0.2,0,1.905,48.1,0,0.0,0,0,0,0.392,159.28,31.22,31.22,0,2,1,1,2.56,0.33,0.59,0.1429,0.5,0.1253,159.28,8,8,0
0.0,0.0,0,1.644,211.52,0.0,27,5.806,22,0.0,0.0,0.05,0,0.0,10.0,0,0.0,1,0,1,0.533,0.0,347.67,347.67,1,6,0,0,6.67,0.0,1.54,0.0,0.0,0.2739,0.0,22,22,0
0.333,0.1111,0,0.808,224.88,218.28,149,2.156,2,0.1111,0.0,0.03,0,2.222,54.4,0,1.0,0,0,0,2.283,0.0,181.8,181.8,1,1,0,0,1.81,0.33,0.42,0.1111,0.0,0.1977,218.28,2,2,0
0.0,0.0,0,1.0,401.42,0.0,36,0.641,28,0.0,0.0,0.2,0,0.0,10.0,0,0.0,0,0,0,4.533,0.0,401.42,401.42,0,1,0,0,0.83,0.0,0.19,0.0,0.0,1.0,0.0,28,28,0
0.0,0.1,0,0.915,324.12,438.99,696,0.4,22,0.1,0.0,0.03,0,-1.0,0.0,0,1.0,0,0,0,0.0,0.0,296.49,296.49,0,1,0,0,0.43,0.0,0.1,0.1,0.0,0.2269,438.99,22,22,0
0.667,0.1667,1,1.823,270.12,127.6,634,0.568,14,0.1667,0.0,0.2,0,5.0,100.0,0,0.0,0,0,0,4.027,147.69,492.36,492.36,0,2,0,1,0.57,0.67,0.13,0.1667,0.5,0.2306,127.6,14,14,0
1.333,0.2667,4,0.762,270.63,338.45,47,9.574,10,0.2667,0.0,0.07,0,10.667,100.0,0,1.0,0,1,0,1.133,1353.81,206.12,206.12,2,10,1,4,9.57,1.33,2.21,0.2667,0.4,0.3843,338.45,10,10,1
0.0,0.0,0,0.773,194.89,0.0,210,1.237,27,0.0,0.0,0.2,0,0.0,10.0,0,0.0,0,0,0,0.791,0.0,150.64,150.64,1,2,0,0,1.0,0.0,0.23,0.0,0.0,0.1104,0.0,27,27,0
0.667,0.2857,2,0.287,217.75,233.08,76,2.748,4,0.2857,0.5,0.1,1,3.81,86.2,0,1.0,0,0,0,1.122,466.16,62.58,62.58,3,5,0,2,2.76,0.67,0.64,0.2857,0.4,0.3469,233.08,4,4,1
0.333,0.6667,0,0.62,260.89,310.41,175,0.587,6,0.6667,0.0,0.2,0,-3.333,0.0,0,1.0,1,0,0,6.236,0.0,161.85,161.85,1,1,0,0,0.51,0.33,0.12,0.6667,0.0,1.0,310.41,6,6,1
0.0,0.0,0,1.177,276.48,0.0,350,0.704,5,0.0,0.0,0.07,0,0.0,10.0,0,0.0,1,0,0,3.252,0.0,325.34,325.34,1,1,0,0,0.6,0.0,0.14,0.0,0.0,0.1681,0.0,5,5,0
0.0,0.0,0,1.715,149.35,0.0,217,0.231,8,0.0,0.0,0.05,0,0.0,10.0,0,0.0,0,0,0,0.0,0.0,256.11,256.11,1,2,0,0,0.28,0.0,0.06,0.0,0.0,0.8574,0.0,8,8,0
0.0,0.0,0,0.649,224.35,0.0,414,0.402,1,0.0,0.0,0.07,0,0.0,10.0,0,0.0,0,0,0,0.0,0.0,145.68,145.68,2,2,0,0,0.29,0.0,0.07,0.0,0.0,0.1623,0.0,1,1,1
0.333,0.4,1,0.806,188.99,134.43,151,0.661,13,0.4,0.0,0.03,1,-0.667,0.0,0,0.0,0,0,0,0.0,71.16,152.27,152.27,0,2,0,1,0.99,0.33,0.23,0.4,0.5,0.4457,134.43,13,13,1
0.0,0.3333,0,2.229,210.89,44.66,339,0.176,14,0.3333,0.0,0.1,0,-3.333,0.0,0,0.0,0,0,0,0.0,0.0,470.08,470.08,0,1,0,0,0.27,0.0,0.06,0.3333,0.0,0.8136,44.66,14,14,1
0.0,0.0,0,1.48,291.18,0.0,510,0.329,15,0.0,0.0,0.05,0,0.0,10.0,0,0.0,0,0,0,3.333,0.0,430.96,430.96,0,2,0,0,0.35,0.0,0.08,0.0,0.0,0.2467,0.0,15,15,0
0.333,0.2,1,0.146,278.39,43.78,47,1.622,18,0.2,0.0,0.07,1,1.333,36.7,0,0.0,0,0,0,0.0,43.78,40.64,40.64,1,3,0,1,3.19,0.33,0.74,0.2,0.3333,0.0606,43.78,18,18,1
1.0,0.2,3,2.143,223.28,306.79,81,5.114,7,0.2,0.25,0.2,1,8.0,100.0,0,1.0,0,0,0,0.967,920.36,478.49,478.49,2,9,0,3,5.56,1.0,1.28,0.2,0.3333,0.4177,306.79,7,7,1
0.0,0.0,0,0.512,240.41,0.0,35,1.121,25,0.0,0.0,0.1,0,0.0,10.0,0,0.0,0,0,0,0.882,0.0,123.15,123.15,0,2,0,0,1.71,0.0,0.4,0.0,0.0,0.2561,0.0,25,25,1
0.0,0.0,0,2.394,160.17,0.0,157,0.671,4,0.0,0.0,0.1,0,0.0,10.0,0,0.0,1,0,0,0.0,0.0,383.43,383.43,1,2,0,0,0.57,0.0,0.13,0.0,0.0,0.7979,0.0,4,4,0
0.0,0.5,0,0.839,273.97,359.71,344,0.262,8,0.5,0.3333,0.2,0,-5.0,0.0,0,1.0,0,0,0,4.283,0.0,229.89,229.89,0,1,0,0,0.35,0.0,0.08,0.5,0.0,0.8662,359.71,8,8,1
0.667,0.2222,1,1.698,281.37,197.17,235,0.927,29,0.2222,0.0,0.12,0,4.444,98.9,0,0.5,0,0,0,0.0,26.16,477.8,477.8,1,3,0,1,1.15,0.67,0.27,0.2222,0.3333,0.3444,197.17,29,29,1
0.0,0.0,0,0.641,282.7,0.0,818,0.181,28,0.0,0.0,0.2,0,0.0,10.0,0,0.0,0,0,0,0.0,0.0,181.24,181.24,0,1,0,0,0.22,0.0,0.05,0.0,0.0,0.1069,0.0,28,28,0
0.0,0.0,0,1.036,330.67,0.0,246,0.389,23,0.0,0.0,0.2,0,0.0,10.0,0,0.0,0,0,0,0.0,0.0,342.6,342.6,1,3,0,0,0.37,0.0,0.08,0.0,0.0,0.3454,0.0,23,23,0
0.0,0.1667,0,1.107,389.7,323.22,203,0.449,28,0.1667,0.0,0.2,1,-1.667,0.0,0,1.0,0,0,0,2.363,0.0,431.21,431.21,0,2,0,0,0.89,0.0,0.2,0.1667,0.0,0.3227,323.22,28,28,1
0.0,0.4444,0,1.279,264.42,218.7,418,0.546,6,0.4444,0.5,0.2,0,-4.444,0.0,0,0.5,0,0,0,0.0,0.0,338.29,338.29,1,1,0,0,0.65,0.0,0.15,0.4444,0.0,0.5097,218.7,6,6,1
0.0,0.1818,0,0.881,283.88,218.87,382,0.738,30,0.1818,0.3333,0.1,0,-1.818,0.0,0,0.5,0,0,0,2.994,0.0,250.24,250.24,0,3,0,0,0.86,0.0,0.2,0.1818,0.0,0.2203,218.87,30,30,0
0.667,0.5556,2,0.846,284.61,285.49,393,0.578,14,0.5556,0.0,0.03,0,1.111,32.2,0,0.6,0,0,0,0.0,459.65,240.72,240.72,0,3,1,2,0.69,0.67,0.16,0.5556,0.6667,0.6513,285.49,14,14,1
0.333,0.5714,1,0.864,348.29,342.34,318,0.56,8,0.5714,0.5,0.05,1,-2.381,0.0,0,0.75,0,0,0,0.0,335.1,301.07,301.07,0,1,0,1,0.66,0.33,0.15,0.5714,1.0,0.6852,342.34,8,8,1
0.0,0.0,0,0.214,250.59,0.0,354,0.977,1,0.0,0.0,0.03,0,0.0,10.0,0,0.0,1,0,0,0.0,0.0,53.57,53.57,1,2,0,0,1.1,0.0,0.25,0.0,0.0,0.0164,0.0,1,1,0
0.0,0.0,0,1.237,251.66,0.0,205,0.654,21,0.0,0.0,0.2,0,0.0,10.0,0,0.0,0,0,0,3.43,0.0,311.38,311.38,0,2,0,0,0.29,0.0,0.07,0.0,0.0,0.6187,0.0,21,21,0
0.0,0.0,0,1.0,178.72,0.0,120,0.745,20,0.0,0.0,0.1,1,0.0,10.0,0,0.0,0,0,0,1.367,0.0,178.72,178.72,0,1,0,0,0.25,0.0,0.06,0.0,0.0,1.0,0.0,20,20,1
0.0,0.3077,0,1.086,354.21,287.54,469,0.572,2,0.3077,0.5,0.2,0,-3.077,0.0,0,0.75,0,0,0,0.0,0.0,384.73,384.73,1,2,0,0,0.83,0.0,0.19,0.3077,0.0,0.3333,287.54,2,2,1
2.0,0.5385,2,0.484,309.3,307.52,120,3.082,13,0.5385,0.625,0.07,1,14.615,100.0,0,0.857,0,0,0,0.595,660.7,149.74,149.74,1,4,0,2,3.25,2.0,0.75,0.5385,0.5,0.5726,307.52,13,13,1
0.667,0.75,2,1.69,217.09,158.42,247,0.997,14,0.75,0.5,0.1,1,-0.833,0.0,0,0.333,0,0,0,2.258,424.47,366.93,366.93,0,2,0,2,0.97,0.67,0.22,0.75,1.0,0.7586,158.42,14,14,1
0.0,0.0,0,0.822,340.06,0.0,50,4.8,4,0.0,0.0,0.2,0,0.0,10.0,0,0.0,0,0,0,0.4,0.0,279.63,279.63,1,3,0,0,4.8,0.0,1.11,0.0,0.0,0.1028,0.0,4,4,0
0.333,0.0909,1,0.532,240.3,334.57,29,11.379,1,0.0909,0.0,0.2,0,2.424,58.5,0,1.0,0,0,1,1.0,334.57,127.89,127.89,4,11,0,1,11.38,0.33,2.63,0.0909,0.0909,0.175,334.57,1,1,0
0.0,0.0,0,2.128,231.96,0.0,498,0.522,21,0.0,0.0,0.12,0,0.0,10.0,0,0.0,1,0,0,0.0,0.0,493.62,493.62,0,1,0,0,0.48,0.0,0.11,0.0,0.0,0.266,0.0,21,21,0
0.0,0.0,0,0.774,265.19,0.0,343,0.248,21,0.0,0.0,0.2,0,0.0,10.0,0,0.0,0,0,0,0.0,0.0,205.27,205.27,0,3,0,0,0.44,0.0,0.1,0.0,0.0,0.1548,0.0,21,21,0
0.0,0.1429,0,0.381,243.82,74.31,145,0.747,28,0.1429,0.0,0.12,0,-1.429,0.0,0,0.0,0,0,0,0.0,0.0,92.99,92.99,0,2,0,0,1.45,0.0,0.33,0.1429,0.0,0.098,74.31,28,28,0
0.0,0.0,0,0.971,281.89,0.0,193,0.698,30,0.0,0.0,0.07,0,0.0,10.0,0,0.0,0,0,0,1.467,0.0,273.7,273.7,0,2,0,0,0.62,0.0,0.14,0.0,0.0,0.2427,0.0,30,30,0
0.333,0.3,0,0.244,253.1,331.67,284,0.915,26,0.3,0.3333,0.08,0,0.333,16.7,0,1.0,0,0,0,0.0,0.0,61.8,61.8,0,2,0,0,1.06,0.33,0.24,0.3,0.0,0.4175,331.67,26,26,1
0.333,0.3333,1,0.461,228.82,381.17,25,1.329,15,0.3333,0.5,0.05,1,0.0,10.0,0,1.0,0,0,1,0.0,381.17,105.46,105.46,1,3,1,1,3.6,0.33,0.83,0.3333,0.3333,0.7089,381.17,15,15,1
0.0,0.0,0,0.87,229.14,0.0,31,4.875,15,0.0,0.0,0.2,1,0.0,10.0,0,0.0,0,0,0,1.429,0.0,199.34,199.34,2,4,0,0,3.87,0.0,0.89,0.0,0.0,0.2175,0.0,15,15,1
0.667,0.3846,0,1.282,219.63,245.08,281,1.301,14,0.3846,0.0,0.2,0,2.821,66.4,0,0.6,0,0,0,1.621,0.0,281.58,281.58,0,2,0,0,1.39,0.67,0.32,0.3846,0.0,0.5278,245.08,14,14,1
0.333,0.1429,0,0.479,349.98,470.8,261,0.947,2,0.1429,0.0,0.1,1,1.905,48.1,0,1.0,0,0,0,1.061,0.0,167.79,167.79,1,1,0,0,0.8,0.33,0.19,0.1429,0.0,0.2607,470.8,2,2,1
0.667,0.4,2,0.705,231.6,203.4,279,0.675,7,0.4,0.6667,0.2,0,2.667,63.3,0,0.5,0,0,0,0.0,406.81,163.21,163.21,1,2,1,2,0.54,0.67,0.12,0.4,1.0,0.4922,203.4,7,7,0
0.0,0.1,0,0.493,246.33,364.47,515,0.533,17,0.1,0.0,0.07,0,-1.0,0.0,0,1.0,0,0,0,1.944,0.0,121.37,121.37,0,2,0,0,0.58,0.0,0.13,0.1,0.0,0.1972,364.47,17,17,0
0.0,0.1429,0,1.801,171.09,82.86,319,0.337,17,0.1429,0.0,0.12,0,-1.429,0.0,0,0.0,0,0,0,3.163,0.0,308.18,308.18,0,2,0,0,0.66,0.0,0.15,0.1429,0.0,0.3265,82.86,17,17,0
0.0,0.0,0,1.2,185.1,0.0,752,0.362,25,0.0,0.0,0.12,0,0.0,10.0,0,0.0,0,0,0,0.0,0.0,222.07,222.07,0,2,0,0,0.4,0.0,0.09,0.0,0.0,0.12,0.0,25,25,0
0.0,0.1667,0,1.336,244.78,168.96,614,0.553,14,0.1667,0.4,0.1,0,-1.667,0.0,0,0.5,0,0,0,0.0,0.0,327.07,327.07,1,3,0,0,0.59,0.0,0.14,0.1667,0.0,0.2264,168.96,14,14,0
0.333,0.6667,1,1.407,307.99,294.62,417,0.422,19,0.6667,0.5,0.2,1,-3.333,0.0,0,0.75,0,0,0,6.617,425.12,433.19,433.19,0,2,0,1,0.43,0.33,0.1,0.6667,0.5,0.8722,294.62,19,19,1
2.0,0.5455,2,0.449,231.43,247.63,94,3.75,29,0.5455,0.0,0.05,1,14.545,100.0,0,0.667,0,0,0,0.74,745.09,103.91,103.91,0,3,0,2,3.51,2.0,0.81,0.5455,0.6667,0.6245,247.63,29,29,1
0.0,0.25,0,0.608,234.08,267.65,546,0.349,26,0.25,0.0,0.12,1,-2.5,0.0,0,1.0,0,0,0,0.0,0.0,142.41,142.41,0,1,0,0,0.44,0.0,0.1,0.25,0.0,0.3619,267.65,26,26,1
0.0,0.2222,0,0.254,191.3,202.44,310,0.593,11,0.2222,0.25,0.03,1,-2.222,0.0,0,0.5,0,0,0,1.738,0.0,48.51,48.51,0,2,0,0,0.87,0.0,0.2,0.2222,0.0,0.2633,202.44,11,11,1
0.333,0.5,0,0.144,225.03,143.52,453,0.827,11,0.5,0.0,0.05,0,-1.667,0.0,0,0.333,0,0,0,2.656,0.0,32.4,32.4,0,1,0,0,0.79,0.33,0.18,0.5,0.0,0.3309,143.52,11,11,1
0.0,0.0769,0,1.655,238.32,201.81,869,0.449,20,0.0769,0.0,0.1,0,-0.769,0.0,0,1.0,0,0,0,2.331,0.0,394.48,394.48,0,1,0,0,0.45,0.0,0.1,0.0769,0.0,0.1925,201.81,20,20,0
0.0,0.0,0,1.002,498.15,0.0,101,0.467,5,0.0,0.0,0.03,0,0.0,10.0,0,0.0,0,0,0,2.283,0.0,499.12,499.12,1,2,0,0,0.59,0.0,0.14,0.0,0.0,0.501,0.0,5,5,1
0.0,0.0,0,0.567,276.62,0.0,276,0.165,29,0.0,0.0,0.08,0,0.0,10.0,0,0.0,0,0,0,0.0,0.0,156.86,156.86,0,1,0,0,0.33,0.0,0.08,0.0,0.0,0.189,0.0,29,29,1
0.0,0.0,0,0.378,234.6,0.0,676,0.104,7,0.0,0.0,0.03,1,0.0,10.0,0,0.0,1,0,0,0.0,0.0,88.73,88.73,1,1,0,0,0.09,0.0,0.02,0.0,0.0,0.1891,0.0,7,7,1
0.0,0.125,0,1.421,273.26,233.55,544,0.465,20,0.125,0.0,0.05,0,-1.25,0.0,0,1.0,0,0,0,0.0,0.0,388.35,388.35,0,1,0,0,0.44,0.0,0.1,0.125,0.0,0.2845,233.55,20,20,0
0.0,0.6667,0,0.68,358.43,415.86,437,0.227,13,0.6667,0.0,0.1,0,-6.667,0.0,0,1.0,0,0,0,0.0,0.0,243.58,243.58,0,1,0,0,0.21,0.0,0.05,0.6667,0.0,1.0,415.86,13,13,1
0.333,0.3636,1,1.193,242.0,160.12,384,0.761,16,0.3636,0.25,0.05,0,-0.303,3.9,0,0.5,0,0,0,1.342,204.77,288.72,288.72,0,2,1,1,0.86,0.33,0.2,0.3636,0.5,0.3491,160.12,16,16,1
0.0,0.0,0,0.657,369.15,0.0,68,0.732,3,0.0,0.0,0.12,0,0.0,10.0,0,0.0,0,0,0,1.403,0.0,242.67,242.67,1,2,0,0,0.88,0.0,0.2,0.0,0.0,0.3287,0.0,3,3,1
0.333,0.3846,1,1.341,354.21,306.98,479,0.572,19,0.3846,0.0,0.05,0,-0.513,0.0,0,0.8,0,0,0,0.0,384.73,474.93,474.93,0,2,0,1,0.81,0.33,0.19,0.3846,0.5,0.4365,306.98,19,19,1
0.0,0.0,0,1.535,59.22,0.0,175,0.349,18,0.0,0.0,0.05,1,0.0,10.0,0,0.0,0,0,0,3.129,0.0,90.9,90.9,0,1,0,0,0.34,0.0,0.08,0.0,0.0,0.7675,0.0,18,18,1
0.0,0.0,0,1.0,306.18,0.0,30,1.237,1,0.0,0.0,0.2,0,0.0,10.0,0,0.0,1,0,0,0.0,0.0,306.18,306.18,1,1,0,0,1.0,0.0,0.23,0.0,0.0,1.0,0.0,1,1,0
0.333,0.5,1,0.574,296.96,423.58,40,0.83,10,0.5,0.0,0.1,0,-1.667,0.0,0,1.0,0,0,0,0.0,423.58,170.34,170.34,0,1,0,1,1.5,0.33,0.35,0.5,1.0,1.0,423.58,10,10,1
0.667,0.4,0,0.895,251.22,345.92,249,0.358,30,0.4,0.0,0.2,1,2.667,63.3,0,0.5,0,0,0,0.0,0.0,224.81,224.81,0,1,0,0,0.6,0.67,0.14,0.4,0.0,0.7298,345.92,30,30,1
0.333,0.2222,0,1.438,318.0,423.86,195,1.442,14,0.2222,0.3333,0.07,0,1.111,32.2,0,1.0,0,0,0,2.35,0.0,457.41,457.41,0,1,0,0,1.38,0.33,0.32,0.2222,0.0,0.456,423.86,14,14,0
0.0,0.0,0,0.321,208.09,0.0,526,0.276,7,0.0,0.0,0.1,0,0.0,10.0,0,0.0,0,0,0,0.0,0.0,66.82,66.82,1,2,0,0,0.29,0.0,0.07,0.0,0.0,0.0642,0.0,7,7,0
0.0,0.0,0,1.102,302.62,0.0,82,1.765,20,0.0,0.0,0.03,0,0.0,10.0,0,0.0,0,0,0,1.167,0.0,333.49,333.49,0,3,0,0,1.46,0.0,0.34,0.0,0.0,0.2755,0.0,20,20,0
0.0,0.0,0,1.589,289.91,0.0,169,1.047,21,0.0,0.0,0.07,0,0.0,10.0,0,0.0,0,0,0,0.952,0.0,460.65,460.65,0,1,0,0,0.71,0.0,0.16,0.0,0.0,0.3972,0.0,21,21,0
0.0,0.0,0,1.568,288.69,0.0,511,0.294,12,0.0,0.0,0.2,0,0.0,10.0,0,0.0,0,0,0,0.0,0.0,452.64,452.64,0,1,0,0,0.35,0.0,0.08,0.0,0.0,0.2613,0.0,12,12,0
0.667,0.4,2,0.997,192.21,105.32,27,6.0,8,0.4,0.0,0.05,1,2.667,63.3,0,0.0,0,0,1,1.0,210.64,191.59,191.59,0,5,1,2,5.56,0.67,1.28,0.4,0.4,0.4185,105.32,8,8,1
0.0,0.0,0,0.229,277.94,0.0,247,0.625,6,0.0,0.0,0.12,0,0.0,10.0,0,0.0,0,0,0,4.3,0.0,63.64,63.64,2,2,0,0,0.49,0.0,0.11,0.0,0.0,0.0572,0.0,6,6,0
0.333,0.6,0,0.67,313.17,314.62,560,0.44,23,0.6,0.0,0.1,0,-2.667,0.0,0,0.667,0,0,0,5.133,0.0,209.8,209.8,0,1,0,0,0.27,0.33,0.06,0.6,0.0,0.7368,314.62,23,23,1
0.667,0.4,0,0.44,169.84,211.2,309,1.351,5,0.4,0.25,0.1,0,2.667,63.3,0,0.5,0,0,0,0.721,0.0,74.65,74.65,1,1,0,0,1.46,0.67,0.34,0.4,0.0,0.5267,211.2,5,5,1
0.0,0.0,0,1.298,320.0,0.0,54,1.701,13,0.0,0.0,0.1,0,0.0,10.0,0,0.0,0,0,0,0.547,0.0,415.23,415.23,0,4,0,0,2.22,0.0,0.51,0.0,0.0,0.3244,0.0,13,13,0
0.0,0.0,0,0.223,329.19,0.0,814,0.478,25,0.0,0.0,0.2,0,0.0,10.0,0,0.0,0,0,0,2.183,0.0,73.47,73.47,0,2,0,0,0.48,0.0,0.11,0.0,0.0,0.0172,0.0,25,25,0
0.667,0.6667,1,1.492,244.78,184.54,67,0.673,12,0.6667,0.0,0.2,0,0.0,10.0,0,0.0,1,0,0,3.407,182.1,365.28,365.28,0,1,0,1,1.34,0.67,0.31,0.6667,1.0,1.0,184.54,12,12,1
0.0,0.5,0,1.13,337.74,289.42,592,0.556,26,0.5,0.0,0.08,0,-5.0,0.0,0,0.8,0,0,0,1.873,0.0,381.55,381.55,0,1,0,0,0.51,0.0,0.12,0.5,0.0,0.5414,289.42,26,26,1
0.333,0.25,0,0.567,164.32,74.41,397,0.231,3,0.25,0.0,0.08,0,0.833,26.7,0,0.0,0,0,0,0.0,0.0,93.17,93.17,1,1,0,0,0.3,0.33,0.07,0.25,0.0,0.255,74.41,3,3,0
0.333,0.3333,0,1.069,444.2,492.18,62,2.847,14,0.3333,0.0,0.2,0,0.0,10.0,0,1.0,0,0,0,1.07,0.0,474.87,474.87,0,2,0,0,1.45,0.33,0.34,0.3333,0.0,0.7257,492.18,14,14,0
0.0,0.0,0,1.15,286.76,0.0,93,0.693,17,0.0,0.0,0.03,0,0.0,10.0,0,0.0,0,0,0,1.474,0.0,329.68,329.68,0,1,0,0,0.97,0.0,0.22,0.0,0.0,0.3832,0.0,17,17,0
1.0,0.3846,1,1.151,274.25,238.09,248,1.518,6,0.3846,0.0,0.08,0,6.154,100.0,0,0.6,1,0,0,1.376,232.22,315.58,315.58,1,3,1,1,1.57,1.0,0.36,0.3846,0.3333,0.4224,238.09,6,6,1
0.333,0.3,0,0.104,288.74,420.16,466,0.677,28,0.3,0.0,0.2,0,0.333,16.7,0,1.0,0,0,0,1.512,0.0,30.0,30.0,0,1,0,0,0.64,0.33,0.15,0.3,0.0,0.4469,420.16,28,28,0
1.0,0.375,0,2.796,133.31,56.62,158,1.351,5,0.375,0.0,0.08,0,6.25,100.0,0,0.0,1,0,0,0.721,0.0,372.72,372.72,1,1,0,0,1.52,1.0,0.35,0.375,0.0,0.5087,56.62,5,5,1
0.333,0.5,1,1.215,154.52,121.31,29,3.882,16,0.5,0.0,0.2,0,-1.667,0.0,0,0.0,0,0,1,1.528,121.31,187.74,187.74,0,2,1,1,2.07,0.33,0.48,0.5,0.5,1.0,121.31,16,16,1
0.0,0.2,0,1.34,204.49,253.65,881,0.195,17,0.2,0.0,0.2,1,-2.0,0.0,0,1.0,0,0,0,5.947,0.0,274.11,274.11,0,1,0,0,0.17,0.0,0.04,0.2,0.0,0.5162,253.65,17,17,1
0.0,0.0,0,1.432,224.18,0.0,193,0.387,12,0.0,0.0,0.1,0,0.0,10.0,0,0.0,0,0,0,2.844,0.0,321.05,321.05,0,1,0,0,0.31,0.0,0.07,0.0,0.0,0.7161,0.0,12,12,0
0.333,0.4,0,2.238,215.7,139.16,950,0.309,25,0.4,0.0,0.12,0,-0.667,0.0,0,0.25,0,0,0,0.0,0.0,482.78,482.78,0,1,0,0,0.32,0.33,0.07,0.4,0.0,0.4819,139.16,25,25,1
0.333,0.3333,0,0.144,213.9,153.17,260,1.038,2,0.3333,0.5,0.07,0,0.0,10.0,0,0.333,0,0,0,0.958,0.0,30.81,30.81,1,1,0,0,1.04,0.33,0.24,0.3333,0.0,0.2547,153.17,2,2,1
0.0,0.2,0,1.092,109.9,112.13,486,0.248,23,0.2,0.0,0.12,0,-2.0,0.0,0,0.0,0,0,0,0.0,0.0,120.02,120.02,0,1,0,0,0.31,0.0,0.07,0.2,0.0,0.4225,112.13,23,23,0
0.0,0.0,0,0.934,221.68,0.0,82,0.538,24,0.0,0.0,0.2,0,0.0,10.0,0,0.0,0,0,0,1.981,0.0,207.08,207.08,0,1,0,0,0.73,0.0,0.17,0.0,0.0,0.4671,0.0,24,24,0
0.0,0.0,0,1.0,367.47,0.0,135,0.361,4,0.0,0.0,0.1,1,0.0,10.0,0,0.0,0,0,0,3.12,0.0,367.47,367.47,1,1,0,0,0.22,0.0,0.05,0.0,0.0,1.0,0.0,4,4,1
0.0,0.5,0,1.26,293.32,319.52,423,0.653,13,0.5,0.0,0.08,0,-5.0,0.0,0,0.75,1,0,0,0.0,0.0,369.53,369.53,0,1,0,0,0.57,0.0,0.13,0.5,0.0,0.7021,319.52,13,13,1
0.333,0.5,1,1.196,394.45,316.96,38,1.304,22,0.5,0.0,0.1,0,-1.667,0.0,0,1.0,0,0,0,0.0,316.96,471.94,471.94,0,2,1,1,1.58,0.33,0.36,0.5,0.5,1.0,316.96,22,22,1
0.0,0.2,0,2.039,242.4,186.36,247,0.333,29,0.2,0.0,0.2,0,-2.0,0.0,0,0.0,0,0,0,0.0,0.0,494.33,494.33,0,1,0,0,0.61,0.0,0.14,0.2,0.0,0.5616,186.36,29,29,1
0.333,0.5,0,1.083,225.73,218.51,342,0.754,9,0.5,0.5,0.2,1,-1.667,0.0,0,0.5,1,0,0,3.067,0.0,244.41,244.41,0,1,0,0,0.7,0.33,0.16,0.5,0.0,0.6194,218.51,9,9,1
0.0,0.0,0,1.0,125.39,0.0,20,0.122,5,0.0,0.0,0.07,0,0.0,10.0,0,0.0,0,0,1,0.0,0.0,125.39,125.39,1,1,0,0,1.5,0.0,0.35,0.0,0.0,1.0,0.0,5,5,1
0.0,0.5,0,2.044,240.39,204.24,642,0.35,10,0.5,0.5,0.2,1,-5.0,0.0,0,0.5,1,0,0,0.0,0.0,491.32,491.32,0,1,0,0,0.37,0.0,0.09,0.5,0.0,0.6803,204.24,10,10,1
0.0,0.0,0,1.0,439.94,0.0,36,1.176,7,0.0,0.0,0.2,0,0.0,10.0,0,0.0,0,0,0,1.84,0.0,439.94,439.94,1,1,0,0,0.83,0.0,0.19,0.0,0.0,1.0,0.0,7,7,0
0.667,0.2857,2,0.436,300.92,350.91,44,4.706,28,0.2857,0.0,0.12,0,3.81,86.2,0,1.0,0,0,0,0.42,701.82,131.06,131.06,0,6,1,2,4.77,0.67,1.1,0.2857,0.3333,0.3954,350.91,28,28,1
0.667,0.4615,0,1.496,273.89,315.75,359,0.874,17,0.4615,0.6667,0.2,1,2.051,51.0,0,0.833,0,0,0,0.0,0.0,409.75,409.75,0,1,0,0,1.09,0.67,0.25,0.4615,0.0,0.6472,315.75,17,17,1
0.333,0.25,0,0.624,172.52,50.1,204,0.415,20,0.25,0.0,0.08,0,0.833,26.7,0,0.0,0,0,0,2.525,0.0,107.66,107.66,0,1,0,0,0.59,0.33,0.14,0.25,0.0,0.2286,50.1,20,20,1
0.333,0.3333,1,1.188,185.54,263.46,45,0.559,22,0.3333,0.0,0.1,1,0.0,10.0,0,1.0,0,0,0,1.845,263.46,220.41,220.41,0,2,0,1,2.0,0.33,0.46,0.3333,0.5,0.8693,263.46,22,22,1
0.0,0.1429,0,1.201,299.98,117.87,928,0.219,13,0.1429,0.0,0.12,0,-1.429,0.0,0,0.0,0,0,0,0.0,0.0,360.16,360.16,0,1,0,0,0.23,0.0,0.05,0.1429,0.0,0.2276,117.87,13,13,0
0.0,0.0,0,1.0,194.18,0.0,32,0.406,1,0.0,0.0,0.2,0,0.0,10.0,0,0.0,0,0,0,0.0,0.0,194.18,194.18,1,1,0,0,0.94,0.0,0.22,0.0,0.0,1.0,0.0,1,1,0
0.0,0.0769,0,0.553,164.28,51.55,273,1.429,3,0.0769,0.0,0.12,0,-0.769,0.0,0,0.0,0,0,0,2.43,0.0,90.78,90.78,2,3,0,0,1.43,0.0,0.33,0.0769,0.0,0.0666,51.55,3,3,0
0.333,0.4,0,2.156,203.93,145.62,155,0.998,26,0.4,0.0,0.1,0,-0.667,0.0,0,0.5,0,0,0,1.003,0.0,439.71,439.71,0,1,0,0,0.97,0.33,0.22,0.4,0.0,0.7169,145.62,26,26,1
0.0,0.4286,0,2.031,221.36,215.54,497,0.406,2,0.4286,0.5,0.08,0,-4.286,0.0,0,0.667,0,0,0,0.0,0.0,449.48,449.48,1,1,0,0,0.42,0.0,0.1,0.4286,0.0,0.7074,215.54,2,2,0
0.0,0.0,0,1.0,418.93,0.0,45,0.528,27,0.0,0.0,0.08,0,0.0,10.0,0,0.0,1,0,0,0.0,0.0,418.93,418.93,0,1,0,0,0.67,0.0,0.15,0.0,0.0,1.0,0.0,27,27,1
0.0,0.25,0,1.949,231.97,179.43,330,0.501,18,0.25,0.0,0.08,0,-2.5,0.0,0,0.0,0,0,0,0.0,0.0,452.01,452.01,0,1,0,0,0.36,0.0,0.08,0.25,0.0,0.6805,179.43,18,18,1
0.333,0.3333,0,0.388,300.83,396.76,131,1.183,24,0.3333,0.5,0.08,0,0.0,10.0,0,1.0,0,0,0,0.833,0.0,116.7,116.7,0,1,0,0,1.37,0.33,0.32,0.3333,0.0,0.5043,396.76,24,24,1
0.0,0.2,0,1.704,260.74,272.06,303,0.419,2,0.2,0.0,0.03,0,-2.0,0.0,0,1.0,0,0,0,0.0,0.0,444.39,444.39,1,1,0,0,0.5,0.0,0.11,0.2,0.0,0.5496,272.06,2,2,0
0.0,0.0,0,1.786,260.68,0.0,418,0.784,14,0.0,0.0,0.2,0,0.0,10.0,0,0.0,0,0,0,1.295,0.0,465.69,465.69,0,2,0,0,0.93,0.0,0.22,0.0,0.0,0.1374,0.0,14,14,0
0.333,0.4286,0,1.292,288.98,334.94,177,0.779,8,0.4286,0.0,0.2,1,-0.952,0.0,0,1.0,0,0,0,1.324,0.0,373.49,373.49,0,1,0,0,1.19,0.33,0.27,0.4286,0.0,0.6814,334.94,8,8,1
0.333,0.3333,0,0.529,227.1,374.8,319,0.266,16,0.3333,0.0,0.08,0,0.0,10.0,0,1.0,0,0,0,0.0,0.0,120.07,120.07,0,2,0,0,0.28,0.33,0.07,0.3333,0.0,0.7264,374.8,16,16,0
0.333,0.25,0,1.169,309.36,328.04,231,1.096,11,0.25,0.5,0.12,1,0.833,26.7,0,0.5,0,0,0,3.26,0.0,361.73,361.73,0,1,0,0,1.04,0.33,0.24,0.25,0.0,0.4113,328.04,11,11,1
1.0,0.5,2,0.91,249.92,311.61,44,3.636,6,0.5,0.0,0.07,1,5.0,100.0,0,0.667,0,0,0,1.2,767.85,227.42,227.42,2,5,1,2,4.09,1.0,0.94,0.5,0.4,0.7751,311.61,6,6,1
0.0,0.0,0,0.907,392.2,0.0,361,0.417,24,0.0,0.0,0.05,0,0.0,10.0,0,0.0,0,0,0,0.0,0.0,355.68,355.68,0,1,0,0,0.33,0.0,0.08,0.0,0.0,0.2267,0.0,24,24,0
0.0,0.0,0,1.0,396.45,0.0,29,0.615,7,0.0,0.0,0.12,0,0.0,10.0,0,0.0,1,0,1,1.783,0.0,396.45,396.45,1,1,0,0,1.03,0.0,0.24,0.0,0.0,1.0,0.0,7,7,0
0.667,0.4444,2,0.968,251.79,283.08,458,0.571,16,0.4444,0.3333,0.05,1,2.222,54.4,0,0.75,0,0,0,1.833,332.99,243.77,243.77,0,2,0,2,0.59,0.67,0.14,0.4444,1.0,0.6073,283.08,16,16,1
0.0,0.3333,0,0.266,177.04,380.31,199,0.35,12,0.3333,0.0,0.2,1,-3.333,0.0,0,1.0,0,0,0,0.0,0.0,47.11,47.11,0,1,0,0,0.45,0.0,0.1,0.3333,0.0,0.8048,380.31,12,12,1
0.0,0.2727,0,0.31,259.01,327.77,606,0.431,15,0.2727,0.0,0.1,0,-2.727,0.0,0,1.0,0,0,0,0.0,0.0,80.24,80.24,0,2,0,0,0.54,0.0,0.13,0.2727,0.0,0.3733,327.77,15,15,1
0.0,0.0,0,0.794,343.53,0.0,157,0.527,3,0.0,0.0,0.08,0,0.0,10.0,0,0.0,1,0,0,4.415,0.0,272.65,272.65,1,1,0,0,0.38,0.0,0.09,0.0,0.0,0.3968,0.0,3,3,1
0.333,0.5714,1,2.272,184.59,173.4,265,0.588,8,0.5714,0.0,0.03,1,-2.381,0.0,0,0.5,0,0,0,0.0,237.77,419.36,419.36,0,2,0,1,0.79,0.33,0.18,0.5714,0.5,0.8613,173.4,8,8,1
0.0,0.0909,0,1.966,223.85,380.88,647,0.425,11,0.0909,0.0,0.12,0,-0.909,0.0,0,1.0,0,0,0,0.0,0.0,439.99,439.99,0,1,0,0,0.51,0.0,0.12,0.0909,0.0,0.3334,380.88,11,11,0
0.0,0.0,0,0.464,231.96,0.0,108,0.371,25,0.0,0.0,0.05,0,0.0,10.0,0,0.0,0,0,0,3.117,0.0,107.53,107.53,1,2,0,0,0.56,0.0,0.13,0.0,0.0,0.2318,0.0,25,25,0
0.0,0.0,0,1.614,252.49,0.0,97,0.359,14,0.0,0.0,0.2,0,0.0,10.0,0,0.0,1,0,0,0.0,0.0,407.59,407.59,0,1,0,0,0.62,0.0,0.14,0.0,0.0,0.8071,0.0,14,14,1
0.0,0.2727,0,0.846,242.0,145.23,383,0.761,19,0.2727,0.0,0.05,0,-2.727,0.0,0,0.333,0,0,0,1.342,0.0,204.77,204.77,0,2,0,0,0.86,0.0,0.2,0.2727,0.0,0.2406,145.23,19,19,1
2.0,0.75,2,0.626,227.2,269.22,132,1.612,19,0.75,0.0,0.05,1,12.5,100.0,0,0.667,0,0,0,0.589,572.12,142.16,142.16,0,2,1,2,1.82,2.0,0.42,0.75,1.0,0.9669,269.22,19,19,1
0.0,0.0,0,1.0,158.49,0.0,30,1.101,19,0.0,0.0,0.1,0,0.0,10.0,0,0.0,0,0,0,6.267,0.0,158.49,158.49,0,1,0,0,1.0,0.0,0.23,0.0,0.0,1.0,0.0,19,19,0
0.333,0.3,0,1.496,284.89,328.86,357,0.555,17,0.3,0.5,0.2,0,0.333,16.7,0,0.667,0,0,0,0.0,0.0,426.29,426.29,0,3,0,0,0.84,0.33,0.19,0.3,0.0,0.4959,328.86,17,17,1
0.333,0.1667,0,0.667,299.08,395.14,107,1.183,13,0.1667,0.0,0.2,0,1.667,43.3,0,1.0,0,0,0,0.833,0.0,199.42,199.42,0,3,0,0,1.68,0.33,0.39,0.1667,0.0,0.3313,395.14,13,13,0
0.0,0.0,0,1.0,390.21,0.0,128,0.48,11,0.0,0.0,0.05,0,0.0,10.0,0,0.0,0,0,0,2.175,0.0,390.21,390.21,0,1,0,0,0.23,0.0,0.05,0.0,0.0,1.0,0.0,11,11,1
0.0,0.0,0,1.586,298.32,0.0,455,0.66,22,0.0,0.0,0.05,0,0.0,10.0,0,0.0,0,0,0,1.552,0.0,473.19,473.19,0,1,0,0,0.53,0.0,0.12,0.0,0.0,0.1983,0.0,22,22,1
0.0,0.0,0,1.051,332.57,0.0,58,1.138,2,0.0,0.0,0.2,0,0.0,10.0,0,0.0,0,0,0,1.883,0.0,349.64,349.64,1,2,0,0,1.55,0.0,0.36,0.0,0.0,0.3504,0.0,2,2,0
0.0,0.0,0,1.742,195.56,0.0,113,0.488,12,0.0,0.0,0.2,1,0.0,10.0,0,0.0,0,0,0,2.167,0.0,340.71,340.71,0,1,0,0,1.06,0.0,0.25,0.0,0.0,0.4356,0.0,12,12,1
0.333,0.5455,1,1.213,215.25,257.24,488,0.676,8,0.5455,0.0,0.07,1,-2.121,0.0,0,0.5,0,0,0,5.725,161.94,261.04,261.04,1,3,0,1,0.68,0.33,0.16,0.5455,0.3333,0.7621,257.24,8,8,1
0.0,0.0,0,1.608,263.87,0.0,507,0.543,23,0.0,0.0,0.2,0,0.0,10.0,0,0.0,0,0,0,0.0,0.0,424.22,424.22,0,2,0,0,0.59,0.0,0.14,0.0,0.0,0.1608,0.0,23,23,0
0.0,0.0,0,0.558,340.63,0.0,361,0.434,4,0.0,0.0,0.2,0,0.0,10.0,0,0.0,0,0,0,0.0,0.0,190.21,190.21,1,1,0,0,0.5,0.0,0.12,0.0,0.0,0.0931,0.0,4,4,0
0.0,0.6667,0,1.794,194.32,117.18,463,0.197,28,0.6667,0.0,0.08,0,-6.667,0.0,0,0.0,0,0,0,0.0,0.0,348.62,348.62,0,1,0,0,0.19,0.0,0.04,0.6667,0.0,1.0,117.18,28,28,1
0.0,0.0,0,0.894,276.1,0.0,62,1.175,13,0.0,0.0,0.03,0,0.0,10.0,0,0.0,0,0,0,0.839,0.0,246.86,246.86,0,3,0,0,1.94,0.0,0.45,0.0,0.0,0.2235,0.0,13,13,0
0.0,0.3333,0,0.948,249.95,342.33,338,0.569,17,0.3333,0.5,0.12,1,-3.333,0.0,0,0.667,0,0,0,0.0,0.0,236.92,236.92,1,2,0,0,0.8,0.0,0.18,0.3333,0.0,0.5619,342.33,17,17,1
0.0,0.6,0,1.209,363.05,358.43,656,0.227,5,0.6,0.5,0.12,0,-6.0,0.0,0,1.0,0,0,0,0.0,0.0,438.91,438.91,1,1,0,0,0.23,0.0,0.05,0.6,0.0,0.8342,358.43,5,5,1
0.0,0.25,0,1.212,346.78,240.26,627,0.39,2,0.25,0.0,0.08,0,-2.5,0.0,0,0.5,0,0,0,0.0,0.0,420.13,420.13,2,2,0,0,0.38,0.0,0.09,0.25,0.0,0.3246,240.26,2,2,0
0.667,0.25,2,1.059,256.55,304.64,33,6.154,29,0.25,0.5,0.1,1,4.167,93.3,0,0.5,0,0,0,0.9,609.27,271.69,271.69,1,8,1,2,7.27,0.67,1.68,0.25,0.25,0.4292,304.64,29,29,1
0.333,0.1667,0,0.681,249.06,99.77,227,0.607,26,0.1667,0.0,0.05,0,1.667,43.3,0,0.0,0,0,0,0.0,0.0,169.7,169.7,0,1,0,0,0.79,0.33,0.18,0.1667,0.0,0.1803,99.77,26,26,1
0.0,0.1429,0,0.653,241.06,32.6,546,0.308,2,0.1429,0.0,0.2,0,-1.429,0.0,0,0.0,0,0,0,0.0,0.0,157.48,157.48,1,1,0,0,0.38,0.0,0.09,0.1429,0.0,0.1126,32.6,2,2,0
0.333,0.1,1,0.561,287.62,293.16,86,3.13,15,0.1,0.5,0.2,0,2.333,56.7,0,1.0,0,0,0,0.567,293.16,161.46,161.46,0,1,0,1,3.49,0.33,0.81,0.1,1.0,0.1581,293.16,15,15,0
0.0,0.0,0,1.0,39.72,0.0,123,0.462,7,0.0,0.0,0.08,0,0.0,10.0,0,0.0,1,0,0,2.261,0.0,39.72,39.72,1,1,0,0,0.24,0.0,0.06,0.0,0.0,1.0,0.0,7,7,0
0.0,0.25,0,1.382,280.08,244.77,227,0.395,11,0.25,0.0,0.1,0,-2.5,0.0,0,1.0,1,0,0,0.0,0.0,386.96,386.96,1,2,0,0,0.53,0.0,0.12,0.25,0.0,0.5639,244.77,11,11,1
0.667,0.2222,2,1.752,261.24,173.7,32,9.13,28,0.2222,0.5,0.12,1,4.444,98.9,0,0.5,0,0,0,1.333,347.41,457.67,457.67,2,9,1,2,8.44,0.67,1.95,0.2222,0.2222,0.3424,173.7,28,28,1
0.0,0.0,0,0.942,433.24,0.0,48,0.32,1,0.0,0.0,0.07,0,0.0,10.0,0,0.0,1,0,0,3.483,0.0,408.32,408.32,2,2,0,0,1.25,0.0,0.29,0.0,0.0,0.4712,0.0,1,1,1
0.0,0.0,0,1.0,75.27,0.0,13,0.384,7,0.0,0.0,0.08,0,0.0,10.0,0,0.0,0,0,1,0.0,0.0,75.27,75.27,1,1,0,0,2.31,0.0,0.53,0.0,0.0,1.0,0.0,7,7,0
1.667,0.4167,1,0.939,223.94,213.66,132,2.744,1,0.4167,0.5,0.12,1,12.5,100.0,0,0.6,0,0,0,1.117,138.18,210.21,210.21,2,2,0,1,2.73,1.67,0.63,0.4167,0.5,0.4758,213.66,1,1,1
0.0,0.25,0,1.552,240.64,46.12,166,0.337,2,0.25,0.0,0.2,0,-2.5,0.0,0,0.0,0,0,0,3.208,0.0,373.58,373.58,1,2,0,0,0.72,0.0,0.17,0.25,0.0,0.436,46.12,2,2,1
0.0,0.0,0,0.32,246.11,0.0,394,0.813,26,0.0,0.0,0.2,0,0.0,10.0,0,0.0,1,0,0,0.0,0.0,78.87,78.87,0,1,0,0,0.84,0.0,0.19,0.0,0.0,0.0291,0.0,26,26,0
0.333,0.1667,0,1.516,299.49,362.08,91,2.045,22,0.1667,0.0,0.2,0,1.667,43.3,0,1.0,1,0,0,0.973,0.0,454.03,454.03,0,4,0,0,1.98,0.33,0.46,0.1667,0.0,0.4542,362.08,22,22,0
0.333,0.3571,0,1.345,267.71,271.27,706,0.544,3,0.3571,0.5,0.2,0,-0.238,5.2,0,0.8,0,0,0,0.0,0.0,359.96,359.96,1,1,0,0,0.59,0.33,0.14,0.3571,0.0,0.4579,271.27,3,3,1
0.333,0.3333,0,0.211,162.0,72.75,118,0.749,22,0.3333,0.0,0.12,0,0.0,10.0,0,0.0,0,0,0,0.0,0.0,34.17,34.17,0,1,0,0,0.76,0.33,0.18,0.3333,0.0,0.22,72.75,22,22,1
0.333,0.5,0,1.948,245.01,131.56,318,0.318,12,0.5,0.0,0.08,0,-1.667,0.0,0,0.5,0,0,0,0.0,0.0,477.39,477.39,0,1,0,0,0.38,0.33,0.09,0.5,0.0,0.7556,131.56,12,12,1
0.0,0.4286,0,0.456,216.42,253.88,470,0.364,9,0.4286,0.0,0.07,0,-4.286,0.0,0,0.667,0,0,0,0.0,0.0,98.78,98.78,0,1,0,0,0.45,0.0,0.1,0.4286,0.0,0.568,253.88,9,9,1
0.0,0.0,0,1.342,56.13,0.0,179,0.193,23,0.0,0.0,0.1,0,0.0,10.0,0,0.0,0,0,0,0.0,0.0,75.32,75.32,0,1,0,0,0.34,0.0,0.08,0.0,0.0,0.6709,0.0,23,23,0
0.0,0.0,0,0.121,181.43,0.0,295,0.226,15,0.0,0.0,0.08,0,0.0,10.0,0,0.0,0,0,0,0.0,0.0,22.04,22.04,0,1,0,0,0.2,0.0,0.05,0.0,0.0,0.0607,0.0,15,15,1
0.333,0.3333,0,1.257,351.37,337.71,400,0.681,19,0.3333,0.0,0.2,0,0.0,10.0,0,0.667,0,0,0,1.505,0.0,441.67,441.67,0,2,0,0,0.67,0.33,0.16,0.3333,0.0,0.46,337.71,19,19,0
0.667,0.2857,1,0.245,237.72,275.08,202,1.8,13,0.2857,0.2,0.08,0,3.81,86.2,0,0.75,0,0,0,0.0,145.85,58.21,58.21,0,3,1,1,2.08,0.67,0.48,0.2857,0.3333,0.3481,275.08,13,13,1
1.0,0.6667,1,0.191,299.82,310.5,279,0.54,25,0.6667,0.0,0.05,0,3.333,76.7,0,0.667,0,0,0,0.0,335.17,57.19,57.19,0,1,0,1,0.97,1.0,0.22,0.6667,1.0,0.7116,310.5,25,25,1
0.0,0.0,0,0.159,256.02,0.0,98,0.49,14,0.0,0.0,0.1,0,0.0,10.0,0,0.0,0,0,0,0.0,0.0,40.65,40.65,0,1,0,0,0.61,0.0,0.14,0.0,0.0,0.0794,0.0,14,14,0
0.0,0.2,0,0.778,232.94,317.93,236,0.482,30,0.2,0.0,0.08,0,-2.0,0.0,0,1.0,0,0,0,0.0,0.0,181.31,181.31,0,2,0,0,0.64,0.0,0.15,0.2,0.0,0.4286,317.93,30,30,0
0.333,0.1667,0,1.342,350.18,371.56,100,2.126,4,0.1667,0.0,0.03,0,1.667,43.3,0,1.0,0,0,0,1.617,0.0,469.99,469.99,1,3,0,0,1.8,0.33,0.42,0.1667,0.0,0.4005,371.56,4,4,1
0.0,0.0,0,0.505,225.39,0.0,749,0.265,28,0.0,0.0,0.12,0,0.0,10.0,0,0.0,0,0,0,4.176,0.0,113.88,113.88,0,1,0,0,0.28,0.0,0.06,0.0,0.0,0.0722,0.0,28,28,0
0.0,0.0,0,1.0,484.45,0.0,50,0.743,5,0.0,0.0,0.03,0,0.0,10.0,0,0.0,0,0,0,2.972,0.0,484.45,484.45,1,1,0,0,0.6,0.0,0.14,0.0,0.0,1.0,0.0,5,5,0
0.0,0.0,0,1.521,281.88,0.0,368,0.331,8,0.0,0.0,0.12,0,0.0,10.0,0,0.0,0,0,0,0.0,0.0,428.82,428.82,0,1,0,0,0.33,0.0,0.08,0.0,0.0,0.3803,0.0,8,8,0
1.0,0.375,3,0.486,214.27,206.97,44,5.493,21,0.375,0.5,0.2,1,6.25,100.0,0,0.333,0,0,0,1.171,620.92,104.05,104.05,2,6,0,3,5.45,1.0,1.26,0.375,0.5,0.4229,206.97,21,21,1
0.333,0.5,0,1.118,422.34,372.48,247,0.478,21,0.5,0.0,0.2,0,-1.667,0.0,0,1.0,0,0,0,0.0,0.0,472.19,472.19,0,1,0,0,0.24,0.33,0.06,0.5,0.0,1.0,372.48,21,21,1
0.0,0.0,0,1.505,315.8,0.0,135,1.096,28,0.0,0.0,0.12,1,0.0,10.0,0,0.0,0,0,0,3.26,0.0,475.23,475.23,1,2,0,0,1.11,0.0,0.26,0.0,0.0,0.301,0.0,28,28,1
0.333,0.0769,0,1.056,280.64,329.43,207,1.648,24,0.0769,0.5,0.03,0,2.564,61.3,0,1.0,0,0,0,0.0,0.0,296.43,296.43,0,2,0,0,1.88,0.33,0.44,0.0769,0.0,0.1715,329.43,24,24,0
1.0,0.2727,3,0.809,246.21,268.36,37,9.13,28,0.2727,0.0,0.03,1,7.273,100.0,0,0.667,0,0,0,1.333,805.08,199.15,199.15,3,9,1,3,8.92,1.0,2.06,0.2727,0.3333,0.3708,268.36,28,28,1
0.0,0.0,0,1.0,359.79,0.0,14,0.594,8,0.0,0.0,0.1,0,0.0,10.0,0,0.0,0,0,1,0.0,0.0,359.79,359.79,0,1,0,0,2.14,0.0,0.49,0.0,0.0,1.0,0.0,8,8,1
0.0,0.0,0,1.496,144.4,0.0,155,0.789,23,0.0,0.0,0.2,0,0.0,10.0,0,0.0,0,0,0,2.917,0.0,216.04,216.04,0,1,0,0,0.39,0.0,0.09,0.0,0.0,0.748,0.0,23,23,0
0.0,0.0,0,0.596,244.72,0.0,25,2.967,1,0.0,0.0,0.07,0,0.0,10.0,0,0.0,0,0,1,1.017,0.0,145.92,145.92,1,3,0,0,3.6,0.0,0.83,0.0,0.0,0.1988,0.0,1,1,0
0.333,0.3333,1,2.182,194.66,118.94,69,0.495,5,0.3333,0.0,0.2,0,0.0,10.0,0,0.0,0,0,0,2.115,118.94,424.77,424.77,1,1,0,1,1.3,0.33,0.3,0.3333,1.0,0.9311,118.94,5,5,1
0.667,0.6667,2,0.658,359.46,420.98,12,7.5,8,0.6667,0.0,0.2,0,0.0,10.0,1,1.0,1,0,1,1.0,841.97,236.4,236.4,2,3,2,2,7.5,0.67,1.73,0.6667,0.6667,1.0,420.98,8,8,1
0.0,0.0,0,1.42,193.48,0.0,113,0.334,2,0.0,0.0,0.2,0,0.0,10.0,0,0.0,0,0,0,0.0,0.0,274.75,274.75,1,1,0,0,0.53,0.0,0.12,0.0,0.0,0.71,0.0,2,2,0
0.333,0.1667,1,0.521,150.89,211.66,124,0.984,24,0.1667,0.0,0.12,0,1.667,43.3,0,1.0,0,0,0,0.0,211.66,78.57,78.57,0,2,0,1,1.45,0.33,0.34,0.1667,0.5,0.3206,211.66,24,24,0
0.0,0.0,0,1.994,105.17,0.0,182,0.611,15,0.0,0.0,0.07,0,0.0,10.0,0,0.0,0,0,0,0.0,0.0,209.66,209.66,0,1,0,0,0.49,0.0,0.11,0.0,0.0,0.6645,0.0,15,15,0
0.0,0.3333,0,0.352,252.51,171.89,816,0.103,17,0.3333,0.5,0.12,0,-3.333,0.0,0,0.0,0,0,0,0.0,0.0,88.86,88.86,0,1,0,0,0.11,0.0,0.03,0.3333,0.0,0.3442,171.89,17,17,0
0.0,0.0,0,1.257,244.66,0.0,284,0.435,30,0.0,0.0,0.2,0,0.0,10.0,0,0.0,0,0,0,0.0,0.0,307.42,307.42,0,1,0,0,0.42,0.0,0.1,0.0,0.0,0.3141,0.0,30,30,0
0.333,0.5,1,0.838,350.16,406.92,81,0.278,25,0.5,0.0,0.08,1,-1.667,0.0,0,1.0,0,0,0,0.0,406.92,293.41,293.41,0,2,0,1,0.74,0.33,0.17,0.5,0.5,1.0,406.92,25,25,1
0.0,0.1429,0,0.617,215.32,126.58,816,0.523,9,0.1429,0.0,0.08,0,-1.429,0.0,0,0.0,0,0,0,0.0,0.0,132.91,132.91,1,2,0,0,0.51,0.0,0.12,0.1429,0.0,0.1281,126.58,9,9,1
0.0,0.0,0,1.0,452.68,0.0,104,0.342,11,0.0,0.0,0.2,0,0.0,10.0,0,0.0,0,0,0,0.0,0.0,452.68,452.68,0,1,0,0,0.29,0.0,0.07,0.0,0.0,1.0,0.0,11,11,0
0.333,0.1667,0,1.632,298.83,179.05,294,0.676,5,0.1667,0.0,0.08,0,1.667,43.3,0,0.0,0,0,0,1.514,0.0,487.84,487.84,1,2,0,0,0.61,0.33,0.14,0.1667,0.0,0.3719,179.05,5,5,0
0.667,0.4,2,0.186,276.43,353.36,38,2.598,23,0.4,0.0,0.2,1,2.667,63.3,0,1.0,0,0,0,1.212,706.72,51.44,51.44,0,4,0,2,3.95,0.67,0.91,0.4,0.5,0.5485,353.36,23,23,1
1.667,0.4545,1,1.498,311.66,298.38,98,3.082,6,0.4545,0.4286,0.07,1,12.121,100.0,0,1.0,0,0,0,0.595,215.97,466.86,466.86,2,4,0,1,3.37,1.67,0.78,0.4545,0.25,0.5714,298.38,6,6,1
0.0,0.0,0,1.049,263.27,0.0,372,0.483,5,0.0,0.0,0.2,0,0.0,10.0,0,0.0,0,0,0,2.151,0.0,276.13,276.13,2,3,0,0,0.73,0.0,0.17,0.0,0.0,0.1165,0.0,5,5,0
0.0,0.0,0,0.855,286.02,0.0,21,3.253,12,0.0,0.0,0.12,0,0.0,10.0,0,0.0,0,0,1,2.208,0.0,244.58,244.58,0,3,0,0,4.29,0.0,0.99,0.0,0.0,0.285,0.0,12,12,0
0.0,0.25,0,1.521,310.7,144.66,551,0.178,2,0.25,0.0,0.12,1,-2.5,0.0,0,0.0,0,0,0,0.0,0.0,472.42,472.42,1,1,0,0,0.22,0.0,0.05,0.25,0.0,0.4965,144.66,2,2,1
0.0,0.0,0,0.387,335.99,0.0,151,1.779,3,0.0,0.0,0.1,0,0.0,10.0,0,0.0,0,0,0,3.717,0.0,130.07,130.07,1,2,0,0,1.39,0.0,0.32,0.0,0.0,0.0553,0.0,3,3,0
0.0,0.0,0,1.0,76.4,0.0,56,0.673,17,0.0,0.0,0.07,0,0.0,10.0,0,0.0,0,0,0,0.0,0.0,76.4,76.4,0,1,0,0,0.54,0.0,0.12,0.0,0.0,1.0,0.0,17,17,1
0.0,0.125,0,0.87,265.78,143.84,166,1.416,15,0.125,0.0,0.12,0,-1.25,0.0,0,0.0,0,0,0,0.677,0.0,231.35,231.35,0,1,0,0,1.45,0.0,0.33,0.125,0.0,0.1765,143.84,15,15,0
0.0,0.3,0,0.115,321.94,288.28,812,0.371,14,0.3,0.0,0.1,0,-3.0,0.0,0,0.667,0,0,0,2.852,0.0,37.06,37.06,0,1,0,0,0.37,0.0,0.09,0.3,0.0,0.2801,288.28,14,14,1
0.333,0.2857,0,1.407,320.97,261.31,342,0.637,7,0.2857,0.0,0.1,0,0.476,19.5,0,0.5,0,0,0,1.652,0.0,451.52,451.52,1,2,0,0,0.61,0.33,0.14,0.2857,0.0,0.4336,261.31,7,7,1
0.0,0.25,0,0.969,311.88,307.13,172,0.452,10,0.25,0.0,0.1,0,-2.5,0.0,0,1.0,0,0,0,0.0,0.0,302.12,302.12,0,2,0,0,0.7,0.0,0.16,0.25,0.0,0.4884,307.13,10,10,1
0.333,0.6667,1,1.962,211.42,109.72,209,0.169,14,0.6667,0.0,0.1,0,-3.333,0.0,0,0.0,0,0,0,0.0,50.48,414.82,414.82,0,1,0,1,0.43,0.33,0.1,0.6667,1.0,1.0,109.72,14,14,1
0.0,0.0,0,0.258,177.84,0.0,426,0.553,4,0.0,0.0,0.12,0,0.0,10.0,0,0.0,0,0,0,1.875,0.0,45.84,45.84,1,2,0,0,0.63,0.0,0.15,0.0,0.0,0.0286,0.0,4,4,0
0.333,0.5455,1,1.31,333.63,329.28,508,0.497,2,0.5455,0.0,0.07,0,-2.121,0.0,0,0.667,1,0,0,0.0,168.28,437.03,437.03,1,2,0,1,0.65,0.33,0.15,0.5455,0.5,0.6574,329.28,2,2,1
0.0,0.0,0,1.17,305.73,0.0,10,8.571,6,0.0,0.0,0.08,0,0.0,10.0,0,0.0,0,0,1,1.0,0.0,357.63,357.63,4,4,0,0,12.0,0.0,2.77,0.0,0.0,0.2924,0.0,6,6,0
0.0,0.0,0,1.0,382.66,0.0,45,0.89,28,0.0,0.0,0.1,0,0.0,10.0,0,0.0,0,0,0,0.0,0.0,382.66,382.66,0,1,0,0,0.67,0.0,0.15,0.0,0.0,1.0,0.0,28,28,0
1.0,0.8,0,1.442,283.32,246.46,192,1.329,10,0.8,0.75,0.05,1,2.0,50.0,0,0.5,1,0,0,0.0,0.0,408.57,408.57,0,1,0,0,1.56,1.0,0.36,0.8,0.0,0.8401,246.46,10,10,1
0.333,0.2,0,1.044,261.16,256.64,292,0.848,8,0.2,0.0,0.12,0,1.333,36.7,0,0.5,0,0,0,1.197,0.0,272.63,272.63,0,1,0,0,1.03,0.33,0.24,0.2,0.0,0.3009,256.64,8,8,0
1.333,0.5,2,1.68,209.64,163.7,276,1.288,29,0.5,0.0,0.1,1,8.333,100.0,0,0.429,0,0,0,0.0,323.22,352.25,352.25,0,1,0,2,1.52,1.33,0.35,0.5,2.0,0.5104,163.7,29,29,1
0.0,0.0,0,0.972,301.64,0.0,61,3.13,15,0.0,0.0,0.2,0,0.0,10.0,0,0.0,0,0,0,0.567,0.0,293.16,293.16,0,5,0,0,4.43,0.0,1.02,0.0,0.0,0.108,0.0,15,15,0
0.0,0.0,0,1.0,480.21,0.0,283,0.146,9,0.0,0.0,0.05,0,0.0,10.0,0,0.0,0,0,0,0.0,0.0,480.21,480.21,0,1,0,0,0.11,0.0,0.02,0.0,0.0,1.0,0.0,9,9,0
0.333,0.1667,1,0.893,252.71,377.86,268,1.343,8,0.1667,0.2,0.07,0,1.667,43.3,0,1.0,0,0,0,2.644,426.28,225.63,225.63,0,3,0,1,1.34,0.33,0.31,0.1667,0.3333,0.3236,377.86,8,8,1
0.0,0.0,0,1.0,214.37,0.0,11,0.416,8,0.0,0.0,0.07,0,0.0,10.0,0,0.0,0,0,1,2.687,0.0,214.37,214.37,0,1,0,0,2.73,0.0,0.63,0.0,0.0,1.0,0.0,8,8,0
0.0,0.0,0,0.909,219.1,0.0,27,1.071,1,0.0,0.0,0.07,0,0.0,10.0,0,0.0,0,0,1,0.0,0.0,199.21,199.21,2,2,0,0,2.22,0.0,0.51,0.0,0.0,0.4546,0.0,1,1,0
0.0,0.0,0,1.0,132.27,0.0,69,0.429,21,0.0,0.0,0.1,0,0.0,10.0,0,0.0,0,0,0,0.0,0.0,132.27,132.27,0,1,0,0,0.43,0.0,0.1,0.0,0.0,1.0,0.0,21,21,0
1.667,0.4167,4,1.0,233.25,262.3,61,5.902,8,0.4167,0.0,0.03,1,12.5,100.0,1,0.6,0,1,0,1.033,942.7,233.29,233.29,0,6,3,4,5.9,1.67,1.36,0.4167,0.6667,0.5519,262.3,8,8,1
0.333,0.1111,1,1.138,286.88,158.9,87,1.313,15,0.1111,0.0,0.07,0,2.222,54.4,0,0.0,0,0,0,0.742,158.9,326.61,326.61,1,6,1,1,3.1,0.33,0.72,0.1111,0.1667,0.188,158.9,15,15,0
0.0,0.2,0,2.314,202.97,226.0,253,0.491,1,0.2,0.0,0.1,1,-2.0,0.0,0,1.0,0,0,0,0.0,0.0,469.72,469.72,1,1,0,0,0.59,0.0,0.14,0.2,0.0,0.6855,226.0,1,1,1
0.333,0.3333,1,1.299,281.38,269.06,243,0.898,4,0.3333,0.0,0.12,0,0.0,10.0,0,1.0,0,0,0,0.0,276.5,365.53,365.53,1,3,1,1,0.74,0.33,0.17,0.3333,0.3333,0.5352,269.06,4,4,0
0.667,0.3571,0,0.491,219.5,179.64,400,1.044,27,0.3571,0.0,0.2,0,3.095,71.9,0,0.4,0,0,0,0.955,0.0,107.76,107.76,0,3,0,0,1.05,0.67,0.24,0.3571,0.0,0.3274,179.64,27,27,1
0.0,0.0,0,0.814,305.67,0.0,290,0.312,25,0.0,0.0,0.1,0,0.0,10.0,0,0.0,0,0,0,0.0,0.0,248.79,248.79,0,1,0,0,0.31,0.0,0.07,0.0,0.0,0.2713,0.0,25,25,0
0.0,0.0,0,1.088,429.86,0.0,326,0.34,30,0.0,0.0,0.12,0,0.0,10.0,0,0.0,0,0,0,0.0,0.0,467.81,467.81,0,1,0,0,0.18,0.0,0.04,0.0,0.0,0.5441,0.0,30,30,0
0.0,0.0,0,0.115,210.68,0.0,20,3.684,7,0.0,0.0,0.2,0,0.0,10.0,0,0.0,0,0,1,0.675,0.0,24.29,24.29,2,4,0,0,6.0,0.0,1.39,0.0,0.0,0.0288,0.0,7,7,0
0.0,0.0,0,1.124,312.28,0.0,52,2.308,14,0.0,0.0,0.12,0,0.0,10.0,0,0.0,0,0,0,0.733,0.0,351.08,351.08,0,2,0,0,2.31,0.0,0.53,0.0,0.0,0.2811,0.0,14,14,0
0.0,0.1429,0,1.12,254.94,452.21,345,0.609,5,0.1429,0.0,0.1,0,-1.429,0.0,0,1.0,0,0,0,1.75,0.0,285.48,285.48,1,1,0,0,0.61,0.0,0.14,0.1429,0.0,0.4134,452.21,5,5,0
0.0,0.0,0,1.33,261.16,0.0,245,0.741,21,0.0,0.0,0.03,0,0.0,10.0,0,0.0,0,0,0,2.983,0.0,347.33,347.33,0,1,0,0,0.49,0.0,0.11,0.0,0.0,0.3325,0.0,21,21,0
0.0,0.0,0,0.426,159.87,0.0,637,0.33,30,0.0,0.0,0.1,0,0.0,10.0,0,0.0,0,0,0,8.093,0.0,68.09,68.09,0,2,0,0,0.33,0.0,0.08,0.0,0.0,0.0608,0.0,30,30,0
0.0,0.2,0,0.988,264.45,140.85,814,0.236,9,0.2,0.0,0.08,0,-2.0,0.0,0,0.0,0,0,0,4.767,0.0,261.21,261.21,0,1,0,0,0.18,0.0,0.04,0.2,0.0,0.3041,140.85,9,9,0
0.333,0.5,1,0.378,253.23,410.68,43,1.592,11,0.5,0.5,0.2,0,-1.667,0.0,0,1.0,0,0,0,3.185,410.68,95.78,95.78,1,2,1,1,1.4,0.33,0.32,0.5,0.5,1.0,410.68,11,11,0
0.0,0.0,0,0.705,211.83,0.0,741,0.525,11,0.0,0.0,0.12,0,0.0,10.0,0,0.0,0,0,0,4.321,0.0,149.37,149.37,0,2,0,0,0.53,0.0,0.12,0.0,0.0,0.0542,0.0,11,11,0
0.333,0.5,1,0.972,250.14,257.05,34,0.833,19,0.5,0.0,0.2,0,-1.667,0.0,0,1.0,0,0,0,1.233,257.05,243.24,243.24,0,2,1,1,1.76,0.33,0.41,0.5,0.5,1.0,257.05,19,19,0
0.333,0.2857,0,0.866,308.94,486.07,598,0.336,16,0.2857,0.0,0.2,0,0.476,19.5,0,1.0,1,0,0,3.221,0.0,267.69,267.69,0,1,0,0,0.35,0.33,0.08,0.2857,0.0,0.5733,486.07,16,16,0
0.0,0.0,0,1.04,318.48,0.0,338,0.219,27,0.0,0.0,0.1,0,0.0,10.0,0,0.0,0,0,0,0.0,0.0,331.35,331.35,0,1,0,0,0.27,0.0,0.06,0.0,0.0,0.3468,0.0,27,27,0
0.0,0.0,0,0.322,225.92,0.0,76,0.749,30,0.0,0.0,0.05,0,0.0,10.0,0,0.0,0,0,0,0.0,0.0,72.75,72.75,0,1,0,0,0.79,0.0,0.18,0.0,0.0,0.161,0.0,30,30,1
0.0,0.3333,0,0.461,272.82,262.62,385,0.451,12,0.3333,0.5,0.2,0,-3.333,0.0,0,0.5,0,0,0,0.0,0.0,125.88,125.88,0,2,0,0,0.47,0.0,0.11,0.3333,0.0,0.3978,262.62,12,12,1
0.333,0.625,1,1.498,272.64,237.96,617,0.447,9,0.625,0.25,0.2,0,-2.917,0.0,0,0.8,0,0,0,0.0,236.32,408.41,408.41,0,2,0,1,0.39,0.33,0.09,0.625,0.5,0.7328,237.96,9,9,1
0.333,0.3333,1,1.133,277.11,224.64,133,0.812,24,0.3333,0.0,0.08,0,0.0,10.0,0,1.0,0,0,0,1.25,224.64,313.84,313.84,1,3,0,1,0.68,0.33,0.16,0.3333,0.3333,0.6477,224.64,24,24,1
0.0,0.0,0,1.0,395.0,0.0,34,0.633,14,0.0,0.0,0.2,0,0.0,10.0,0,0.0,0,0,0,0.0,0.0,395.0,395.0,0,1,0,0,0.88,0.0,0.2,0.0,0.0,1.0,0.0,14,14,0
0.333,0.5,1,1.083,415.86,381.46,224,0.227,27,0.5,0.0,0.07,0,-1.667,0.0,0,1.0,0,0,0,0.0,381.46,450.25,450.25,0,1,0,1,0.27,0.33,0.06,0.5,1.0,1.0,381.46,27,27,1
0.0,0.0,0,1.0,271.08,0.0,30,0.173,16,0.0,0.0,0.2,0,0.0,10.0,0,0.0,0,0,0,0.0,0.0,271.08,271.08,0,1,0,0,1.0,0.0,0.23,0.0,0.0,1.0,0.0,16,16,1
0.333,0.25,1,2.864,130.33,69.55,202,0.526,13,0.25,0.0,0.2,0,0.833,26.7,0,0.0,0,0,0,0.0,69.55,373.24,373.24,0,2,0,1,0.59,0.33,0.14,0.25,0.5,0.8493,69.55,13,13,1
0.667,0.3333,1,0.097,286.24,247.41,55,2.376,17,0.3333,0.0,0.07,1,3.333,76.7,0,0.5,0,0,0,0.789,112.13,27.76,27.76,1,4,0,1,3.27,0.67,0.76,0.3333,0.25,0.3043,247.41,17,17,1
0.0,0.0,0,0.256,243.88,0.0,583,0.609,11,0.0,0.0,0.2,0,0.0,10.0,0,0.0,0,0,0,1.688,0.0,62.5,62.5,0,1,0,0,0.51,0.0,0.12,0.0,0.0,0.0256,0.0,11,11,0
0.667,0.2308,0,0.584,291.59,353.26,285,1.414,21,0.2308,0.0,0.08,0,4.359,97.2,0,0.667,0,0,0,0.685,0.0,170.42,170.42,0,1,0,0,1.37,0.67,0.32,0.2308,0.0,0.3245,353.26,21,21,1
0.0,0.0,0,1.402,207.27,0.0,255,0.457,25,0.0,0.0,0.03,0,0.0,10.0,0,0.0,0,0,0,5.053,0.0,290.58,290.58,0,2,0,0,0.47,0.0,0.11,0.0,0.0,0.3505,0.0,25,25,0
0.0,0.0,0,1.593,289.05,0.0,182,0.484,30,0.0,0.0,0.08,0,0.0,10.0,0,0.0,0,0,0,2.219,0.0,460.38,460.38,0,2,0,0,0.82,0.0,0.19,0.0,0.0,0.3186,0.0,30,30,1
0.0,0.0,0,0.95,228.18,0.0,110,1.273,20,0.0,0.0,0.2,0,0.0,10.0,0,0.0,0,0,0,0.769,0.0,216.67,216.67,0,2,0,0,1.09,0.0,0.25,0.0,0.0,0.2374,0.0,20,20,0
0.333,0.5833,1,1.259,314.14,295.18,898,0.401,18,0.5833,0.0,0.08,0,-2.5,0.0,0,0.571,0,0,0,2.63,327.6,395.53,395.53,0,1,0,1,0.4,0.33,0.09,0.5833,1.0,0.653,295.18,18,18,1
0.0,0.3333,0,1.686,230.4,244.97,237,0.24,6,0.3333,0.5,0.08,0,-3.333,0.0,0,1.0,0,0,0,4.61,0.0,388.52,388.52,1,1,0,0,0.38,0.0,0.09,0.3333,0.0,0.9165,244.97,6,6,1
0.0,0.0,0,1.0,421.63,0.0,89,0.382,18,0.0,0.0,0.12,0,0.0,10.0,0,0.0,0,0,0,6.644,0.0,421.63,421.63,0,1,0,0,0.34,0.0,0.08,0.0,0.0,1.0,0.0,18,18,1
0.0,0.2222,0,0.811,219.64,148.11,312,0.516,13,0.2222,0.0,0.03,0,-2.222,0.0,0,0.5,0,0,0,0.0,0.0,178.22,178.22,0,2,0,0,0.87,0.0,0.2,0.2222,0.0,0.24,148.11,13,13,0
1.333,0.4,3,2.022,234.15,182.47,182,2.473,9,0.4,0.0,0.12,0,9.333,100.0,1,0.333,0,1,0,2.533,460.84,473.41,473.41,0,5,2,3,2.47,1.33,0.57,0.4,0.6,0.4465,182.47,9,9,1
0.0,0.3077,0,0.452,261.01,252.91,809,0.476,11,0.3077,0.0,0.03,1,-3.077,0.0,0,0.75,0,0,0,4.782,0.0,117.86,117.86,0,2,0,0,0.48,0.0,0.11,0.3077,0.0,0.3329,252.91,11,11,1
0.333,0.5,1,0.342,152.9,253.5,43,0.698,17,0.5,0.0,0.2,0,-1.667,0.0,0,1.0,0,0,0,1.506,253.5,52.31,52.31,0,1,0,1,1.4,0.33,0.32,0.5,1.0,1.0,253.5,17,17,1
0.0,0.5,0,0.5,206.48,233.22,323,1.054,2,0.5,0.0,0.07,0,-5.0,0.0,0,0.5,0,0,0,0.945,0.0,103.22,103.22,2,3,0,0,1.11,0.0,0.26,0.5,0.0,0.6064,233.22,2,2,1
0.0,0.4286,0,0.68,255.85,112.87,651,0.441,8,0.4286,0.5,0.2,0,-4.286,0.0,0,0.0,0,0,0,0.0,0.0,173.9,173.9,0,2,0,0,0.32,0.0,0.07,0.4286,0.0,0.2862,112.87,8,8,1
0.0,0.5,0,1.044,68.28,65.27,470,0.224,21,0.5,0.5,0.1,0,-5.0,0.0,0,0.0,0,0,0,0.0,0.0,71.28,71.28,0,1,0,0,0.13,0.0,0.03,0.5,0.0,1.0,65.27,21,21,1
0.0,0.1818,0,1.798,276.6,260.26,334,0.699,28,0.1818,0.0,0.12,0,-1.818,0.0,0,0.5,1,0,0,0.0,0.0,497.24,497.24,0,2,0,0,0.99,0.0,0.23,0.1818,0.0,0.3345,260.26,28,28,0
0.667,0.25,1,1.441,295.47,357.42,212,1.316,3,0.25,0.0,0.07,1,4.167,93.3,0,1.0,0,0,0,0.743,390.51,425.77,425.77,2,3,1,1,1.13,0.67,0.26,0.25,0.3333,0.4825,357.42,3,3,1
0.333,0.8,0,0.253,202.6,240.44,214,0.701,8,0.8,0.6667,0.2,0,-4.667,0.0,0,0.75,1,0,0,1.533,0.0,51.27,51.27,0,1,0,0,0.7,0.33,0.16,0.8,0.0,1.0,240.44,8,8,1
0.333,0.375,0,0.699,288.26,226.64,160,1.024,22,0.375,0.6667,0.07,0,-0.417,1.7,0,0.667,0,0,0,0.975,0.0,201.47,201.47,0,2,0,0,1.5,0.33,0.35,0.375,0.0,0.3822,226.64,22,22,1
0.0,0.6667,0,0.373,112.53,147.78,264,0.457,23,0.6667,0.0,0.05,1,-6.667,0.0,0,0.0,0,0,0,0.0,0.0,42.02,42.02,0,1,0,0,0.34,0.0,0.08,0.6667,0.0,1.0,147.78,23,23,1
0.333,0.4444,1,0.239,284.61,339.83,390,0.578,21,0.4444,0.0,0.05,0,-1.111,0.0,0,0.75,0,0,0,0.0,391.51,68.14,68.14,0,3,0,1,0.69,0.33,0.16,0.4444,0.3333,0.5573,339.83,21,21,1
0.0,0.0909,0,1.528,231.89,196.56,153,1.579,15,0.0909,0.5,0.05,0,-0.909,0.0,0,0.0,0,0,0,1.308,0.0,354.31,354.31,0,4,0,0,2.16,0.0,0.5,0.0909,0.0,0.216,196.56,15,15,0
1.333,0.8,1,0.678,196.34,212.12,112,1.071,15,0.8,0.0,0.05,0,5.333,100.0,0,0.5,1,0,0,0.0,280.06,133.18,133.18,0,1,1,1,1.34,1.33,0.31,0.8,1.0,1.0,212.12,15,15,1
0.0,0.3333,0,0.181,326.13,392.13,382,0.516,16,0.3333,0.0,0.03,0,-3.333,0.0,0,1.0,0,0,0,2.033,0.0,59.13,59.13,0,1,0,0,0.47,0.0,0.11,0.3333,0.0,0.431,392.13,16,16,1
0.333,0.2,0,1.429,334.78,361.08,93,1.373,9,0.2,0.0,0.07,0,1.333,36.7,0,1.0,0,0,0,0.0,0.0,478.52,478.52,0,2,0,0,1.61,0.33,0.37,0.2,0.0,0.5016,361.08,9,9,1
0.0,0.0,0,1.26,266.8,0.0,201,1.516,7,0.0,0.0,0.1,0,0.0,10.0,0,0.0,0,0,0,0.633,0.0,336.23,336.23,1,2,0,0,1.94,0.0,0.45,0.0,0.0,0.0969,0.0,7,7,0
0.0,0.125,0,0.723,284.96,68.48,441,0.476,1,0.125,0.0,0.2,0,-1.25,0.0,0,0.0,0,0,0,0.0,0.0,206.07,206.07,1,2,0,0,0.54,0.0,0.13,0.125,0.0,0.1204,68.48,1,1,0
0.0,0.0,0,0.227,251.3,0.0,79,2.264,5,0.0,0.0,0.12,0,0.0,10.0,0,0.0,0,0,0,0.86,0.0,56.98,56.98,1,3,0,0,2.66,0.0,0.61,0.0,0.0,0.0324,0.0,5,5,0
0.0,0.0,0,1.0,211.01,0.0,23,1.424,13,0.0,0.0,0.07,0,0.0,10.0,0,0.0,0,0,1,2.409,0.0,211.01,211.01,0,1,0,0,1.3,0.0,0.3,0.0,0.0,1.0,0.0,13,13,1
0.0,0.0,0,0.973,300.6,0.0,82,0.559,27,0.0,0.0,0.1,0,0.0,10.0,0,0.0,0,0,0,1.947,0.0,292.51,292.51,0,2,0,0,1.1,0.0,0.25,0.0,0.0,0.3244,0.0,27,27,0
0.667,0.5,1,1.203,279.74,201.34,318,0.349,30,0.5,0.0,0.12,0,1.667,43.3,0,0.333,0,0,0,0.0,147.36,336.4,336.4,0,1,0,1,0.57,0.67,0.13,0.5,1.0,0.5603,201.34,30,30,1
0.0,0.0,0,1.199,263.41,0.0,253,0.918,18,0.0,0.0,0.2,0,0.0,10.0,0,0.0,0,0,0,2.394,0.0,315.78,315.78,0,2,0,0,0.71,0.0,0.16,0.0,0.0,0.1998,0.0,18,18,0
0.667,0.2,1,0.778,299.58,494.04,177,2.079,13,0.2,0.0,0.1,0,4.667,100.0,0,1.0,0,0,0,2.293,494.71,233.02,233.02,0,3,0,1,1.69,0.67,0.39,0.2,0.3333,0.4076,494.04,13,13,0
0.0,0.0,0,1.246,262.66,0.0,370,0.466,8,0.0,0.0,0.12,0,0.0,10.0,0,0.0,1,0,0,0.0,0.0,327.34,327.34,1,2,0,0,0.49,0.0,0.11,0.0,0.0,0.2077,0.0,8,8,0
0.0,0.0,0,1.437,183.22,0.0,43,1.654,26,0.0,0.0,0.12,0,0.0,10.0,0,0.0,1,0,0,0.0,0.0,263.22,263.22,0,2,0,0,2.09,0.0,0.48,0.0,0.0,0.4789,0.0,26,26,1
0.667,0.6667,1,1.057,277.11,269.24,148,0.812,18,0.6667,0.5,0.2,0,0.0,10.0,0,1.0,0,0,0,1.25,313.84,292.86,292.86,0,1,0,1,0.61,0.67,0.14,0.6667,1.0,1.0,269.24,18,18,1
0.0,0.4,0,0.984,256.44,240.91,278,1.014,28,0.4,0.0,0.07,0,-4.0,0.0,0,0.75,0,0,0,0.985,0.0,252.44,252.44,0,1,0,0,1.08,0.0,0.25,0.4,0.0,0.4742,240.91,28,28,1
0.333,0.1429,1,0.547,319.91,355.86,554,0.262,9,0.1429,0.5,0.2,0,1.905,48.1,0,1.0,0,0,0,0.0,355.86,175.13,175.13,0,1,0,1,0.38,0.33,0.09,0.1429,1.0,0.2371,355.86,9,9,0
0.0,0.0714,0,1.147,211.14,122.72,336,1.246,16,0.0714,0.2,0.12,0,-0.714,0.0,0,0.0,0,0,0,4.093,0.0,242.24,242.24,0,4,0,0,1.25,0.0,0.29,0.0714,0.0,0.1235,122.72,16,16,0
0.0,0.3333,0,1.971,245.06,244.32,569,0.369,15,0.3333,0.0,0.2,0,-3.333,0.0,0,0.5,0,0,0,0.0,0.0,483.11,483.11,0,1,0,0,0.32,0.0,0.07,0.3333,0.0,0.6609,244.32,15,15,1
0.333,0.5,0,0.855,412.42,472.36,76,0.548,2,0.5,0.0,0.07,0,-1.667,0.0,0,1.0,0,0,0,0.0,0.0,352.48,352.48,1,1,0,0,0.79,0.33,0.18,0.5,0.0,1.0,472.36,2,2,1
0.333,0.1429,0,0.884,238.1,249.49,107,1.37,20,0.1429,0.0,0.07,0,1.905,48.1,0,1.0,0,0,0,0.0,0.0,210.49,210.49,2,4,0,0,1.96,0.33,0.45,0.1429,0.0,0.276,249.49,20,20,0
0.0,0.0,0,1.078,379.26,0.0,228,0.391,29,0.0,0.0,0.1,0,0.0,10.0,0,0.0,0,0,0,0.0,0.0,408.87,408.87,0,1,0,0,0.66,0.0,0.15,0.0,0.0,0.2156,0.0,29,29,0
0.0,0.0,0,1.0,172.32,0.0,19,0.286,18,0.0,0.0,0.2,0,0.0,10.0,0,0.0,0,0,1,0.0,0.0,172.32,172.32,0,1,0,0,1.58,0.0,0.36,0.0,0.0,1.0,0.0,18,18,0
0.0,0.5833,0,1.181,236.61,237.07,545,0.605,26,0.5833,0.6667,0.12,0,-5.833,0.0,0,0.571,1,0,0,1.708,0.0,279.34,279.34,1,2,0,0,0.66,0.0,0.15,0.5833,0.0,0.6829,237.07,26,26,1
0.0,0.6,0,0.925,258.79,292.83,628,0.587,14,0.6,0.3333,0.1,0,-6.0,0.0,0,0.667,0,0,0,6.236,0.0,239.31,239.31,0,1,0,0,0.48,0.0,0.11,0.6,0.0,0.7714,292.83,14,14,1
0.0,0.0,0,0.353,248.96,0.0,207,0.921,7,0.0,0.0,0.07,0,0.0,10.0,0,0.0,0,0,0,1.1,0.0,87.84,87.84,1,1,0,0,1.01,0.0,0.23,0.0,0.0,0.0504,0.0,7,7,0
0.0,0.0,0,1.514,280.5,0.0,183,1.195,26,0.0,0.0,0.2,0,0.0,10.0,0,0.0,0,0,0,0.0,0.0,424.66,424.66,0,2,0,0,1.31,0.0,0.3,0.0,0.0,0.1892,0.0,26,26,0
0.0,0.3333,0,0.217,197.51,179.44,549,0.6,17,0.3333,0.0,0.05,0,-3.333,0.0,0,0.5,0,0,0,0.0,0.0,42.8,42.8,1,2,0,0,0.66,0.0,0.15,0.3333,0.0,0.3209,179.44,17,17,1
0.0,0.0,0,1.0,260.46,0.0,37,0.875,16,0.0,0.0,0.07,0,0.0,10.0,0,0.0,0,0,0,0.0,0.0,260.46,260.46,0,1,0,0,0.81,0.0,0.19,0.0,0.0,1.0,0.0,16,16,0
0.0,0.5,0,0.803,334.34,363.15,356,0.467,12,0.5,0.0,0.2,0,-5.0,0.0,0,1.0,0,0,0,2.283,0.0,268.55,268.55,0,1,0,0,0.51,0.0,0.12,0.5,0.0,0.6769,363.15,12,12,1
0.333,0.1667,1,1.176,338.56,247.63,54,3.333,14,0.1667,0.0,0.2,1,1.667,43.3,0,1.0,0,0,0,0.8,247.63,397.98,397.98,0,3,0,1,3.33,0.33,0.77,0.1667,0.3333,0.3178,247.63,14,14,1
0.0,0.2,0,1.165,197.25,235.42,601,0.48,27,0.2,0.5,0.12,0,-2.0,0.0,0,0.5,0,0,0,2.175,0.0,229.74,229.74,0,1,0,0,0.5,0.0,0.12,0.2,0.0,0.3552,235.42,27,27,1
0.333,0.25,0,0.834,297.22,425.51,212,0.653,2,0.25,0.5,0.1,0,0.833,26.7,0,1.0,0,0,0,0.0,0.0,247.75,247.75,2,2,0,0,0.57,0.33,0.13,0.25,0.0,0.5663,425.51,2,2,1
0.0,0.0769,0,0.411,260.76,318.39,358,0.956,14,0.0769,0.0,0.05,0,-0.769,0.0,0,1.0,0,0,0,0.0,0.0,107.21,107.21,0,3,0,0,1.09,0.0,0.25,0.0769,0.0,0.1256,318.39,14,14,0
0.0,0.0,0,1.09,348.08,0.0,27,5.51,7,0.0,0.0,0.07,0,0.0,10.0,0,0.0,0,0,1,1.0,0.0,379.55,379.55,3,3,0,0,3.33,0.0,0.77,0.0,0.0,0.3635,0.0,7,7,0
0.667,0.75,0,1.129,133.3,127.57,267,0.554,10,0.75,0.0,0.08,1,-0.833,0.0,0,0.0,0,0,0,0.0,0.0,150.48,150.48,0,1,0,0,0.45,0.67,0.1,0.75,0.0,1.0,127.57,10,10,1
0.0,0.0,0,1.587,231.6,0.0,296,0.405,22,0.0,0.0,0.2,0,0.0,10.0,0,0.0,0,0,0,0.0,0.0,367.53,367.53,0,1,0,0,0.51,0.0,0.12,0.0,0.0,0.3174,0.0,22,22,0
0.0,0.0,0,1.0,275.06,0.0,178,0.398,7,0.0,0.0,0.2,0,0.0,10.0,0,0.0,0,0,0,0.0,0.0,275.06,275.06,1,1,0,0,0.17,0.0,0.04,0.0,0.0,1.0,0.0,7,7,0
0.0,0.0,0,1.306,209.79,0.0,114,1.25,12,0.0,0.0,0.12,0,0.0,10.0,0,0.0,0,0,0,2.782,0.0,273.93,273.93,0,1,0,0,0.79,0.0,0.18,0.0,0.0,0.4352,0.0,12,12,0
0.0,0.0,0,1.154,237.58,0.0,31,2.625,20,0.0,0.0,0.2,0,0.0,10.0,0,0.0,0,0,0,2.222,0.0,274.06,274.06,0,3,0,0,2.9,0.0,0.67,0.0,0.0,0.3845,0.0,20,20,0
0.0,0.0,0,1.842,205.04,0.0,55,1.024,16,0.0,0.0,0.07,0,0.0,10.0,0,0.0,0,0,0,0.975,0.0,377.75,377.75,0,2,0,0,1.64,0.0,0.38,0.0,0.0,0.6141,0.0,16,16,1
0.667,0.4444,2,0.449,211.15,214.23,263,0.962,23,0.4444,0.0,0.03,0,2.222,54.4,0,0.5,0,0,0,1.043,263.32,94.74,94.74,1,3,0,2,1.03,0.67,0.24,0.4444,0.6667,0.5008,214.23,23,23,1
1.0,0.5,1,1.044,266.32,223.91,551,0.671,22,0.5,0.5,0.12,0,5.0,100.0,0,0.5,0,0,0,1.531,444.57,277.94,277.94,0,1,0,1,0.65,1.0,0.15,0.5,1.0,0.5073,223.91,22,22,1
0.0,0.0,0,0.854,357.69,0.0,27,0.82,9,0.0,0.0,0.12,0,0.0,10.0,0,0.0,0,0,1,0.0,0.0,305.4,305.4,0,2,0,0,2.22,0.0,0.51,0.0,0.0,0.4269,0.0,9,9,0
0.0,0.2857,0,1.064,293.11,337.42,307,0.555,6,0.2857,0.0,0.12,0,-2.857,0.0,0,0.5,0,0,0,0.0,0.0,311.75,311.75,1,2,0,0,0.68,0.0,0.16,0.2857,0.0,0.4808,337.42,6,6,1
0.0,0.0,0,1.612,240.12,0.0,963,0.24,27,0.0,0.0,0.12,0,0.0,10.0,0,0.0,0,0,0,4.619,0.0,387.04,387.04,0,2,0,0,0.22,0.0,0.05,0.0,0.0,0.2303,0.0,27,27,0
0.0,0.0,0,0.655,348.21,0.0,885,0.131,14,0.0,0.0,0.05,0,0.0,10.0,0,0.0,0,0,0,0.0,0.0,228.03,228.03,0,1,0,0,0.14,0.0,0.03,0.0,0.0,0.1637,0.0,14,14,0
0.333,0.3333,1,1.926,189.48,43.66,44,1.071,3,0.3333,0.0,0.03,0,0.0,10.0,0,0.0,0,0,0,0.0,43.66,364.88,364.88,2,2,0,1,2.05,0.33,0.47,0.3333,0.5,0.7187,43.66,3,3,1
0.667,0.1818,1,1.509,248.95,39.52,75,4.4,1,0.1818,0.3333,0.2,0,4.848,100.0,0,0.0,0,0,0,1.25,42.07,375.57,375.57,2,5,0,1,4.4,0.67,1.02,0.1818,0.2,0.166,39.52,1,1,0
0.0,0.0,0,1.127,228.6,0.0,338,0.74,13,0.0,0.0,0.05,0,0.0,10.0,0,0.0,0,0,0,0.0,0.0,257.59,257.59,0,1,0,0,0.8,0.0,0.18,0.0,0.0,0.1252,0.0,13,13,0
0.0,0.0,0,0.651,255.42,0.0,70,0.699,15,0.0,0.0,0.2,0,0.0,10.0,0,0.0,0,0,0,0.0,0.0,166.25,166.25,0,2,0,0,0.86,0.0,0.2,0.0,0.0,0.3254,0.0,15,15,0
0.0,0.0,0,1.0,135.89,0.0,28,0.67,28,0.0,0.0,0.05,0,0.0,10.0,0,0.0,0,0,1,3.644,0.0,135.89,135.89,0,1,0,0,1.07,0.0,0.25,0.0,0.0,1.0,0.0,28,28,1
0.0,0.0,0,1.0,62.68,0.0,62,0.243,9,0.0,0.0,0.07,0,0.0,10.0,0,0.0,1,0,0,4.733,0.0,62.68,62.68,0,1,0,0,0.48,0.0,0.11,0.0,0.0,1.0,0.0,9,9,0
0.333,0.5455,1,0.679,307.11,361.64,293,0.785,27,0.5455,0.6,0.2,1,-2.121,0.0,0,1.0,0,0,0,1.293,255.13,208.62,208.62,0,2,1,1,1.13,0.33,0.26,0.5455,0.5,0.7041,361.64,27,27,1
0.0,0.0,0,0.909,123.84,0.0,348,0.115,29,0.0,0.0,0.08,0,0.0,10.0,0,0.0,0,0,0,0.0,0.0,112.59,112.59,0,2,0,0,0.17,0.0,0.04,0.0,0.0,0.4546,0.0,29,29,1
0.667,0.4444,1,1.38,346.92,270.91,672,0.483,13,0.4444,0.0,0.05,0,2.222,54.4,0,1.0,0,0,0,0.0,237.65,478.69,478.69,1,3,0,1,0.4,0.67,0.09,0.4444,0.3333,0.5004,270.91,13,13,1
0.0,0.0,0,1.761,274.67,0.0,82,0.955,13,0.0,0.0,0.1,0,0.0,10.0,0,0.0,0,0,0,3.856,0.0,483.63,483.63,0,1,0,0,0.73,0.0,0.17,0.0,0.0,0.8804,0.0,13,13,1
0.333,0.125,0,1.343,280.14,108.55,184,1.304,7,0.125,0.0,0.1,0,2.083,51.7,0,0.0,0,0,0,1.711,0.0,376.13,376.13,1,2,0,0,1.3,0.33,0.3,0.125,0.0,0.2163,108.55,7,7,1
0.0,0.0,0,1.0,402.96,0.0,270,0.235,2,0.0,0.0,0.1,0,0.0,10.0,0,0.0,0,0,0,0.0,0.0,402.96,402.96,1,1,0,0,0.11,0.0,0.03,0.0,0.0,1.0,0.0,2,2,0
0.333,0.5,0,0.867,272.64,238.37,609,0.447,22,0.5,0.5,0.1,0,-1.667,0.0,0,0.75,1,0,0,0.0,0.0,236.32,236.32,1,2,0,0,0.39,0.33,0.09,0.5,0.0,0.5455,238.37,22,22,1
0.0,0.0,0,0.614,202.19,0.0,708,0.217,29,0.0,0.0,0.1,0,0.0,10.0,0,0.0,0,0,0,0.0,0.0,124.1,124.1,0,2,0,0,0.25,0.0,0.06,0.0,0.0,0.1023,0.0,29,29,0
0.0,0.125,0,1.083,328.36,41.24,527,0.512,13,0.125,0.0,0.12,0,-1.25,0.0,0,0.0,0,0,0,0.0,0.0,355.58,355.58,0,2,0,0,0.46,0.0,0.11,0.125,0.0,0.1511,41.24,13,13,0
0.0,0.0909,0,1.16,279.3,132.27,729,0.429,9,0.0909,0.0,0.07,0,-0.909,0.0,0,0.0,0,0,0,0.0,0.0,323.96,323.96,0,2,0,0,0.45,0.0,0.1,0.0909,0.0,0.1485,132.27,9,9,0
0.0,0.5,0,1.575,298.48,222.71,557,0.282,28,0.5,0.0,0.08,1,-5.0,0.0,0,0.5,0,0,0,0.0,0.0,470.04,470.04,0,1,0,0,0.43,0.0,0.1,0.5,0.0,0.5699,222.71,28,28,1
0.0,0.0,0,0.226,215.63,0.0,377,0.458,9,0.0,0.0,0.08,0,0.0,10.0,0,0.0,0,0,0,6.05,0.0,48.81,48.81,0,1,0,0,0.4,0.0,0.09,0.0,0.0,0.0453,0.0,9,9,0
0.333,0.3636,0,1.855,178.44,238.16,390,0.616,6,0.3636,0.0,0.1,0,-0.303,3.9,0,0.5,0,0,0,0.0,0.0,331.03,331.03,2,2,0,0,0.85,0.33,0.2,0.3636,0.0,0.654,238.16,6,6,1
0.333,0.4286,0,1.754,252.2,314.69,694,0.442,19,0.4286,0.25,0.03,0,-0.952,0.0,0,1.0,0,0,0,2.359,0.0,442.47,442.47,0,1,0,0,0.3,0.33,0.07,0.4286,0.0,0.7854,314.69,19,19,1
0.0,0.4286,0,0.749,229.86,236.51,588,0.738,4,0.4286,0.25,0.12,1,-4.286,0.0,0,0.667,0,0,0,2.974,0.0,172.11,172.11,1,2,0,0,0.71,0.0,0.16,0.4286,0.0,0.4945,236.51,4,4,1
0.0,0.5,0,2.347,183.99,112.1,594,0.24,14,0.5,0.5,0.07,0,-5.0,0.0,0,0.0,0,0,0,4.614,0.0,431.73,431.73,0,1,0,0,0.2,0.0,0.05,0.5,0.0,0.8913,112.1,14,14,1
0.333,0.1667,1,1.123,219.05,145.92,54,2.967,14,0.1667,0.0,0.2,0,1.667,43.3,0,0.0,0,0,0,1.017,145.92,246.0,246.0,0,4,0,1,3.33,0.33,0.77,0.1667,0.25,0.2982,145.92,14,14,0
0.0,0.1429,0,0.394,264.26,235.35,283,0.699,10,0.1429,0.0,0.1,0,-1.429,0.0,0,1.0,0,0,0,0.0,0.0,104.24,104.24,0,1,0,0,0.74,0.0,0.17,0.1429,0.0,0.1836,235.35,10,10,0
0.0,0.0,0,1.0,185.03,0.0,341,0.167,7,0.0,0.0,0.07,0,0.0,10.0,0,0.0,0,0,0,0.0,0.0,185.03,185.03,1,1,0,0,0.09,0.0,0.02,0.0,0.0,1.0,0.0,7,7,0
0.0,0.0667,0,0.357,203.05,258.15,310,1.452,7,0.0667,0.0,0.2,0,-0.667,0.0,0,1.0,0,0,0,3.394,0.0,72.42,72.42,2,4,0,0,1.45,0.0,0.34,0.0667,0.0,0.1085,258.15,7,7,0
0.0,0.1429,0,1.198,303.96,392.33,406,0.454,30,0.1429,0.0,0.1,0,-1.429,0.0,0,1.0,0,0,0,5.024,0.0,364.02,364.02,0,2,0,0,0.52,0.0,0.12,0.1429,0.0,0.3555,392.33,30,30,1
0.667,0.2857,1,0.811,301.27,42.21,63,1.622,9,0.2857,0.0,0.03,1,3.81,86.2,0,0.0,0,0,0,0.0,40.64,244.4,244.4,0,3,0,1,3.33,0.67,0.77,0.2857,0.3333,0.1559,42.21,9,9,1
0.667,0.6667,2,0.844,189.48,204.27,50,1.071,9,0.6667,0.0,0.1,0,0.0,10.0,0,0.5,0,0,0,0.0,408.54,159.9,159.9,0,2,1,2,1.8,0.67,0.42,0.6667,1.0,1.0,204.27,9,9,1
0.0,0.5,0,0.894,198.63,186.08,734,0.463,29,0.5,0.0,0.07,1,-5.0,0.0,0,0.333,0,0,0,0.0,0.0,177.57,177.57,0,1,0,0,0.49,0.0,0.11,0.5,0.0,0.5429,186.08,29,29,1
0.0,0.0,0,1.328,336.4,0.0,110,1.007,25,0.0,0.0,0.12,0,0.0,10.0,0,0.0,0,0,0,2.233,0.0,446.86,446.86,0,2,0,0,0.82,0.0,0.19,0.0,0.0,0.4428,0.0,25,25,0
0.0,0.1429,0,1.114,230.64,275.44,273,1.579,13,0.1429,0.0,0.07,0,-1.429,0.0,0,0.5,0,0,0,1.308,0.0,256.99,256.99,0,1,0,0,1.54,0.0,0.36,0.1429,0.0,0.2502,275.44,13,13,0
0.0,0.1429,0,1.543,243.95,66.67,593,0.388,11,0.1429,0.0,0.05,0,-1.429,0.0,0,0.0,0,0,0,2.805,0.0,376.33,376.33,0,1,0,0,0.35,0.0,0.08,0.1429,0.0,0.2594,66.67,11,11,0
0.0,0.1111,0,0.083,297.75,477.88,388,0.589,1,0.1111,0.0,0.07,0,-1.111,0.0,0,1.0,0,0,0,1.774,0.0,24.8,24.8,3,3,0,0,0.7,0.0,0.16,0.1111,0.0,0.1876,477.88,1,1,0
0.0,0.1667,0,2.148,186.42,50.09,552,0.323,7,0.1667,0.0,0.08,0,-1.667,0.0,0,0.0,0,0,0,0.0,0.0,400.42,400.42,1,1,0,0,0.33,0.0,0.08,0.1667,0.0,0.4028,50.09,7,7,0
0.0,0.0,0,1.091,288.28,0.0,68,0.369,16,0.0,0.0,0.05,1,0.0,10.0,0,0.0,0,0,0,0.0,0.0,314.5,314.5,1,2,0,0,0.88,0.0,0.2,0.0,0.0,0.5455,0.0,16,16,1
0.0,0.0,0,2.042,217.04,0.0,375,0.526,22,0.0,0.0,0.12,0,0.0,10.0,0,0.0,1,0,0,1.978,0.0,443.16,443.16,0,4,0,0,0.56,0.0,0.13,0.0,0.0,0.2917,0.0,22,22,1
1.0,0.375,1,0.212,240.38,284.24,102,1.912,3,0.375,0.0,0.1,0,6.25,100.0,0,0.333,0,0,0,0.0,186.55,51.08,51.08,2,3,0,1,2.35,1.0,0.54,0.375,0.3333,0.47,284.24,3,3,0
0.0,0.2222,0,0.276,221.89,368.73,404,0.622,6,0.2222,0.0,0.12,0,-2.222,0.0,0,1.0,1,0,0,0.0,0.0,61.22,61.22,1,1,0,0,0.67,0.0,0.15,0.2222,0.0,0.3999,368.73,6,6,1
0.0,0.0,0,0.999,28.42,0.0,104,0.539,22,0.0,0.0,0.2,0,0.0,10.0,0,0.0,0,0,0,0.0,0.0,28.41,28.41,0,1,0,0,0.58,0.0,0.13,0.0,0.0,0.4997,0.0,22,22,0
0.0,0.0,0,1.0,107.36,0.0,30,1.911,11,0.0,0.0,0.07,0,0.0,10.0,0,0.0,1,0,0,0.47,0.0,107.36,107.36,0,1,0,0,1.0,0.0,0.23,0.0,0.0,1.0,0.0,11,11,0
0.0,0.0,0,0.515,176.78,0.0,371,0.433,19,0.0,0.0,0.2,0,0.0,10.0,0,0.0,0,0,0,0.0,0.0,91.06,91.06,0,1,0,0,0.4,0.0,0.09,0.0,0.0,0.103,0.0,19,19,0
0.0,0.5,0,2.16,230.21,136.5,254,0.598,8,0.5,0.0,0.12,0,-5.0,0.0,0,0.0,0,0,0,0.0,0.0,497.31,497.31,0,1,0,0,0.47,0.0,0.11,0.5,0.0,0.8365,136.5,8,8,0
0.0,0.0,0,0.277,197.62,0.0,16,0.542,1,0.0,0.0,0.2,1,0.0,10.0,0,0.0,0,0,1,1.967,0.0,54.7,54.7,2,2,0,0,3.75,0.0,0.87,0.0,0.0,0.1384,0.0,1,1,1
0.333,0.4,0,0.795,252.64,255.34,593,0.498,29,0.4,0.0,0.05,0,-0.667,0.0,0,0.5,1,0,0,0.0,0.0,200.88,200.88,0,1,0,0,0.51,0.33,0.12,0.4,0.0,0.4838,255.34,29,29,1
0.0,0.0833,0,1.47,243.9,139.1,157,2.293,16,0.0833,0.0,0.08,0,-0.833,0.0,0,0.0,0,0,0,0.385,0.0,358.56,358.56,0,1,0,0,2.29,0.0,0.53,0.0833,0.0,0.17,139.1,16,16,0
0.0,0.0,0,1.0,303.17,0.0,17,0.599,1,0.0,0.0,0.2,0,0.0,10.0,0,0.0,0,0,1,0.0,0.0,303.17,303.17,1,1,0,0,1.76,0.0,0.41,0.0,0.0,1.0,0.0,1,1,0
0.0,0.0,0,0.871,226.08,0.0,494,0.338,28,0.0,0.0,0.1,0,0.0,10.0,0,0.0,0,0,0,7.314,0.0,196.96,196.96,0,1,0,0,0.24,0.0,0.06,0.0,0.0,0.2178,0.0,28,28,0
2.333,0.5385,4,0.31,219.63,199.74,68,5.493,21,0.5385,0.0,0.07,1,17.949,100.0,0,0.429,0,1,0,1.171,777.24,68.02,68.02,2,7,1,4,5.74,2.33,1.32,0.5385,0.5714,0.5135,199.74,21,21,1
0.0,0.0,0,0.308,215.0,0.0,61,0.847,4,0.0,0.0,0.07,0,0.0,10.0,0,0.0,0,0,0,0.0,0.0,66.13,66.13,1,3,0,0,2.46,0.0,0.57,0.0,0.0,0.0615,0.0,4,4,0
0.667,0.3846,1,1.67,292.64,235.36,385,0.99,27,0.3846,0.0,0.1,1,2.821,66.4,0,0.6,0,0,0,0.0,125.99,488.64,488.64,0,1,0,1,1.01,0.67,0.23,0.3846,1.0,0.4378,235.36,27,27,1
0.0,0.25,0,1.883,187.37,136.95,224,0.597,8,0.25,0.3333,0.07,0,-2.5,0.0,0,0.0,0,0,0,0.0,0.0,352.88,352.88,0,1,0,0,0.54,0.0,0.12,0.25,0.0,0.6536,136.95,8,8,0
0.0,0.0,0,1.516,161.67,0.0,80,0.525,16,0.0,0.0,0.2,0,0.0,10.0,0,0.0,0,0,0,0.0,0.0,245.02,245.02,0,2,0,0,0.75,0.0,0.17,0.0,0.0,0.7578,0.0,16,16,0
0.0,0.2857,0,1.849,204.57,281.66,814,0.258,9,0.2857,0.0,0.03,1,-2.857,0.0,0,0.5,0,0,0,0.0,0.0,378.16,378.16,0,1,0,0,0.26,0.0,0.06,0.2857,0.0,0.6575,281.66,9,9,1
0.0,0.1667,0,0.989,229.46,187.14,400,0.732,28,0.1667,0.0,0.12,0,-1.667,0.0,0,0.0,0,0,0,1.395,0.0,227.0,227.0,1,2,0,0,0.45,0.0,0.1,0.1667,0.0,0.3008,187.14,28,28,0
0.333,0.3077,0,0.896,279.4,264.2,346,0.915,19,0.3077,0.0,0.05,0,0.256,15.1,0,0.75,0,0,0,0.0,0.0,250.44,250.44,0,2,0,0,1.13,0.33,0.26,0.3077,0.0,0.3599,264.2,19,19,1
0.667,0.3333,1,1.827,258.25,353.1,437,0.543,22,0.3333,0.0,0.1,0,3.333,76.7,0,0.667,0,0,0,0.0,442.37,471.72,471.72,0,3,0,1,0.62,0.67,0.14,0.3333,0.3333,0.6587,353.1,22,22,1
0.333,0.25,1,1.511,281.98,99.55,26,4.615,18,0.25,0.0,0.1,1,0.833,26.7,0,0.0,0,0,1,1.0,99.55,426.12,426.12,0,4,0,1,4.62,0.33,1.07,0.25,0.25,0.466,99.55,18,18,1
0.0,0.0,0,0.9,115.75,0.0,162,0.163,11,0.0,0.0,0.05,0,0.0,10.0,0,0.0,0,0,0,0.0,0.0,104.21,104.21,0,2,0,0,0.56,0.0,0.13,0.0,0.0,0.3001,0.0,11,11,0
0.333,0.25,0,1.135,262.58,360.01,132,0.426,14,0.25,0.0,0.12,0,0.833,26.7,0,1.0,0,0,0,0.0,0.0,297.96,297.96,0,1,0,0,0.91,0.33,0.21,0.25,0.0,0.6265,360.01,14,14,0
1.667,0.4,4,1.046,329.82,343.13,154,2.459,26,0.4,0.0,0.2,1,12.667,100.0,0,0.833,0,1,0,0.0,1226.77,344.89,344.89,0,5,1,4,2.92,1.67,0.67,0.4,0.8,0.4859,343.13,26,26,1
0.0,0.1111,0,1.562,310.39,400.73,215,1.22,12,0.1111,0.0,0.12,0,-1.111,0.0,0,1.0,0,0,0,0.803,0.0,484.78,484.78,0,1,0,0,1.26,0.0,0.29,0.1111,0.0,0.317,400.73,12,12,0
1.333,0.4,2,2.088,220.26,185.17,66,3.75,2,0.4,0.0,0.08,1,9.333,100.0,0,0.5,0,0,0,0.74,330.44,459.94,459.94,2,6,0,2,4.55,1.33,1.05,0.4,0.3333,0.5451,185.17,2,2,1
0.0,0.0,0,0.92,289.49,0.0,810,0.398,9,0.0,0.0,0.2,0,0.0,10.0,0,0.0,1,0,0,0.0,0.0,266.44,266.44,1,3,0,0,0.44,0.0,0.1,0.0,0.0,0.0767,0.0,9,9,0
0.0,0.5714,0,0.209,172.98,171.3,705,0.267,15,0.5714,0.6667,0.07,0,-5.714,0.0,0,0.5,0,0,0,0.0,0.0,36.22,36.22,0,1,0,0,0.3,0.0,0.07,0.5714,0.0,0.5958,171.3,15,15,1
0.0,0.0,0,1.0,205.95,0.0,27,1.038,7,0.0,0.0,0.1,0,0.0,10.0,0,0.0,0,0,1,0.958,0.0,205.95,205.95,1,1,0,0,1.11,0.0,0.26,0.0,0.0,1.0,0.0,7,7,1
0.667,0.4,2,1.46,188.08,94.34,436,0.402,27,0.4,0.0,0.05,0,2.667,63.3,0,0.0,0,0,0,0.0,188.69,274.6,274.6,0,3,1,2,0.34,0.67,0.08,0.4,0.6667,0.4927,94.34,27,27,1
0.0,0.0,0,0.443,240.8,0.0,75,0.875,28,0.0,0.0,0.2,1,0.0,10.0,0,0.0,0,0,0,0.0,0.0,106.57,106.57,0,5,0,0,2.0,0.0,0.46,0.0,0.0,0.0885,0.0,28,28,1
0.667,0.2857,1,1.258,237.6,309.2,97,1.494,10,0.2857,0.3333,0.07,1,3.81,86.2,0,1.0,0,0,0,0.0,259.33,298.79,298.79,0,2,0,1,2.16,0.67,0.5,0.2857,0.5,0.5514,309.2,10,10,1
0.333,0.3333,0,1.662,260.74,180.24,412,0.304,26,0.3333,0.0,0.1,0,0.0,10.0,0,0.0,0,0,0,0.0,0.0,433.35,433.35,0,1,0,0,0.22,0.33,0.05,0.3333,0.0,0.7844,180.24,26,26,0
0.333,0.125,0,1.222,365.18,280.61,241,1.206,3,0.125,0.0,0.07,0,2.083,51.7,0,1.0,0,0,0,0.817,0.0,446.39,446.39,1,2,0,0,1.0,0.33,0.23,0.125,0.0,0.2488,280.61,3,3,0
0.0,0.0,0,1.079,218.74,0.0,335,0.216,23,0.0,0.0,0.2,0,0.0,10.0,0,0.0,1,0,0,0.0,0.0,236.12,236.12,0,1,0,0,0.27,0.0,0.06,0.0,0.0,0.3598,0.0,23,23,0
0.667,0.5714,0,0.988,281.49,331.82,571,0.745,1,0.5714,0.75,0.2,1,0.952,29.0,0,0.75,0,0,0,1.367,0.0,278.15,278.15,1,2,0,0,0.74,0.67,0.17,0.5714,0.0,0.7442,331.82,1,1,1
0.0,0.0,0,1.43,337.07,0.0,503,0.553,13,0.0,0.0,0.08,0,0.0,10.0,0,0.0,0,0,0,1.89,0.0,482.09,482.09,0,2,0,0,0.54,0.0,0.12,0.0,0.0,0.1589,0.0,13,13,0
0.0,0.5,0,1.108,194.57,232.7,254,0.359,17,0.5,0.0,0.05,0,-5.0,0.0,0,0.5,0,0,0,0.0,0.0,215.5,215.5,0,1,0,0,0.47,0.0,0.11,0.5,0.0,0.8749,232.7,17,17,1
0.667,0.4,1,0.998,191.1,104.54,234,0.53,6,0.4,0.0,0.03,0,2.667,63.3,0,0.0,0,0,0,4.239,39.37,190.67,190.67,1,1,0,1,0.64,0.67,0.15,0.4,1.0,0.4184,104.54,6,6,1
0.0,0.4167,0,0.937,269.79,241.86,617,0.528,30,0.4167,0.3333,0.05,0,-4.167,0.0,0,0.4,0,0,0,0.0,0.0,252.76,252.76,0,1,0,0,0.58,0.0,0.13,0.4167,0.0,0.4516,241.86,30,30,1
0.0,0.5,0,0.97,357.54,375.31,825,0.323,30,0.5,0.0,0.08,0,-5.0,0.0,0,1.0,0,0,0,3.333,0.0,346.81,346.81,0,1,0,0,0.29,0.0,0.07,0.5,0.0,0.6461,375.31,30,30,1
0.333,0.3333,1,1.097,265.84,349.03,495,0.271,10,0.3333,0.0,0.12,1,0.0,10.0,0,1.0,0,0,0,0.0,327.72,291.63,291.63,0,1,0,1,0.36,0.33,0.08,0.3333,1.0,0.6205,349.03,10,10,1
0.0,0.4286,0,2.113,230.5,133.25,351,0.53,3,0.4286,0.0,0.05,0,-4.286,0.0,0,0.0,0,0,0,4.239,0.0,487.08,487.08,1,1,0,0,0.6,0.0,0.14,0.4286,0.0,0.5496,133.25,3,3,1
0.333,0.0714,1,0.624,285.77,478.33,443,0.709,6,0.0714,0.0,0.03,0,2.619,62.4,0,1.0,0,0,0,0.0,478.33,178.28,178.28,1,2,1,1,0.95,0.33,0.22,0.0714,0.5,0.1641,478.33,6,6,0
0.0,0.1538,0,1.039,190.48,226.27,767,0.498,15,0.1538,0.0,0.08,0,-1.538,0.0,0,1.0,0,0,0,0.0,0.0,197.92,197.92,0,1,0,0,0.51,0.0,0.12,0.1538,0.0,0.2627,226.27,15,15,0
0.333,0.2,1,1.054,314.18,290.56,35,3.082,20,0.2,0.3333,0.07,1,1.333,36.7,0,1.0,1,0,0,0.595,290.56,331.29,331.29,0,4,0,1,4.29,0.33,0.99,0.2,0.25,0.3959,290.56,20,20,1
0.667,0.3333,1,1.786,247.57,138.86,120,0.725,9,0.3333,0.5,0.2,0,3.333,76.7,0,0.0,0,0,0,1.407,133.45,442.05,442.05,0,2,0,1,1.5,0.67,0.35,0.3333,0.5,0.4846,138.86,9,9,1
0.0,0.0,0,1.221,287.09,0.0,344,1.233,5,0.0,0.0,0.2,0,0.0,10.0,0,0.0,0,0,0,0.798,0.0,350.44,350.44,1,2,0,0,1.31,0.0,0.3,0.0,0.0,0.0814,0.0,5,5,0
0.0,0.0,0,0.811,211.9,0.0,265,1.132,1,0.0,0.0,0.2,0,0.0,10.0,0,0.0,0,0,0,1.92,0.0,171.91,171.91,1,3,0,0,1.02,0.0,0.24,0.0,0.0,0.0901,0.0,1,1,0
0.0,0.0,0,0.903,325.17,0.0,85,0.585,26,0.0,0.0,0.2,0,0.0,10.0,0,0.0,1,0,0,0.0,0.0,293.53,293.53,0,2,0,0,1.76,0.0,0.41,0.0,0.0,0.1805,0.0,26,26,0
0.0,0.0,0,1.0,298.53,0.0,47,0.244,16,0.0,0.0,0.1,0,0.0,10.0,0,0.0,0,0,0,0.0,0.0,298.53,298.53,0,1,0,0,0.64,0.0,0.15,0.0,0.0,1.0,0.0,16,16,0
0.0,0.0,0,0.174,235.83,0.0,486,0.495,17,0.0,0.0,0.1,0,0.0,10.0,0,0.0,0,0,0,0.0,0.0,41.12,41.12,0,1,0,0,0.56,0.0,0.13,0.0,0.0,0.0194,0.0,17,17,0
0.0,0.0,0,1.82,229.94,0.0,102,0.588,18,0.0,0.0,0.2,0,0.0,10.0,0,0.0,1,0,0,1.875,0.0,418.45,418.45,0,1,0,0,0.59,0.0,0.14,0.0,0.0,0.9099,0.0,18,18,0
0.0,0.0,0,1.0,106.03,0.0,118,0.218,16,0.0,0.0,0.05,0,0.0,10.0,0,0.0,0,0,0,0.0,0.0,106.03,106.03,0,1,0,0,0.25,0.0,0.06,0.0,0.0,1.0,0.0,16,16,1
0.333,0.2222,1,1.544,285.88,312.18,209,1.284,29,0.2222,0.3333,0.12,0,1.111,32.2,0,1.0,0,0,0,0.757,245.32,441.49,441.49,0,1,0,1,1.29,0.33,0.3,0.2222,1.0,0.4143,312.18,29,29,0
0.333,0.125,0,0.86,293.8,245.21,82,2.483,27,0.125,0.0,0.2,0,2.083,51.7,0,1.0,0,0,0,0.767,0.0,252.58,252.58,0,4,0,0,2.93,0.33,0.68,0.125,0.0,0.2118,245.21,27,27,0
0.333,0.1111,1,1.333,237.75,470.09,48,6.0,15,0.1111,0.0,0.2,1,2.222,54.4,0,1.0,0,0,0,1.361,470.09,316.82,316.82,2,7,0,1,5.62,0.33,1.3,0.1111,0.1429,0.3678,470.09,15,15,1
0.0,0.5,0,0.943,183.87,197.62,176,0.542,23,0.5,0.0,0.07,1,-5.0,0.0,0,0.5,0,0,0,1.967,0.0,173.31,173.31,0,1,0,0,0.68,0.0,0.16,0.5,0.0,0.773,197.62,23,23,1
0.0,0.0,0,1.668,241.26,0.0,82,1.2,4,0.0,0.0,0.2,0,0.0,10.0,0,0.0,0,0,0,7.0,0.0,402.45,402.45,2,2,0,0,1.1,0.0,0.25,0.0,0.0,0.556,0.0,4,4,0
0.0,0.0,0,1.0,71.06,0.0,30,1.613,10,0.0,0.0,0.12,0,0.0,10.0,0,0.0,0,0,0,2.229,0.0,71.06,71.06,0,1,0,0,1.0,0.0,0.23,0.0,0.0,1.0,0.0,10,10,1
0.0,0.0,0,1.0,293.03,0.0,114,0.659,17,0.0,0.0,0.2,0,0.0,10.0,0,0.0,0,0,0,1.59,0.0,293.03,293.03,0,1,0,0,0.26,0.0,0.06,0.0,0.0,1.0,0.0,17,17,0
0.0,0.0833,0,1.28,288.69,195.12,460,0.819,13,0.0833,0.0,0.12,0,-0.833,0.0,0,0.0,0,0,0,2.703,0.0,369.55,369.55,0,2,0,0,0.78,0.0,0.18,0.0833,0.0,0.163,195.12,13,13,0
0.333,0.1111,1,1.073,288.8,147.98,69,4.242,17,0.1111,0.0,0.1,0,2.222,54.4,0,0.0,1,0,0,1.278,147.98,310.02,310.02,1,4,0,1,3.91,0.33,0.9,0.1111,0.25,0.1762,147.98,17,17,0
0.0,0.25,0,1.35,360.53,331.35,638,0.219,12,0.25,0.0,0.03,0,-2.5,0.0,0,1.0,0,0,0,0.0,0.0,486.66,486.66,0,1,0,0,0.19,0.0,0.04,0.25,0.0,0.5672,331.35,12,12,0
0.0,0.0,0,0.715,227.36,0.0,117,0.943,18,0.0,0.0,0.12,1,0.0,10.0,0,0.0,0,0,0,2.4,0.0,162.54,162.54,0,2,0,0,1.03,0.0,0.24,0.0,0.0,0.1787,0.0,18,18,1
0.333,0.1538,0,1.728,207.77,142.86,301,1.129,5,0.1538,0.6667,0.2,0,1.795,45.9,0,0.5,0,0,0,0.0,0.0,359.01,359.01,1,2,0,0,1.3,0.33,0.3,0.1538,0.0,0.2387,142.86,5,5,0
0.333,0.5,1,1.782,241.46,52.57,47,1.162,29,0.5,0.0,0.2,0,-1.667,0.0,0,0.0,0,0,0,0.847,52.57,430.36,430.36,0,1,0,1,1.28,0.33,0.29,0.5,1.0,1.0,52.57,29,29,1
0.333,0.3333,0,0.079,293.84,264.39,289,0.683,23,0.3333,0.5,0.2,0,0.0,10.0,0,0.667,0,0,0,1.506,0.0,23.07,23.07,0,1,0,0,0.93,0.33,0.22,0.3333,0.0,0.3086,264.39,23,23,1
0.667,0.5,0,0.23,338.54,393.78,540,0.245,7,0.5,0.0,0.1,0,1.667,43.3,0,1.0,0,0,0,0.0,0.0,77.9,77.9,1,1,0,0,0.22,0.67,0.05,0.5,0.0,0.6391,393.78,7,7,1
0.0,0.0,0,1.857,158.2,0.0,416,0.155,6,0.0,0.0,0.12,0,0.0,10.0,0,0.0,1,0,0,0.0,0.0,293.76,293.76,1,1,0,0,0.14,0.0,0.03,0.0,0.0,0.9284,0.0,6,6,0
0.0,0.25,0,0.818,203.6,121.68,383,0.382,11,0.25,0.0,0.12,0,-2.5,0.0,0,0.0,0,0,0,2.767,0.0,166.63,166.63,0,1,0,0,0.31,0.0,0.07,0.25,0.0,0.354,121.68,11,11,0
0.0,0.0,0,0.366,196.32,0.0,548,0.465,18,0.0,0.0,0.03,0,0.0,10.0,0,0.0,0,0,0,2.231,0.0,71.77,71.77,0,1,0,0,0.44,0.0,0.1,0.0,0.0,0.0457,0.0,18,18,1
0.667,0.7143,2,1.325,229.32,249.18,310,0.605,28,0.7143,0.5,0.12,0,-0.476,0.5,0,0.6,0,0,0,1.708,495.61,303.75,303.75,0,3,0,2,0.68,0.67,0.16,0.7143,0.6667,0.9654,249.18,28,28,1
0.0,0.0,0,0.786,177.06,0.0,611,0.299,14,0.0,0.0,0.2,1,0.0,10.0,0,0.0,1,0,0,0.0,0.0,139.24,139.24,0,2,0,0,0.25,0.0,0.06,0.0,0.0,0.1573,0.0,14,14,1
0.333,0.2857,0,0.699,238.6,316.97,123,0.721,9,0.2857,0.0,0.07,0,0.476,19.5,0,1.0,0,0,0,1.414,0.0,166.79,166.79,0,4,0,0,1.71,0.33,0.39,0.2857,0.0,0.4794,316.97,9,9,0
0.0,0.0,0,0.764,327.56,0.0,383,0.193,21,0.0,0.0,0.1,0,0.0,10.0,0,0.0,0,0,0,6.013,0.0,250.18,250.18,0,1,0,0,0.16,0.0,0.04,0.0,0.0,0.3819,0.0,21,21,0
0.0,0.0,0,1.0,409.71,0.0,105,0.448,10,0.0,0.0,0.05,1,0.0,10.0,0,0.0,0,0,0,2.353,0.0,409.71,409.71,0,1,0,0,0.29,0.0,0.07,0.0,0.0,1.0,0.0,10,10,1
0.0,0.125,0,0.556,289.06,297.25,742,0.32,24,0.125,0.25,0.2,0,-1.25,0.0,0,1.0,0,0,0,0.0,0.0,160.63,160.63,0,1,0,0,0.32,0.0,0.07,0.125,0.0,0.198,297.25,24,24,0
1.0,0.2308,1,0.693,255.9,337.84,113,3.451,14,0.2308,0.0,0.03,0,7.692,100.0,0,1.0,0,0,0,3.228,372.08,177.29,177.29,4,7,0,1,3.45,1.0,0.8,0.2308,0.1429,0.358,337.84,14,14,1
0.0,0.0,0,0.716,252.99,0.0,674,0.264,12,0.0,0.0,0.1,0,0.0,10.0,0,0.0,0,0,0,0.0,0.0,181.03,181.03,0,1,0,0,0.22,0.0,0.05,0.0,0.0,0.1431,0.0,12,12,0
0.0,0.0,0,1.863,201.76,0.0,260,0.157,30,0.0,0.0,0.1,0,0.0,10.0,0,0.0,0,0,0,0.0,0.0,375.79,375.79,0,1,0,0,0.23,0.0,0.05,0.0,0.0,0.9313,0.0,30,30,1
0.0,0.0,0,1.0,222.74,0.0,23,0.212,18,0.0,0.0,0.2,0,0.0,10.0,0,0.0,1,0,1,5.473,0.0,222.74,222.74,0,1,0,0,1.3,0.0,0.3,0.0,0.0,1.0,0.0,18,18,0
0.667,0.4444,1,0.176,290.48,313.84,497,0.401,12,0.4444,0.5,0.03,0,2.222,54.4,0,0.5,0,0,0,2.63,496.14,51.05,51.05,0,2,1,1,0.54,0.67,0.13,0.4444,0.5,0.4997,313.84,12,12,1
0.0,0.0,0,0.792,337.53,0.0,94,0.628,10,0.0,0.0,0.12,0,0.0,10.0,0,0.0,0,0,0,0.0,0.0,267.47,267.47,0,2,0,0,0.64,0.0,0.15,0.0,0.0,0.3962,0.0,10,10,0
0.333,0.3,0,0.857,327.9,311.7,443,0.499,13,0.3,0.6667,0.2,0,0.333,16.7,0,0.667,0,0,0,2.079,0.0,280.87,280.87,0,2,0,0,0.68,0.33,0.16,0.3,0.0,0.3708,311.7,13,13,0
0.667,0.4615,1,0.352,273.29,293.01,262,1.183,16,0.4615,0.6667,0.05,0,2.051,51.0,0,0.667,0,0,0,0.833,316.08,96.21,96.21,0,4,0,1,1.49,0.67,0.34,0.4615,0.25,0.5219,293.01,16,16,1
1.0,0.5,1,0.753,398.57,476.17,166,0.598,7,0.5,0.5,0.2,0,5.0,100.0,0,1.0,0,0,0,3.813,485.55,300.02,300.02,1,3,1,1,1.08,1.0,0.25,0.5,0.3333,0.7228,476.17,7,7,1
0.0,0.3,0,1.12,257.4,349.66,676,0.409,12,0.3,0.0,0.12,0,-3.0,0.0,0,1.0,0,0,0,0.0,0.0,288.21,288.21,0,2,0,0,0.44,0.0,0.1,0.3,0.0,0.5195,349.66,12,12,1
0.0,0.0,0,0.149,201.16,0.0,786,0.123,20,0.0,0.0,0.2,1,0.0,10.0,0,0.0,1,0,0,0.0,0.0,30.06,30.06,0,1,0,0,0.08,0.0,0.02,0.0,0.0,0.0747,0.0,20,20,1
0.333,0.2,0,0.751,208.15,250.26,251,1.091,26,0.2,0.3333,0.05,0,1.333,36.7,0,1.0,0,0,0,0.909,0.0,156.4,156.4,0,1,0,0,1.2,0.33,0.28,0.2,0.0,0.3156,250.26,26,26,0
0.333,0.25,1,1.484,315.24,264.57,109,0.606,24,0.25,0.3333,0.2,1,0.833,26.7,0,1.0,0,0,0,3.815,264.57,467.84,467.84,0,2,0,1,1.1,0.33,0.25,0.25,0.5,0.5808,264.57,24,24,1
0.333,0.3333,1,0.395,216.04,483.52,33,1.477,1,0.3333,0.0,0.12,0,0.0,10.0,0,1.0,0,0,0,0.65,483.52,85.38,85.38,1,2,1,1,2.73,0.33,0.63,0.3333,0.5,0.8778,483.52,1,1,1
0.0,0.5833,0,0.607,310.98,335.59,757,0.436,18,0.5833,0.6667,0.1,1,-5.833,0.0,0,0.857,0,0,0,0.0,0.0,188.79,188.79,0,1,0,0,0.48,0.0,0.11,0.5833,0.0,0.6801,335.59,18,18,1
0.333,0.6,1,1.08,284.48,254.71,586,0.504,18,0.6,0.5,0.07,0,-2.667,0.0,0,0.5,0,0,0,0.0,334.62,307.17,307.17,0,2,0,1,0.51,0.33,0.12,0.6,0.5,0.6452,254.71,18,18,1
0.667,0.7143,0,0.812,347.76,356.49,200,0.957,19,0.7143,0.0,0.12,0,-0.476,0.5,0,1.0,0,0,0,0.0,0.0,282.51,282.51,0,1,0,0,1.05,0.67,0.24,0.7143,0.0,0.8483,356.49,19,19,1
0.0,0.5,0,0.241,223.23,222.27,301,0.274,16,0.5,0.0,0.03,0,-5.0,0.0,0,1.0,0,0,0,0.0,0.0,53.88,53.88,1,2,0,0,0.4,0.0,0.09,0.5,0.0,0.5582,222.27,16,16,1
0.0,0.25,0,1.467,304.32,47.23,561,0.225,16,0.25,0.0,0.1,0,-2.5,0.0,0,0.0,0,0,0,0.0,0.0,446.53,446.53,0,1,0,0,0.21,0.0,0.05,0.25,0.0,0.4056,47.23,16,16,1
0.0,0.1,0,0.938,295.13,469.27,434,0.588,27,0.1,0.0,0.08,0,-1.0,0.0,0,1.0,0,0,0,1.758,0.0,276.92,276.92,0,1,0,0,0.69,0.0,0.16,0.1,0.0,0.2528,469.27,27,27,0
0.0,0.25,0,0.953,376.59,436.06,391,0.268,20,0.25,0.0,0.07,0,-2.5,0.0,0,1.0,0,0,0,0.0,0.0,358.93,358.93,0,1,0,0,0.31,0.0,0.07,0.25,0.0,0.5278,436.06,20,20,1
0.333,0.3,1,0.46,241.66,224.25,222,1.171,2,0.3,0.5,0.2,0,0.333,16.7,0,0.333,0,0,0,0.842,73.5,111.25,111.25,1,2,0,1,1.35,0.33,0.31,0.3,0.5,0.3244,224.25,2,2,1
0.0,0.4167,0,1.644,282.57,319.01,897,0.401,12,0.4167,0.3333,0.08,0,-4.167,0.0,0,0.8,0,0,0,9.633,0.0,464.56,464.56,2,3,0,0,0.4,0.0,0.09,0.4167,0.0,0.6074,319.01,12,12,1
0.0,0.5,0,1.41,223.42,140.36,318,0.452,28,0.5,0.0,0.08,0,-5.0,0.0,0,0.25,0,0,0,0.0,0.0,314.99,314.99,0,1,0,0,0.75,0.0,0.17,0.5,0.0,0.4904,140.36,28,28,1
0.333,0.25,0,0.817,268.15,407.6,115,0.594,26,0.25,0.0,0.2,0,0.833,26.7,0,1.0,0,0,0,0.0,0.0,219.15,219.15,0,2,0,0,1.04,0.33,0.24,0.25,0.0,0.5843,407.6,26,26,1
0.0,0.0,0,0.306,200.49,0.0,25,3.543,16,0.0,0.0,0.1,0,0.0,10.0,0,0.0,0,0,1,0.231,0.0,61.33,61.33,2,7,0,0,8.4,0.0,1.94,0.0,0.0,0.0437,0.0,16,16,0
0.0,0.0,0,1.238,380.35,0.0,201,0.947,15,0.0,0.0,0.05,1,0.0,10.0,0,0.0,0,0,0,1.061,0.0,470.8,470.8,0,1,0,0,0.9,0.0,0.21,0.0,0.0,0.2063,0.0,15,15,1
0.0,0.0,0,1.025,382.89,0.0,38,0.454,11,0.0,0.0,0.2,0,0.0,10.0,0,0.0,0,0,0,5.024,0.0,392.33,392.33,0,3,0,0,2.37,0.0,0.55,0.0,0.0,0.3416,0.0,11,11,1
0.333,0.5,1,1.688,210.6,217.09,720,0.333,19,0.5,0.0,0.08,0,-1.667,0.0,0,0.5,0,0,0,7.667,236.03,355.4,355.4,0,2,0,1,0.33,0.33,0.08,0.5,0.5,0.7264,217.09,19,19,1
0.0,0.1111,0,0.922,214.3,172.12,567,0.508,13,0.1111,0.0,0.2,0,-1.111,0.0,0,0.0,0,0,0,4.675,0.0,197.61,197.61,1,2,0,0,0.48,0.0,0.11,0.1111,0.0,0.1917,172.12,13,13,0
0.0,0.0,0,1.355,248.83,0.0,387,0.684,26,0.0,0.0,0.1,0,0.0,10.0,0,0.0,1,0,0,1.495,0.0,337.05,337.05,1,2,0,0,0.7,0.0,0.16,0.0,0.0,0.1505,0.0,26,26,0
0.0,0.0,0,1.368,228.33,0.0,99,4.242,5,0.0,0.0,0.08,0,0.0,10.0,0,0.0,1,0,0,0.92,0.0,312.29,312.29,3,4,0,0,4.24,0.0,0.98,0.0,0.0,0.0977,0.0,5,5,0
0.0,0.0,0,2.08,118.39,0.0,105,1.091,30,0.0,0.0,0.05,0,0.0,10.0,0,0.0,0,0,0,0.909,0.0,246.3,246.3,0,2,0,0,0.86,0.0,0.2,0.0,0.0,0.6935,0.0,30,30,0
0.333,0.5,0,0.587,258.96,178.92,295,0.761,20,0.5,0.0,0.2,0,-1.667,0.0,0,0.333,0,0,0,1.336,0.0,152.0,152.0,0,1,0,0,0.61,0.33,0.14,0.5,0.0,0.4433,178.92,20,20,1
0.0,0.0,0,0.811,406.1,0.0,184,0.194,11,0.0,0.0,0.08,0,0.0,10.0,0,0.0,0,0,0,0.0,0.0,329.41,329.41,0,1,0,0,0.33,0.0,0.08,0.0,0.0,0.4056,0.0,11,11,0
1.0,0.375,0,1.109,331.62,392.12,119,2.017,13,0.375,0.0,0.05,1,6.25,100.0,0,1.0,0,0,0,1.78,0.0,367.76,367.76,2,3,0,0,2.02,1.0,0.47,0.375,0.0,0.582,392.12,13,13,1
1.0,0.3,1,0.736,218.3,305.73,110,1.494,9,0.3,0.0,0.1,1,7.0,100.0,0,1.0,0,0,0,0.0,298.79,160.69,160.69,1,5,0,1,2.73,1.0,0.63,0.3,0.2,0.4937,305.73,9,9,1
0.0,0.0,0,0.7,127.36,0.0,56,0.267,28,0.0,0.0,0.07,0,0.0,10.0,0,0.0,0,0,0,0.0,0.0,89.15,89.15,0,2,0,0,1.07,0.0,0.25,0.0,0.0,0.35,0.0,28,28,1
0.333,0.4286,0,0.618,299.38,337.89,434,0.507,21,0.4286,0.6667,0.07,1,-0.952,0.0,0,1.0,1,0,0,0.0,0.0,185.03,185.03,0,1,0,0,0.48,0.33,0.11,0.4286,0.0,0.572,337.89,21,21,1
0.0,0.0,0,1.115,186.7,0.0,76,1.75,5,0.0,0.0,0.1,0,0.0,10.0,0,0.0,0,0,0,0.538,0.0,208.21,208.21,1,2,0,0,1.58,0.0,0.36,0.0,0.0,0.2788,0.0,5,5,0
0.0,0.0,0,1.0,297.23,0.0,53,0.455,27,0.0,0.0,0.1,0,0.0,10.0,0,0.0,1,0,0,0.0,0.0,297.23,297.23,0,1,0,0,0.57,0.0,0.13,0.0,0.0,1.0,0.0,27,27,0
0.0,0.3333,0,0.775,280.49,359.83,771,0.578,20,0.3333,0.0,0.2,1,-3.333,0.0,0,1.0,0,0,0,1.781,0.0,217.27,217.27,0,2,0,0,0.58,0.0,0.13,0.3333,0.0,0.4793,359.83,20,20,1
0.0,0.0,0,1.336,215.7,0.0,220,0.728,18,0.0,0.0,0.2,0,0.0,10.0,0,0.0,0,0,0,1.4,0.0,288.16,288.16,0,3,0,0,0.82,0.0,0.19,0.0,0.0,0.2227,0.0,18,18,0
0.333,0.25,0,0.145,302.59,478.62,171,0.271,24,0.25,0.0,0.07,0,0.833,26.7,0,1.0,1,0,0,0.0,0.0,44.02,44.02,0,2,0,0,0.7,0.33,0.16,0.25,0.0,0.4318,478.62,24,24,1
0.333,0.4444,0,1.831,249.29,143.03,248,1.424,4,0.4444,0.0,0.1,0,-1.111,0.0,0,0.25,0,0,0,2.409,0.0,456.54,456.54,2,3,0,0,1.09,0.33,0.25,0.4444,0.0,0.4585,143.03,4,4,1
0.667,0.6,0,0.239,189.07,160.3,138,0.997,5,0.6,0.0,0.1,1,0.667,23.3,0,0.333,0,0,0,2.258,0.0,45.16,45.16,1,2,0,0,1.09,0.67,0.25,0.6,0.0,0.5565,160.3,5,5,1
0.0,0.1429,0,1.117,302.89,53.63,426,0.31,23,0.1429,0.0,0.2,0,-1.429,0.0,0,0.0,0,0,0,0.0,0.0,338.35,338.35,0,1,0,0,0.49,0.0,0.11,0.1429,0.0,0.1849,53.63,23,23,0
0.0,0.0,0,0.746,111.5,0.0,94,1.224,13,0.0,0.0,0.1,0,0.0,10.0,0,0.0,0,0,0,0.0,0.0,83.15,83.15,0,4,0,0,1.91,0.0,0.44,0.0,0.0,0.1243,0.0,13,13,0
0.0,0.4,0,0.993,121.56,115.48,516,0.505,5,0.4,0.0,0.05,0,-4.0,0.0,0,0.25,0,0,0,0.0,0.0,120.74,120.74,2,3,0,0,0.58,0.0,0.13,0.4,0.0,0.4793,115.48,5,5,1
0.0,0.0,0,1.737,207.02,0.0,91,0.891,4,0.0,0.0,0.2,0,0.0,10.0,0,0.0,0,0,0,0.0,0.0,359.66,359.66,1,2,0,0,1.32,0.0,0.3,0.0,0.0,0.4343,0.0,4,4,0
1.0,0.5714,2,1.446,290.4,232.66,150,0.955,16,0.5714,0.5,0.12,0,4.286,95.7,0,0.25,0,0,0,0.0,591.19,419.83,419.83,0,3,0,2,1.4,1.0,0.32,0.5714,0.6667,0.6643,232.66,16,16,1
0.0,0.5333,0,0.683,295.97,310.32,934,0.453,3,0.5333,0.0,0.03,0,-5.333,0.0,0,0.75,0,0,0,0.0,0.0,202.06,202.06,1,1,0,0,0.48,0.0,0.11,0.5333,0.0,0.6047,310.32,3,3,1
1.0,0.3333,2,0.277,235.53,169.89,95,3.103,10,0.3333,0.0,0.07,1,6.667,100.0,0,0.333,0,0,0,1.433,282.86,65.13,65.13,1,3,0,2,2.84,1.0,0.66,0.3333,0.6667,0.2712,169.89,10,10,1
2.0,0.4615,6,0.788,243.8,214.46,11,35.455,4,0.4615,0.0,0.12,0,15.385,100.0,1,0.5,0,1,1,1.0,1286.74,192.11,192.11,8,13,5,6,35.45,2.0,8.19,0.4615,0.4615,0.4666,214.46,4,4,1
1.0,0.4286,0,1.371,364.18,383.2,115,1.304,5,0.4286,0.0,0.07,0,5.714,100.0,0,1.0,0,0,0,0.0,0.0,499.13,499.13,2,3,0,0,1.83,1.0,0.42,0.4286,0.0,0.6467,383.2,5,5,1
0.333,0.5,1,0.522,303.53,311.08,353,0.427,29,0.5,0.5,0.2,0,-1.667,0.0,0,0.667,0,0,0,0.0,418.71,158.29,158.29,0,3,0,1,0.51,0.33,0.12,0.5,0.3333,0.5994,311.08,29,29,1
0.667,0.625,1,0.094,301.65,291.34,355,0.663,22,0.625,0.3333,0.12,1,0.417,18.3,0,0.8,0,0,0,0.0,304.42,28.5,28.5,0,1,0,1,0.68,0.67,0.16,0.625,1.0,0.6154,291.34,22,22,1
0.0,0.0,0,0.932,379.1,0.0,53,0.677,28,0.0,0.0,0.07,0,0.0,10.0,0,0.0,0,0,0,1.513,0.0,353.2,353.2,0,2,0,0,1.7,0.0,0.39,0.0,0.0,0.3106,0.0,28,28,0
0.0,0.0,0,0.733,153.27,0.0,706,0.125,1,0.0,0.0,0.12,0,0.0,10.0,0,0.0,0,0,0,11.517,0.0,112.35,112.35,1,1,0,0,0.13,0.0,0.03,0.0,0.0,0.2443,0.0,1,1,1
0.333,0.4,0,0.951,252.22,265.04,118,0.87,30,0.4,0.0,0.1,0,-0.667,0.0,0,0.5,0,0,0,1.16,0.0,239.82,239.82,0,1,0,0,1.27,0.33,0.29,0.4,0.0,0.6105,265.04,30,30,1
0.333,0.3333,0,1.194,177.75,275.74,113,0.455,18,0.3333,0.0,0.2,0,0.0,10.0,0,1.0,0,0,0,2.281,0.0,212.17,212.17,0,1,0,0,0.8,0.33,0.18,0.3333,0.0,0.915,275.74,18,18,1
0.0,0.0,0,0.967,224.63,0.0,57,2.01,10,0.0,0.0,0.12,0,0.0,10.0,0,0.0,0,0,0,0.459,0.0,217.3,217.3,1,6,0,0,3.68,0.0,0.85,0.0,0.0,0.1382,0.0,10,10,0
0.667,0.6667,1,1.025,358.57,343.85,187,1.158,20,0.6667,0.5,0.1,0,0.0,10.0,0,0.833,0,0,0,0.85,126.3,367.61,367.61,0,2,1,1,1.44,0.67,0.33,0.6667,0.5,0.7532,343.85,20,20,1
0.0,0.1111,0,0.538,185.6,71.77,663,0.465,4,0.1111,0.25,0.03,0,-1.111,0.0,0,0.0,0,0,0,2.231,0.0,99.86,99.86,1,1,0,0,0.41,0.0,0.09,0.1111,0.0,0.1027,71.77,4,4,1
0.0,0.1,0,1.535,277.78,329.43,253,1.343,2,0.1,0.0,0.07,0,-1.0,0.0,0,1.0,0,0,0,2.644,0.0,426.28,426.28,1,1,0,0,1.19,0.0,0.27,0.1,0.0,0.2721,329.43,2,2,1
0.0,0.0,0,2.217,192.05,0.0,165,0.493,28,0.0,0.0,0.12,0,0.0,10.0,0,0.0,0,0,0,0.0,0.0,425.71,425.71,0,1,0,0,0.55,0.0,0.13,0.0,0.0,0.7389,0.0,28,28,0
0.333,0.3333,0,1.3,292.5,366.25,120,0.835,18,0.3333,0.0,0.05,0,0.0,10.0,0,1.0,0,0,0,0.0,0.0,380.35,380.35,0,1,0,0,0.75,0.33,0.17,0.3333,0.0,0.8508,366.25,18,18,1
0.0,0.0,0,1.159,291.29,0.0,353,0.385,2,0.0,0.0,0.1,0,0.0,10.0,0,0.0,0,0,0,2.774,0.0,337.67,337.67,1,1,0,0,0.25,0.0,0.06,0.0,0.0,0.3864,0.0,2,2,0
0.0,0.0,0,1.21,245.73,0.0,165,0.713,17,0.0,0.0,0.2,0,0.0,10.0,0,0.0,0,0,0,1.439,0.0,297.24,297.24,0,2,0,0,1.09,0.0,0.25,0.0,0.0,0.2016,0.0,17,17,0
0.0,0.0,0,0.646,349.64,0.0,118,0.533,27,0.0,0.0,0.2,0,0.0,10.0,0,0.0,0,0,0,0.0,0.0,225.86,225.86,0,1,0,0,0.51,0.0,0.12,0.0,0.0,0.323,0.0,27,27,0
0.0,0.0,0,1.046,424.78,0.0,35,0.648,29,0.0,0.0,0.2,0,0.0,10.0,0,0.0,1,0,0,1.604,0.0,444.29,444.29,0,2,0,0,1.71,0.0,0.4,0.0,0.0,0.523,0.0,29,29,0
0.0,0.0,0,1.321,268.19,0.0,440,0.248,27,0.0,0.0,0.1,0,0.0,10.0,0,0.0,0,0,0,0.0,0.0,354.21,354.21,0,1,0,0,0.34,0.0,0.08,0.0,0.0,0.2641,0.0,27,27,0
0.0,0.0,0,0.903,301.46,0.0,27,2.236,18,0.0,0.0,0.12,0,0.0,10.0,0,0.0,1,0,1,3.119,0.0,272.21,272.21,1,4,0,0,4.44,0.0,1.03,0.0,0.0,0.2257,0.0,18,18,0
0.667,0.4286,2,0.39,194.52,147.35,317,0.439,28,0.4286,0.5,0.2,0,2.381,57.6,0,0.333,0,0,0,0.0,343.29,75.89,75.89,0,3,1,2,0.66,0.67,0.15,0.4286,0.6667,0.3804,147.35,28,28,1
0.0,0.2,0,0.849,226.86,37.72,663,0.251,19,0.2,0.0,0.1,0,-2.0,0.0,0,0.0,0,0,0,4.419,0.0,192.58,192.58,0,1,0,0,0.23,0.0,0.05,0.2,0.0,0.203,37.72,19,19,0
0.667,0.4,0,1.529,183.81,145.43,420,0.827,17,0.4,0.25,0.03,0,2.667,63.3,0,0.25,0,0,0,1.224,0.0,280.98,280.98,0,2,0,0,0.71,0.67,0.16,0.4,0.0,0.4694,145.43,17,17,1
0.0,0.0,0,0.302,248.22,0.0,220,0.556,6,0.0,0.0,0.2,0,0.0,10.0,0,0.0,0,0,0,1.867,0.0,74.88,74.88,1,2,0,0,0.68,0.0,0.16,0.0,0.0,0.0603,0.0,6,6,0
0.0,0.3333,0,0.77,370.94,369.46,538,0.287,16,0.3333,0.0,0.12,0,-3.333,0.0,0,1.0,0,0,0,0.0,0.0,285.58,285.58,0,1,0,0,0.33,0.0,0.08,0.3333,0.0,0.4603,369.46,16,16,1
0.0,0.0,0,1.0,257.94,0.0,59,0.783,19,0.0,0.0,0.12,0,0.0,10.0,0,0.0,0,0,0,0.0,0.0,257.94,257.94,0,1,0,0,0.51,0.0,0.12,0.0,0.0,1.0,0.0,19,19,1
0.0,0.0,0,0.606,365.44,0.0,293,0.342,25,0.0,0.0,0.05,0,0.0,10.0,0,0.0,0,0,0,3.567,0.0,221.52,221.52,0,1,0,0,0.31,0.0,0.07,0.0,0.0,0.2021,0.0,25,25,0
0.0,0.4286,0,1.837,268.67,182.76,302,0.497,3,0.4286,0.6667,0.2,0,-4.286,0.0,0,0.333,0,0,0,0.0,0.0,493.48,493.48,1,1,0,0,0.7,0.0,0.16,0.4286,0.0,0.5539,182.76,3,3,1
0.0,0.0,0,0.681,218.7,0.0,334,0.905,11,0.0,0.0,0.03,0,0.0,10.0,0,0.0,0,0,0,1.114,0.0,148.99,148.99,0,1,0,0,0.9,0.0,0.21,0.0,0.0,0.0681,0.0,11,11,0
0.0,0.0,0,1.0,163.43,0.0,86,0.262,5,0.0,0.0,0.08,0,0.0,10.0,0,0.0,1,0,0,0.0,0.0,163.43,163.43,1,1,0,0,0.35,0.0,0.08,0.0,0.0,1.0,0.0,5,5,0
0.333,0.5,1,1.185,260.24,212.17,43,2.0,10,0.5,0.0,0.05,1,-1.667,0.0,0,1.0,0,0,0,1.0,212.17,308.3,308.3,0,2,0,1,1.4,0.33,0.32,0.5,0.5,1.0,212.17,10,10,1
1.333,0.5,2,0.694,240.38,225.95,103,1.912,18,0.5,0.5,0.07,0,8.333,100.0,0,0.25,0,0,0,0.0,237.63,166.85,166.85,2,3,1,2,2.33,1.33,0.54,0.5,0.6667,0.5567,225.95,18,18,0
0.0,0.0,0,1.364,317.22,0.0,92,1.429,20,0.0,0.0,0.2,0,0.0,10.0,0,0.0,0,0,0,0.0,0.0,432.81,432.81,0,5,0,0,1.96,0.0,0.45,0.0,0.0,0.2274,0.0,20,20,0
0.0,0.2,0,1.543,243.09,275.95,751,0.21,12,0.2,0.0,0.12,0,-2.0,0.0,0,1.0,0,0,0,0.0,0.0,375.08,375.08,0,1,0,0,0.2,0.0,0.05,0.2,0.0,0.5356,275.95,12,12,1
0.0,0.2,0,1.078,327.85,327.0,696,0.424,19,0.2,0.0,0.12,0,-2.0,0.0,0,1.0,0,0,0,0.0,0.0,353.49,353.49,0,1,0,0,0.43,0.0,0.1,0.2,0.0,0.3073,327.0,19,19,0
0.333,0.5,1,0.841,285.38,330.87,93,0.156,17,0.5,0.0,0.08,1,-1.667,0.0,0,1.0,0,0,0,0.0,330.87,239.89,239.89,0,1,0,1,0.65,0.33,0.15,0.5,1.0,1.0,330.87,17,17,1
0.667,0.1429,2,1.296,294.31,132.21,61,6.0,18,0.1429,0.0,0.2,0,5.238,100.0,0,0.5,0,0,0,1.0,264.42,381.39,381.39,2,10,1,2,6.89,0.67,1.59,0.1429,0.2,0.1567,132.21,18,18,0
0.0,0.1429,0,0.431,222.46,390.65,686,0.612,16,0.1429,0.0,0.2,0,-1.429,0.0,0,1.0,0,0,0,3.644,0.0,95.92,95.92,0,2,0,0,0.61,0.0,0.14,0.1429,0.0,0.2817,390.65,16,16,0
0.0,0.0,0,1.0,310.97,0.0,44,0.578,29,0.0,0.0,0.03,1,0.0,10.0,0,0.0,0,0,0,1.781,0.0,310.97,310.97,0,1,0,0,0.68,0.0,0.16,0.0,0.0,1.0,0.0,29,29,1
0.333,0.6667,0,1.289,295.49,252.78,535,0.123,3,0.6667,0.0,0.2,1,-3.333,0.0,0,1.0,0,0,0,0.0,0.0,380.91,380.91,1,1,0,0,0.17,0.33,0.04,0.6667,0.0,1.0,252.78,3,3,1
0.667,0.2857,2,1.233,260.02,310.96,62,3.117,7,0.2857,0.0,0.07,0,3.81,86.2,0,0.5,0,0,0,1.567,621.91,320.73,320.73,1,6,1,2,3.39,0.67,0.78,0.2857,0.3333,0.5179,310.96,7,7,1
0.0,0.0,0,0.979,241.19,0.0,34,0.671,5,0.0,0.0,0.1,0,0.0,10.0,0,0.0,0,0,0,1.531,0.0,236.04,236.04,1,3,0,0,2.65,0.0,0.61,0.0,0.0,0.3262,0.0,5,5,1
0.0,0.5,0,1.081,330.55,366.78,202,0.429,9,0.5,0.0,0.08,1,-5.0,0.0,0,1.0,0,0,0,0.0,0.0,357.3,357.3,0,2,0,0,0.59,0.0,0.14,0.5,0.0,0.825,366.78,9,9,1
0.0,0.0,0,1.0,424.68,0.0,43,0.157,25,0.0,0.0,0.2,0,0.0,10.0,0,0.0,0,0,0,0.0,0.0,424.68,424.68,0,1,0,0,0.7,0.0,0.16,0.0,0.0,1.0,0.0,25,25,0
0.333,0.375,0,0.537,262.54,362.47,386,0.548,18,0.375,0.0,0.12,0,-0.417,1.7,0,1.0,0,0,0,0.0,0.0,141.03,141.03,1,2,0,0,0.62,0.33,0.14,0.375,0.0,0.5849,362.47,18,18,1
0.333,0.3333,1,0.183,204.62,385.95,69,1.226,11,0.3333,0.5,0.08,1,0.0,10.0,0,1.0,0,0,0,0.8,385.95,37.43,37.43,0,2,0,1,1.3,0.33,0.3,0.3333,0.5,0.6897,385.95,11,11,1
0.0,0.0,0,0.726,237.78,0.0,451,0.377,15,0.0,0.0,0.05,1,0.0,10.0,0,0.0,1,0,0,2.98,0.0,172.57,172.57,0,1,0,0,0.33,0.0,0.08,0.0,0.0,0.1452,0.0,15,15,1
0.0,0.0,0,1.432,320.21,0.0,80,1.453,21,0.0,0.0,0.2,0,0.0,10.0,0,0.0,0,0,0,0.664,0.0,458.52,458.52,0,1,0,0,1.12,0.0,0.26,0.0,0.0,0.4773,0.0,21,21,0
0.333,0.125,0,0.287,156.53,62.11,61,3.176,7,0.125,0.0,0.12,0,2.083,51.7,0,0.0,1,0,0,0.229,0.0,44.88,44.88,2,5,0,0,3.93,0.33,0.91,0.125,0.0,0.0854,62.11,7,7,0
1.0,0.4444,1,0.537,207.29,179.48,150,1.123,20,0.4444,0.3333,0.07,0,5.556,100.0,0,0.5,0,0,0,0.0,164.8,111.29,111.29,1,4,1,1,1.8,1.0,0.42,0.4444,0.25,0.4445,179.48,20,20,1
0.0,0.0,0,0.951,447.54,0.0,54,0.663,14,0.0,0.0,0.1,1,0.0,10.0,0,0.0,0,0,0,0.0,0.0,425.68,425.68,0,1,0,0,1.11,0.0,0.26,0.0,0.0,0.4756,0.0,14,14,1
0.667,0.5,0,0.318,302.68,340.88,839,0.453,15,0.5,0.25,0.2,0,1.667,43.3,0,0.857,0,0,0,0.0,0.0,96.35,96.35,0,1,0,0,0.5,0.67,0.12,0.5,0.0,0.5858,340.88,15,15,1
0.0,0.0,0,1.022,287.96,0.0,850,0.285,29,0.0,0.0,0.12,0,0.0,10.0,0,0.0,0,0,0,0.0,0.0,294.36,294.36,0,1,0,0,0.28,0.0,0.07,0.0,0.0,0.1278,0.0,29,29,0
0.0,0.0667,0,1.467,268.78,35.21,408,1.103,17,0.0667,0.0,0.1,0,-0.667,0.0,0,0.0,0,0,0,3.15,0.0,394.3,394.3,0,3,0,0,1.1,0.0,0.25,0.0667,0.0,0.1065,35.21,17,17,0
0.333,0.125,0,1.322,295.47,324.33,210,1.316,1,0.125,0.5,0.12,1,2.083,51.7,0,1.0,0,0,0,0.743,0.0,390.51,390.51,2,3,0,0,1.14,0.33,0.26,0.125,0.0,0.3024,324.33,1,1,1
0.0,0.0,0,1.032,267.41,0.0,60,1.647,28,0.0,0.0,0.05,0,0.0,10.0,0,0.0,0,0,0,1.25,0.0,276.09,276.09,0,1,0,0,1.0,0.0,0.23,0.0,0.0,0.5162,0.0,28,28,0
0.667,0.4444,1,0.812,306.87,397.21,336,0.624,22,0.4444,0.0,0.08,0,2.222,54.4,0,1.0,0,0,0,0.0,455.02,249.03,249.03,0,2,0,1,0.8,0.67,0.19,0.4444,0.5,0.6654,397.21,22,22,1
0.667,0.5,0,1.457,327.42,245.98,380,0.226,10,0.5,0.0,0.2,0,1.667,43.3,0,0.5,0,0,0,0.0,0.0,476.91,476.91,0,1,0,0,0.32,0.67,0.07,0.5,0.0,0.7398,245.98,10,10,1
0.0,0.0,0,1.0,329.58,0.0,16,1.373,9,0.0,0.0,0.08,0,0.0,10.0,0,0.0,0,0,1,0.683,0.0,329.58,329.58,0,1,0,0,1.88,0.0,0.43,0.0,0.0,1.0,0.0,9,9,1
0.0,0.0,0,0.954,264.07,0.0,629,0.303,29,0.0,0.0,0.03,0,0.0,10.0,0,0.0,0,0,0,0.0,0.0,251.97,251.97,0,3,0,0,0.38,0.0,0.09,0.0,0.0,0.1193,0.0,29,29,0
0.667,0.2222,0,0.62,272.6,301.3,94,3.158,1,0.2222,0.0,0.2,0,4.444,98.9,0,0.5,0,0,0,1.907,0.0,169.03,169.03,3,4,0,0,2.87,0.67,0.66,0.2222,0.0,0.3145,301.3,1,1,1
0.333,0.1111,1,1.747,283.52,393.69,324,0.833,28,0.1111,0.0,0.2,0,2.222,54.4,0,1.0,0,0,0,2.8,393.69,495.25,495.25,0,2,1,1,0.83,0.33,0.19,0.1111,0.5,0.3484,393.69,28,28,0
0.333,0.25,0,0.209,241.41,325.91,99,1.304,2,0.25,0.3333,0.12,1,0.833,26.7,0,1.0,0,0,0,0.733,0.0,50.57,50.57,1,1,0,0,1.21,0.33,0.28,0.25,0.0,0.3899,325.91,2,2,1
0.667,0.4286,1,0.764,234.84,232.32,487,0.51,29,0.4286,0.0,0.07,0,2.381,57.6,0,0.333,0,0,0,2.031,86.24,179.35,179.35,0,1,0,1,0.43,0.67,0.1,0.4286,1.0,0.5331,232.32,29,29,1
0.333,0.2,1,0.81,391.58,324.23,53,3.451,18,0.2,0.0,0.12,0,1.333,36.7,0,1.0,0,0,0,3.228,324.23,317.21,317.21,1,4,0,1,2.83,0.33,0.65,0.2,0.25,0.3276,324.23,18,18,1
0.333,0.5,0,0.424,297.88,325.08,303,0.382,23,0.5,0.5,0.12,0,-1.667,0.0,0,0.667,0,0,0,0.0,0.0,126.45,126.45,0,2,0,0,0.59,0.33,0.14,0.5,0.0,0.6164,325.08,23,23,1
0.0,0.0,0,1.0,466.5,0.0,39,2.017,27,0.0,0.0,0.1,1,0.0,10.0,0,0.0,0,0,0,1.78,0.0,466.5,466.5,0,1,0,0,0.77,0.0,0.18,0.0,0.0,1.0,0.0,27,27,1
0.0,0.0,0,1.337,308.52,0.0,58,3.98,21,0.0,0.0,0.12,1,0.0,10.0,0,0.0,0,0,0,1.943,0.0,412.6,412.6,0,3,0,0,2.59,0.0,0.6,0.0,0.0,0.2675,0.0,21,21,1
0.333,0.25,1,1.678,192.17,212.4,87,0.742,5,0.25,0.5,0.08,0,0.833,26.7,0,1.0,1,0,0,3.074,212.4,322.4,322.4,1,3,1,1,1.38,0.33,0.32,0.25,0.3333,0.6957,212.4,5,5,1
0.667,0.1429,2,0.766,239.73,343.92,18,23.333,4,0.1429,0.2,0.03,1,5.238,100.0,1,1.0,0,0,1,1.0,687.83,183.54,183.54,7,14,2,2,23.33,0.67,5.39,0.1429,0.1429,0.2596,343.92,4,4,1
0.0,0.4444,0,1.277,278.52,246.54,269,0.989,3,0.4444,0.6667,0.2,0,-4.444,0.0,0,0.5,0,0,0,1.012,0.0,355.67,355.67,1,2,0,0,1.0,0.0,0.23,0.4444,0.0,0.5353,246.54,3,3,1
0.0,0.0,0,0.953,331.3,0.0,428,0.403,19,0.0,0.0,0.2,0,0.0,10.0,0,0.0,1,0,0,15.01,0.0,315.72,315.72,0,1,0,0,0.35,0.0,0.08,0.0,0.0,0.1906,0.0,19,19,0
0.0,0.0,0,0.652,244.23,0.0,319,0.275,17,0.0,0.0,0.2,0,0.0,10.0,0,0.0,0,0,0,0.0,0.0,159.33,159.33,0,1,0,0,0.38,0.0,0.09,0.0,0.0,0.1631,0.0,17,17,0
0.0,0.1429,0,1.987,236.05,268.43,312,0.622,29,0.1429,0.0,0.2,0,-1.429,0.0,0,1.0,0,0,0,0.0,0.0,469.03,469.03,0,2,0,0,0.67,0.0,0.16,0.1429,0.0,0.4463,268.43,29,29,1
0.0,0.0,0,1.901,261.14,0.0,245,1.047,11,0.0,0.0,0.12,0,0.0,10.0,0,0.0,0,0,0,0.0,0.0,496.5,496.5,0,2,0,0,0.86,0.0,0.2,0.0,0.0,0.2716,0.0,11,11,0
0.333,0.125,0,0.757,308.06,433.64,327,0.484,9,0.125,0.0,0.05,1,2.083,51.7,0,1.0,0,0,0,0.0,0.0,233.17,233.17,1,2,0,0,0.73,0.33,0.17,0.125,0.0,0.2706,433.64,9,9,1
0.0,0.0,0,0.941,255.16,0.0,791,0.181,19,0.0,0.0,0.1,0,0.0,10.0,0,0.0,1,0,0,6.44,0.0,240.02,240.02,0,1,0,0,0.19,0.0,0.04,0.0,0.0,0.1881,0.0,19,19,0
0.0,0.0,0,1.029,223.23,0.0,422,0.188,24,0.0,0.0,0.2,0,0.0,10.0,0,0.0,0,0,0,0.0,0.0,229.79,229.79,0,2,0,0,0.21,0.0,0.05,0.0,0.0,0.3431,0.0,24,24,0
0.0,0.0,0,1.37,106.69,0.0,82,0.946,21,0.0,0.0,0.03,0,0.0,10.0,0,0.0,0,0,0,0.0,0.0,146.2,146.2,0,2,0,0,1.1,0.0,0.25,0.0,0.0,0.4568,0.0,21,21,0
0.0,0.0,0,1.458,341.26,0.0,10,0.904,6,0.0,0.0,0.1,0,0.0,10.0,0,0.0,0,0,1,1.114,0.0,497.56,497.56,2,2,0,0,6.0,0.0,1.39,0.0,0.0,0.729,0.0,6,6,1
0.0,0.1667,0,1.61,272.53,181.86,396,0.562,16,0.1667,0.0,0.05,0,-1.667,0.0,0,0.0,0,0,0,0.0,0.0,438.86,438.86,0,2,0,0,0.45,0.0,0.1,0.1667,0.0,0.3796,181.86,16,16,0
0.333,0.5,1,1.118,403.29,355.59,40,0.497,23,0.5,0.5,0.1,0,-1.667,0.0,0,1.0,0,0,0,0.0,355.59,451.0,451.0,0,2,0,1,1.5,0.33,0.35,0.5,0.5,1.0,355.59,23,23,1
0.0,0.1111,0,0.937,293.56,259.45,651,0.386,4,0.1111,0.0,0.1,0,-1.111,0.0,0,1.0,1,0,0,0.0,0.0,275.06,275.06,1,1,0,0,0.41,0.0,0.1,0.1111,0.0,0.2023,259.45,4,4,0
0.0,0.0,0,0.226,163.82,0.0,34,4.4,13,0.0,0.0,0.12,0,0.0,10.0,0,0.0,1,0,0,1.25,0.0,36.97,36.97,2,5,0,0,5.29,0.0,1.22,0.0,0.0,0.0376,0.0,13,13,0
0.333,0.3333,1,0.458,287.42,476.33,244,0.362,17,0.3333,0.0,0.12,1,0.0,10.0,0,1.0,0,0,0,0.0,476.33,131.63,131.63,0,2,1,1,0.37,0.33,0.09,0.3333,0.5,0.7051,476.33,17,17,1
0.0,0.0,0,0.209,218.89,0.0,408,0.485,22,0.0,0.0,0.2,0,0.0,10.0,0,0.0,0,0,0,0.0,0.0,45.67,45.67,0,2,0,0,0.51,0.0,0.12,0.0,0.0,0.0298,0.0,22,22,0
0.0,0.0,0,0.919,374.19,0.0,299,0.548,17,0.0,0.0,0.2,0,0.0,10.0,0,0.0,0,0,0,0.0,0.0,343.76,343.76,0,2,0,0,0.6,0.0,0.14,0.0,0.0,0.1531,0.0,17,17,0
0.333,0.4286,0,0.17,224.45,122.44,183,1.099,5,0.4286,0.0,0.08,0,-0.952,0.0,0,0.0,0,0,0,0.894,0.0,38.25,38.25,1,1,0,0,1.15,0.33,0.27,0.4286,0.0,0.2581,122.44,5,5,1
1.333,0.6,1,0.805,250.43,329.28,222,1.284,11,0.6,0.3333,0.2,0,7.333,100.0,0,0.833,0,0,0,1.65,326.61,201.68,201.68,0,1,1,1,1.35,1.33,0.31,0.6,1.0,0.8694,329.28,11,11,1
0.0,0.5,0,0.895,309.54,399.43,408,0.185,10,0.5,0.0,0.07,1,-5.0,0.0,0,1.0,0,0,0,0.0,0.0,277.18,277.18,0,1,0,0,0.29,0.0,0.07,0.5,0.0,0.8691,399.43,10,10,1
0.0,0.25,0,0.413,191.95,100.78,799,0.137,19,0.25,0.0,0.2,0,-2.5,0.0,0,0.0,1,0,0,0.0,0.0,79.35,79.35,0,1,0,0,0.15,0.0,0.03,0.25,0.0,0.2346,100.78,19,19,1
0.0,0.0769,0,0.334,174.08,93.67,320,1.296,8,0.0769,0.0,0.2,0,-0.769,0.0,0,0.0,0,0,0,2.673,0.0,58.22,58.22,0,2,0,0,1.22,0.0,0.28,0.0769,0.0,0.0671,93.67,8,8,0
0.0,0.0,0,1.791,216.1,0.0,75,4.412,18,0.0,0.0,0.12,0,0.0,10.0,0,0.0,0,0,0,0.873,0.0,386.98,386.98,1,6,0,0,4.4,0.0,1.02,0.0,0.0,0.1628,0.0,18,18,0
0.0,0.0,0,1.185,333.89,0.0,201,0.391,6,0.0,0.0,0.07,0,0.0,10.0,0,0.0,0,0,0,0.0,0.0,395.6,395.6,1,1,0,0,0.45,0.0,0.1,0.0,0.0,0.3949,0.0,6,6,0
0.0,0.0,0,1.012,266.46,0.0,194,0.658,26,0.0,0.0,0.08,0,0.0,10.0,0,0.0,0,0,0,1.564,0.0,269.77,269.77,0,1,0,0,1.08,0.0,0.25,0.0,0.0,0.1446,0.0,26,26,0
0.0,0.0,0,0.121,243.47,0.0,59,2.935,11,0.0,0.0,0.1,0,0.0,10.0,0,0.0,0,0,0,0.59,0.0,29.34,29.34,1,4,0,0,3.56,0.0,0.82,0.0,0.0,0.0172,0.0,11,11,0
0.0,0.0,0,0.491,271.01,0.0,18,15.0,7,0.0,0.0,0.1,0,0.0,10.0,0,0.0,0,0,1,1.0,0.0,133.03,133.03,5,10,0,0,16.67,0.0,3.85,0.0,0.0,0.0491,0.0,7,7,0
0.0,0.0,0,1.0,243.86,0.0,24,0.859,3,0.0,0.0,0.12,0,0.0,10.0,0,0.0,0,0,1,1.177,0.0,243.86,243.86,1,1,0,0,1.25,0.0,0.29,0.0,0.0,1.0,0.0,3,3,0
0.333,0.1667,1,1.379,359.37,486.12,76,2.195,8,0.1667,0.0,0.2,0,1.667,43.3,0,1.0,0,0,0,0.867,486.12,495.46,495.46,0,4,1,1,2.37,0.33,0.55,0.1667,0.25,0.4552,486.12,8,8,0
0.0,0.4,0,0.453,202.42,210.36,723,0.208,2,0.4,0.0,0.2,1,-4.0,0.0,0,0.5,0,0,0,0.0,0.0,91.76,91.76,1,1,0,0,0.21,0.0,0.05,0.4,0.0,0.5063,210.36,2,2,1
0.0,0.0,0,0.168,123.22,0.0,45,2.516,5,0.0,0.0,0.05,0,0.0,10.0,0,0.0,0,0,0,1.852,0.0,20.71,20.71,1,4,0,0,2.67,0.0,0.62,0.0,0.0,0.042,0.0,5,5,0
0.667,0.3333,2,0.327,241.41,222.57,47,4.875,25,0.3333,0.0,0.08,1,3.333,76.7,0,0.5,0,0,0,1.429,445.14,78.84,78.84,2,5,1,2,3.83,0.67,0.88,0.3333,0.4,0.3618,222.57,25,25,1
0.333,0.0833,0,1.421,222.2,135.67,296,1.094,10,0.0833,0.0,0.07,0,2.5,60.0,0,0.0,0,0,0,0.0,0.0,315.74,315.74,0,1,0,0,1.22,0.33,0.28,0.0833,0.0,0.1693,135.67,10,10,0
0.333,0.2857,0,1.434,323.63,363.93,139,1.5,10,0.2857,0.0,0.07,1,0.476,19.5,0,1.0,0,0,0,1.467,0.0,464.01,464.01,0,2,0,0,1.51,0.33,0.35,0.2857,0.0,0.5261,363.93,10,10,1
0.0,0.4286,0,1.143,276.75,264.75,380,0.943,17,0.4286,0.25,0.1,0,-4.286,0.0,0,0.667,0,0,0,0.0,0.0,316.44,316.44,0,1,0,0,1.11,0.0,0.26,0.4286,0.0,0.4917,264.75,17,17,1
0.667,0.4,1,1.894,182.11,154.18,204,0.462,28,0.4,0.0,0.03,0,2.667,63.3,0,0.5,0,0,0,0.0,259.32,344.99,344.99,0,1,0,1,0.74,0.67,0.17,0.4,1.0,0.7176,154.18,28,28,1
0.667,0.5,1,1.399,284.55,293.17,102,1.214,2,0.5,0.0,0.05,0,1.667,43.3,0,0.5,0,0,0,0.81,449.99,398.06,398.06,1,3,0,1,1.18,0.67,0.27,0.5,0.3333,0.8649,293.17,2,2,1
0.667,0.5,0,1.435,312.85,327.35,291,1.125,24,0.5,0.3333,0.1,0,1.667,43.3,0,1.0,0,0,0,1.897,0.0,448.86,448.86,0,1,0,0,1.03,0.67,0.24,0.5,0.0,0.6666,327.35,24,24,1
0.333,0.125,0,0.344,285.59,476.29,357,0.598,15,0.125,0.3333,0.2,0,2.083,51.7,0,1.0,0,0,0,0.0,0.0,98.2,98.2,1,2,0,0,0.67,0.33,0.16,0.125,0.0,0.2514,476.29,15,15,0
0.0,0.0,0,1.562,290.1,0.0,255,0.553,11,0.0,0.0,0.12,0,0.0,10.0,0,0.0,0,0,0,0.0,0.0,453.01,453.01,0,3,0,0,0.82,0.0,0.19,0.0,0.0,0.2231,0.0,11,11,0
0.0,0.0,0,0.931,212.65,0.0,211,1.598,4,0.0,0.0,0.1,0,0.0,10.0,0,0.0,0,0,0,0.594,0.0,197.96,197.96,2,2,0,0,1.71,0.0,0.39,0.0,0.0,0.0776,0.0,4,4,0
0.0,0.0769,0,1.012,287.84,489.69,681,0.517,29,0.0769,0.0,0.2,0,-0.769,0.0,0,1.0,0,0,0,0.0,0.0,291.2,291.2,1,2,0,0,0.57,0.0,0.13,0.0769,0.0,0.2087,489.69,29,29,0
0.0,0.25,0,0.328,196.74,377.56,420,0.4,10,0.25,0.0,0.03,0,-2.5,0.0,0,1.0,1,0,0,0.0,0.0,64.61,64.61,0,1,0,0,0.29,0.0,0.07,0.25,0.0,0.5619,377.56,10,10,1
0.667,0.5,2,1.452,301.04,154.52,46,3.882,14,0.5,0.0,0.1,0,1.667,43.3,0,0.0,0,0,0,1.528,309.05,437.06,437.06,0,2,0,2,2.61,0.67,0.6,0.5,1.0,0.6196,154.52,14,14,1
0.333,0.1111,0,0.582,286.57,468.92,322,0.469,1,0.1111,0.0,0.2,0,2.222,54.4,0,1.0,0,0,0,0.0,0.0,166.92,166.92,1,1,0,0,0.84,0.33,0.19,0.1111,0.0,0.2465,468.92,1,1,0
0.0,0.0,0,1.0,183.76,0.0,23,0.287,2,0.0,0.0,0.07,0,0.0,10.0,0,0.0,0,0,1,0.0,0.0,183.76,183.76,1,1,0,0,1.3,0.0,0.3,0.0,0.0,1.0,0.0,2,2,0
0.333,0.25,0,1.026,324.98,350.68,140,0.845,5,0.25,0.0,0.2,0,0.833,26.7,0,1.0,0,0,0,3.733,0.0,333.45,333.45,1,2,0,0,0.86,0.33,0.2,0.25,0.0,0.5263,350.68,5,5,0
0.0,0.0,0,1.389,283.52,0.0,318,0.833,8,0.0,0.0,0.08,0,0.0,10.0,0,0.0,0,0,0,2.8,0.0,393.69,393.69,0,2,0,0,0.85,0.0,0.2,0.0,0.0,0.1543,0.0,8,8,0
0.333,0.3333,0,0.981,227.79,418.45,133,0.588,8,0.3333,0.0,0.12,0,0.0,10.0,0,1.0,0,0,0,1.875,0.0,223.5,223.5,0,1,0,0,0.68,0.33,0.16,0.3333,0.0,0.9394,418.45,8,8,0
0.0,0.1667,0,0.482,228.52,324.21,187,1.789,14,0.1667,0.0,0.1,0,-1.667,0.0,0,1.0,1,0,0,0.522,0.0,110.13,110.13,0,2,0,0,1.93,0.0,0.44,0.1667,0.0,0.2766,324.21,14,14,0
0.333,0.4545,0,0.838,253.8,248.58,267,1.126,23,0.4545,0.0,0.03,1,-1.212,0.0,0,0.8,0,0,0,0.877,0.0,212.79,212.79,2,3,0,0,1.24,0.33,0.29,0.4545,0.0,0.5214,248.58,23,23,1
1.0,0.4286,1,1.622,205.21,120.55,723,0.581,3,0.4286,0.2,0.03,0,5.714,100.0,0,0.167,0,0,0,3.85,69.86,332.81,332.81,1,2,0,1,0.58,1.0,0.13,0.4286,0.5,0.3676,120.55,3,3,1
0.0,0.0,0,1.0,425.04,0.0,85,0.277,19,0.0,0.0,0.2,0,0.0,10.0,0,0.0,1,0,0,0.0,0.0,425.04,425.04,0,1,0,0,0.35,0.0,0.08,0.0,0.0,1.0,0.0,19,19,0
0.0,0.0,0,2.394,151.34,0.0,126,0.466,3,0.0,0.0,0.08,0,0.0,10.0,0,0.0,0,0,0,0.0,0.0,362.36,362.36,1,2,0,0,0.71,0.0,0.16,0.0,0.0,0.7981,0.0,3,3,0
0.333,0.2,0,1.503,330.83,136.03,188,0.681,10,0.2,0.25,0.07,0,1.333,36.7,0,0.0,0,0,0,1.505,0.0,497.34,497.34,1,2,0,0,0.8,0.33,0.18,0.2,0.0,0.3829,136.03,10,10,0
0.0,0.7143,0,0.306,266.98,303.52,551,0.382,11,0.7143,0.5,0.1,0,-7.143,0.0,0,0.6,0,0,0,0.0,0.0,81.6,81.6,0,1,0,0,0.38,0.0,0.09,0.7143,0.0,0.8557,303.52,11,11,1
0.0,0.0,0,0.194,155.57,0.0,428,0.871,13,0.0,0.0,0.1,0,0.0,10.0,0,0.0,0,0,0,0.0,0.0,30.14,30.14,0,2,0,0,0.91,0.0,0.21,0.0,0.0,0.0149,0.0,13,13,0
0.0,0.0,0,1.534,97.54,0.0,41,0.851,5,0.0,0.0,0.05,0,0.0,10.0,0,0.0,0,0,0,0.0,0.0,149.59,149.59,1,3,0,0,2.93,0.0,0.68,0.0,0.0,0.3834,0.0,5,5,1
0.0,0.0,0,0.261,110.25,0.0,43,0.796,9,0.0,0.0,0.07,0,0.0,10.0,0,0.0,0,0,0,1.307,0.0,28.74,28.74,1,2,0,0,1.4,0.0,0.32,0.0,0.0,0.1303,0.0,9,9,1
0.333,0.25,1,1.139,299.88,287.91,237,0.449,1,0.25,0.0,0.2,0,0.833,26.7,0,1.0,0,0,0,0.0,287.91,341.44,341.44,1,1,0,1,0.51,0.33,0.12,0.25,1.0,0.5247,287.91,1,1,0
0.0,0.0,0,1.0,434.91,0.0,13,0.502,3,0.0,0.0,0.1,0,0.0,10.0,0,0.0,0,0,1,0.0,0.0,434.91,434.91,1,1,0,0,2.31,0.0,0.53,0.0,0.0,1.0,0.0,3,3,0
0.0,0.0,0,1.673,85.9,0.0,191,0.313,28,0.0,0.0,0.1,0,0.0,10.0,0,0.0,0,0,0,0.0,0.0,143.7,143.7,0,2,0,0,0.31,0.0,0.07,0.0,0.0,0.8364,0.0,28,28,1
0.333,0.1429,0,0.63,227.02,395.51,246,0.587,1,0.1429,0.0,0.1,0,1.905,48.1,0,1.0,0,0,0,0.0,0.0,143.0,143.0,1,3,0,0,0.85,0.33,0.2,0.1429,0.0,0.3389,395.51,1,1,1
0.0,0.0,0,0.535,178.94,0.0,41,2.473,25,0.0,0.0,0.07,0,0.0,10.0,0,0.0,1,0,0,2.533,0.0,95.68,95.68,0,2,0,0,1.46,0.0,0.34,0.0,0.0,0.2674,0.0,25,25,1
0.0,0.3333,0,0.602,241.02,246.63,695,0.342,28,0.3333,0.0,0.03,1,-3.333,0.0,0,0.667,0,0,0,0.0,0.0,145.2,145.2,0,1,0,0,0.39,0.0,0.09,0.3333,0.0,0.408,246.63,28,28,1
0.0,0.0,0,0.235,286.35,0.0,392,0.62,3,0.0,0.0,0.1,0,0.0,10.0,0,0.0,0,0,0,0.0,0.0,67.32,67.32,1,1,0,0,0.46,0.0,0.11,0.0,0.0,0.0392,0.0,3,3,0
0.0,0.0,0,1.698,246.57,0.0,398,0.423,5,0.0,0.0,0.12,0,0.0,10.0,0,0.0,0,0,0,2.503,0.0,418.7,418.7,1,1,0,0,0.45,0.0,0.1,0.0,0.0,0.283,0.0,5,5,0
0.667,0.4,2,0.646,284.29,264.46,958,0.303,8,0.4,0.0,0.03,1,2.667,63.3,0,0.5,0,0,0,0.0,645.88,183.65,183.65,1,3,1,2,0.31,0.67,0.07,0.4,0.6667,0.4367,264.46,8,8,1
0.667,0.1667,0,0.771,294.91,274.98,304,1.164,1,0.1667,0.3333,0.08,0,5.0,100.0,0,0.5,0,0,0,0.847,0.0,227.24,227.24,1,1,0,0,1.18,0.67,0.27,0.1667,0.0,0.2196,274.98,1,1,1
0.0,0.6667,0,0.355,168.72,184.35,375,0.49,22,0.6667,0.0,0.1,0,-6.667,0.0,0,0.25,0,0,0,0.0,0.0,59.91,59.91,0,1,0,0,0.48,0.0,0.11,0.6667,0.0,0.7876,184.35,22,22,1
0.333,0.1538,0,1.808,258.04,248.33,177,2.217,12,0.1538,0.5,0.03,0,1.795,45.9,0,0.5,0,0,0,0.887,0.0,466.55,466.55,1,5,0,0,2.2,0.33,0.51,0.1538,0.0,0.2871,248.33,12,12,1
0.0,0.0,0,1.293,247.36,0.0,311,0.142,21,0.0,0.0,0.2,0,0.0,10.0,0,0.0,0,0,0,0.0,0.0,319.84,319.84,0,1,0,0,0.19,0.0,0.04,0.0,0.0,0.6465,0.0,21,21,0
0.0,0.0,0,1.09,329.25,0.0,640,0.556,19,0.0,0.0,0.2,0,0.0,10.0,0,0.0,0,0,0,1.873,0.0,358.85,358.85,0,1,0,0,0.56,0.0,0.13,0.0,0.0,0.0908,0.0,19,19,0
0.0,0.2,0,1.139,385.13,285.77,408,0.323,16,0.2,0.0,0.08,1,-2.0,0.0,0,1.0,0,0,0,0.0,0.0,438.5,438.5,0,1,0,0,0.37,0.0,0.08,0.2,0.0,0.3761,285.77,16,16,1
0.0,0.5556,0,0.632,231.44,233.61,509,0.432,27,0.5556,0.0,0.07,1,-5.556,0.0,0,0.6,0,0,0,0.0,0.0,146.21,146.21,0,1,0,0,0.53,0.0,0.12,0.5556,0.0,0.6309,233.61,27,27,1
1.667,0.3333,2,1.643,269.51,221.24,114,3.947,18,0.3333,0.3333,0.05,1,13.333,100.0,0,0.4,0,0,0,1.018,588.29,442.87,442.87,0,4,1,2,3.95,1.67,0.91,0.3333,0.5,0.3832,221.24,18,18,1
0.333,0.5,0,1.136,305.32,299.68,519,0.507,24,0.5,0.0,0.12,1,-1.667,0.0,0,0.75,0,0,0,0.0,0.0,346.91,346.91,0,1,0,0,0.46,0.33,0.11,0.5,0.0,0.6328,299.68,24,24,1
0.333,0.2,1,0.653,208.19,412.26,23,5.493,8,0.2,0.0,0.12,1,1.333,36.7,0,1.0,0,0,1,1.171,412.26,135.97,135.97,1,5,1,1,6.52,0.33,1.51,0.2,0.2,0.5267,412.26,8,8,1
0.0,0.0,0,0.431,261.89,0.0,275,0.587,30,0.0,0.0,0.12,0,0.0,10.0,0,0.0,0,0,0,4.211,0.0,112.81,112.81,0,2,0,0,0.65,0.0,0.15,0.0,0.0,0.0718,0.0,30,30,0
0.333,0.1429,0,0.201,236.31,424.64,144,1.044,30,0.1429,0.0,0.2,1,1.905,48.1,0,1.0,0,0,0,0.0,0.0,47.56,47.56,1,3,0,0,1.46,0.33,0.34,0.1429,0.0,0.2855,424.64,30,30,1
0.667,0.4444,0,0.147,194.94,222.49,161,1.429,20,0.4444,0.3333,0.07,0,2.222,54.4,0,0.5,0,0,0,2.467,0.0,28.58,28.58,0,2,0,0,1.68,0.67,0.39,0.4444,0.0,0.5236,222.49,20,20,1
0.0,0.0,0,0.592,296.99,0.0,289,1.453,22,0.0,0.0,0.07,0,0.0,10.0,0,0.0,0,0,0,2.355,0.0,175.73,175.73,0,3,0,0,1.45,0.0,0.34,0.0,0.0,0.0423,0.0,22,22,0
0.0,0.0,0,1.101,359.02,0.0,174,0.192,26,0.0,0.0,0.1,0,0.0,10.0,0,0.0,0,0,0,0.0,0.0,395.35,395.35,0,1,0,0,0.34,0.0,0.08,0.0,0.0,0.5506,0.0,26,26,0
0.0,0.0,0,1.183,305.81,0.0,57,1.554,18,0.0,0.0,0.2,0,0.0,10.0,0,0.0,0,0,0,1.358,0.0,361.76,361.76,1,2,0,0,1.58,0.0,0.36,0.0,0.0,0.3943,0.0,18,18,0
0.0,0.0,0,1.0,317.86,0.0,122,0.581,11,0.0,0.0,0.08,0,0.0,10.0,0,0.0,0,0,0,0.0,0.0,317.86,317.86,0,1,0,0,0.25,0.0,0.06,0.0,0.0,1.0,0.0,11,11,0
0.0,0.0,0,1.0,311.89,0.0,44,1.5,7,0.0,0.0,0.03,1,0.0,10.0,0,0.0,0,0,0,1.467,0.0,311.89,311.89,1,1,0,0,0.68,0.0,0.16,0.0,0.0,1.0,0.0,7,7,1
0.0,0.0,0,1.0,462.7,0.0,154,0.372,20,0.0,0.0,0.2,0,0.0,10.0,0,0.0,0,0,0,2.896,0.0,462.7,462.7,0,1,0,0,0.19,0.0,0.04,0.0,0.0,1.0,0.0,20,20,0
0.0,0.0,0,0.135,179.93,0.0,288,0.559,9,0.0,0.0,0.05,0,0.0,10.0,0,0.0,0,0,0,1.856,0.0,24.34,24.34,0,2,0,0,0.62,0.0,0.14,0.0,0.0,0.0225,0.0,9,9,0
0.0,0.0,0,1.159,414.37,0.0,136,0.843,26,0.0,0.0,0.03,0,0.0,10.0,0,0.0,0,0,0,1.2,0.0,480.31,480.31,0,2,0,0,1.32,0.0,0.31,0.0,0.0,0.1932,0.0,26,26,0
0.0,0.0,0,0.477,348.91,0.0,262,0.337,29,0.0,0.0,0.2,0,0.0,10.0,0,0.0,0,0,0,0.0,0.0,166.43,166.43,0,1,0,0,0.34,0.0,0.08,0.0,0.0,0.159,0.0,29,29,0
0.333,0.7,0,0.521,234.66,292.17,419,0.588,14,0.7,0.5,0.05,1,-3.667,0.0,0,0.714,0,0,0,0.0,0.0,122.22,122.22,0,1,0,0,0.72,0.33,0.17,0.7,0.0,0.9236,292.17,14,14,1
0.0,0.0,0,0.764,400.26,0.0,42,0.378,29,0.0,0.0,0.1,0,0.0,10.0,0,0.0,1,0,0,2.85,0.0,305.9,305.9,0,3,0,0,2.14,0.0,0.49,0.0,0.0,0.2547,0.0,29,29,1
0.0,0.0,0,0.157,301.4,0.0,74,2.885,16,0.0,0.0,0.1,0,0.0,10.0,0,0.0,0,0,0,1.05,0.0,47.17,47.17,1,5,0,0,2.43,0.0,0.56,0.0,0.0,0.0261,0.0,16,16,0
0.0,0.0,0,1.0,321.85,0.0,40,1.003,24,0.0,0.0,0.2,1,0.0,10.0,0,0.0,0,0,0,0.997,0.0,321.85,321.85,0,1,0,0,0.75,0.0,0.17,0.0,0.0,1.0,0.0,24,24,1
0.0,0.25,0,1.509,291.76,428.52,140,0.592,9,0.25,0.5,0.03,1,-2.5,0.0,0,1.0,0,0,0,1.775,0.0,440.32,440.32,0,1,0,0,0.86,0.0,0.2,0.25,0.0,0.7445,428.52,9,9,1
0.0,0.0,0,1.317,287.84,0.0,82,1.284,23,0.0,0.0,0.12,0,0.0,10.0,0,0.0,0,0,0,0.757,0.0,379.05,379.05,0,1,0,0,1.1,0.0,0.25,0.0,0.0,0.439,0.0,23,23,0
0.0,0.1111,0,1.189,213.9,246.3,216,1.091,29,0.1111,0.0,0.07,0,-1.111,0.0,0,1.0,0,0,0,0.909,0.0,254.22,254.22,1,3,0,0,1.25,0.0,0.29,0.1111,0.0,0.26,246.3,29,29,0
1.0,0.75,2,1.121,211.33,202.81,48,1.644,12,0.75,0.0,0.1,0,2.5,60.0,0,0.333,0,0,0,2.32,227.6,236.91,236.91,0,2,1,2,2.5,1.0,0.58,0.75,1.0,1.0,202.81,12,12,1
0.0,0.0,0,1.139,409.95,0.0,61,1.659,23,0.0,0.0,0.1,0,0.0,10.0,0,0.0,0,0,0,1.247,0.0,466.84,466.84,1,2,0,0,1.97,0.0,0.45,0.0,0.0,0.2847,0.0,23,23,0
0.0,0.5556,0,0.763,212.34,276.3,479,0.676,17,0.5556,0.6667,0.05,1,-5.556,0.0,0,0.6,0,0,0,5.725,0.0,161.94,161.94,0,1,0,0,0.56,0.0,0.13,0.5556,0.0,0.8076,276.3,17,17,1
0.0,0.4,0,1.339,305.99,315.86,361,0.395,30,0.4,0.0,0.12,0,-4.0,0.0,0,1.0,0,0,0,0.0,0.0,409.65,409.65,0,1,0,0,0.42,0.0,0.1,0.4,0.0,0.6807,315.86,30,30,1
0.333,0.2,0,0.365,173.37,85.82,741,0.465,25,0.2,0.0,0.07,0,1.333,36.7,0,0.0,0,0,0,2.231,0.0,63.28,63.28,0,1,0,0,0.4,0.33,0.09,0.2,0.0,0.1355,85.82,25,25,1
0.0,0.3333,0,1.133,183.34,219.49,213,0.406,13,0.3333,0.0,0.12,0,-3.333,0.0,0,0.5,0,0,0,0.0,0.0,207.63,207.63,0,1,0,0,0.85,0.0,0.2,0.3333,0.0,0.5878,219.49,13,13,0
0.0,0.25,0,0.349,226.34,92.75,132,0.827,7,0.25,0.0,0.07,0,-2.5,0.0,0,0.0,0,0,0,2.656,0.0,79.09,79.09,1,1,0,0,0.91,0.0,0.21,0.25,0.0,0.1898,92.75,7,7,1
0.333,0.3333,0,0.817,410.05,425.68,140,0.663,6,0.3333,0.0,0.07,1,0.0,10.0,0,1.0,0,0,0,0.0,0.0,335.07,335.07,1,1,0,0,0.64,0.33,0.15,0.3333,0.0,0.6184,425.68,6,6,1
0.333,0.2857,1,1.638,265.68,320.55,151,1.167,4,0.2857,0.0,0.12,0,0.476,19.5,0,0.5,0,0,0,1.833,457.36,435.12,435.12,1,2,0,1,1.39,0.33,0.32,0.2857,0.5,0.5787,320.55,4,4,0
0.0,0.0714,0,1.933,163.57,93.41,802,0.532,13,0.0714,0.0,0.2,0,-0.714,0.0,0,0.0,0,0,0,1.943,0.0,316.11,316.11,0,2,0,0,0.52,0.0,0.12,0.0714,0.0,0.1788,93.41,13,13,0
0.0,0.5,0,0.654,47.4,63.77,369,0.219,8,0.5,0.5,0.2,0,-5.0,0.0,0,0.0,1,0,0,5.167,0.0,31.02,31.02,0,1,0,0,0.16,0.0,0.04,0.5,0.0,1.0,63.77,8,8,0
0.0,0.5333,0,1.815,267.69,283.38,706,0.637,15,0.5333,0.0,0.12,0,-5.333,0.0,0,0.625,0,0,0,1.61,0.0,485.88,485.88,0,1,0,0,0.64,0.0,0.15,0.5333,0.0,0.6856,283.38,15,15,1
2.0,0.5455,3,1.479,252.93,196.51,116,2.845,12,0.5455,0.0,0.12,0,14.545,100.0,0,0.5,1,1,0,1.638,474.31,374.19,374.19,0,4,1,3,2.84,2.0,0.66,0.5455,0.75,0.5583,196.51,12,12,1
1.0,0.5833,1,1.253,199.44,228.17,245,1.429,23,0.5833,0.6667,0.2,0,4.167,93.3,0,0.571,0,0,0,2.467,342.11,249.86,249.86,0,3,1,1,1.47,1.0,0.34,0.5833,0.3333,0.7718,228.17,23,23,1
0.333,0.1429,0,0.994,317.29,435.89,65,3.514,22,0.1429,0.0,0.08,0,1.905,48.1,0,1.0,1,0,0,2.314,0.0,315.26,315.26,1,4,0,0,3.23,0.33,0.75,0.1429,0.0,0.3382,435.89,22,22,1
0.0,0.3333,0,1.389,265.67,204.3,766,0.495,10,0.3333,0.0,0.03,0,-3.333,0.0,0,0.25,0,0,0,2.106,0.0,369.08,369.08,0,1,0,0,0.47,0.0,0.11,0.3333,0.0,0.3721,204.3,10,10,1
0.333,0.25,0,2.173,188.21,28.22,151,0.27,15,0.25,0.0,0.1,1,0.833,26.7,0,0.0,0,0,0,0.0,0.0,409.02,409.02,0,1,0,0,0.79,0.33,0.18,0.25,0.0,0.5808,28.22,15,15,1
0.0,0.0,0,1.777,246.2,0.0,129,1.0,29,0.0,0.0,0.2,0,0.0,10.0,0,0.0,0,0,0,0.0,0.0,437.47,437.47,1,5,0,0,1.16,0.0,0.27,0.0,0.0,0.3554,0.0,29,29,0
0.0,0.3333,0,1.203,314.54,404.61,257,0.387,4,0.3333,0.0,0.12,1,-3.333,0.0,0,1.0,0,0,0,2.783,0.0,378.4,378.4,1,1,0,0,0.35,0.0,0.08,0.3333,0.0,0.8298,404.61,4,4,1
0.0,0.0,0,1.188,278.57,0.0,744,0.464,23,0.0,0.0,0.12,0,0.0,10.0,0,0.0,0,0,0,0.0,0.0,331.08,331.08,0,1,0,0,0.52,0.0,0.12,0.0,0.0,0.0914,0.0,23,23,0
0.0,0.5,0,1.38,307.99,251.12,408,0.422,11,0.5,0.0,0.12,1,-5.0,0.0,0,0.667,1,0,0,6.617,0.0,425.12,425.12,0,2,0,0,0.44,0.0,0.1,0.5,0.0,0.6377,251.12,11,11,1
0.0,0.0909,0,1.162,179.75,365.69,536,0.63,17,0.0909,0.0,0.1,0,-0.909,0.0,0,1.0,0,0,0,0.0,0.0,208.78,208.78,0,1,0,0,0.62,0.0,0.14,0.0909,0.0,0.2905,365.69,17,17,0
0.333,0.3333,0,1.306,315.1,307.49,384,0.896,8,0.3333,0.0,0.1,1,0.0,10.0,0,0.75,0,0,0,1.124,0.0,411.45,411.45,0,1,0,0,0.94,0.33,0.22,0.3333,0.0,0.4341,307.49,8,8,1
0.0,0.0,0,0.801,125.86,0.0,380,0.137,25,0.0,0.0,0.12,0,0.0,10.0,0,0.0,0,0,0,0.0,0.0,100.78,100.78,0,1,0,0,0.16,0.0,0.04,0.0,0.0,0.4004,0.0,25,25,1
0.0,0.0,0,0.403,270.0,0.0,55,1.204,28,0.0,0.0,0.07,0,0.0,10.0,0,0.0,0,0,0,0.813,0.0,108.69,108.69,0,2,0,0,1.09,0.0,0.25,0.0,0.0,0.2013,0.0,28,28,1
0.0,0.5,0,0.081,255.25,264.89,353,1.183,27,0.5,0.25,0.07,0,-5.0,0.0,0,0.571,0,0,0,0.833,0.0,20.75,20.75,0,1,0,0,1.19,0.0,0.27,0.5,0.0,0.5247,264.89,27,27,1
0.0,0.5,0,1.713,266.06,76.4,156,0.673,29,0.5,0.5,0.07,0,-5.0,0.0,0,0.0,0,0,0,0.0,0.0,455.73,455.73,0,1,0,0,0.38,0.0,0.09,0.5,0.0,1.0,76.4,29,29,1
0.0,0.0,0,0.956,424.2,0.0,43,0.734,5,0.0,0.0,0.1,0,0.0,10.0,0,0.0,0,0,0,0.0,0.0,405.58,405.58,2,2,0,0,1.4,0.0,0.32,0.0,0.0,0.4781,0.0,5,5,1
0.0,0.0,0,1.868,223.53,0.0,228,0.594,16,0.0,0.0,0.12,0,0.0,10.0,0,0.0,0,0,0,0.0,0.0,417.55,417.55,0,1,0,0,0.39,0.0,0.09,0.0,0.0,0.6227,0.0,16,16,0
0.0,0.0,0,1.271,340.33,0.0,695,0.257,21,0.0,0.0,0.2,0,0.0,10.0,0,0.0,0,0,0,4.305,0.0,432.66,432.66,0,1,0,0,0.22,0.0,0.05,0.0,0.0,0.2543,0.0,21,21,0
0.0,0.0,0,0.653,159.16,0.0,30,0.504,5,0.0,0.0,0.07,0,0.0,10.0,0,0.0,0,0,0,0.0,0.0,103.96,103.96,1,2,0,0,2.0,0.0,0.46,0.0,0.0,0.3266,0.0,5,5,0
0.333,0.25,0,1.83,126.12,29.57,156,0.407,13,0.25,0.0,0.1,0,0.833,26.7,0,0.0,0,0,0,0.0,0.0,230.8,230.8,0,2,0,0,0.77,0.33,0.18,0.25,0.0,0.5161,29.57,13,13,1
0.333,0.5,1,0.967,479.76,495.37,128,0.487,23,0.5,0.0,0.05,0,-1.667,0.0,0,1.0,0,0,0,0.0,495.37,464.14,464.14,0,1,0,1,0.47,0.33,0.11,0.5,1.0,1.0,495.37,23,23,1
0.333,0.2,1,0.536,269.67,445.27,122,0.562,3,0.2,0.0,0.08,0,1.333,36.7,0,1.0,0,0,0,1.833,445.27,144.46,144.46,2,3,0,1,1.23,0.33,0.28,0.2,0.3333,0.4374,445.27,3,3,0
0.333,0.3077,0,1.999,243.8,197.93,752,0.471,3,0.3077,0.0,0.1,0,0.256,15.1,0,0.5,0,0,0,0.0,0.0,487.39,487.39,1,2,0,0,0.52,0.33,0.12,0.3077,0.0,0.4036,197.93,3,3,1
0.333,0.5,1,0.992,189.02,190.56,17,3.333,7,0.5,0.0,0.2,0,-1.667,0.0,0,0.0,0,0,1,1.0,190.56,187.49,187.49,2,2,1,1,3.53,0.33,0.82,0.5,0.5,1.0,190.56,7,7,1
0.0,0.0909,0,0.363,211.39,149.55,531,0.6,25,0.0909,0.0,0.12,0,-0.909,0.0,0,0.0,0,0,0,0.0,0.0,76.74,76.74,0,3,0,0,0.62,0.0,0.14,0.0909,0.0,0.0973,149.55,25,25,1
0.0,0.0,0,1.0,155.15,0.0,66,0.264,12,0.0,0.0,0.12,0,0.0,10.0,0,0.0,1,0,0,4.256,0.0,155.15,155.15,0,1,0,0,0.45,0.0,0.1,0.0,0.0,1.0,0.0,12,12,0
0.0,0.0,0,1.06,397.24,0.0,63,0.634,15,0.0,0.0,0.2,0,0.0,10.0,0,0.0,0,0,0,1.867,0.0,420.95,420.95,0,2,0,0,0.95,0.0,0.22,0.0,0.0,0.5299,0.0,15,15,0
0.0,0.0,0,0.519,238.01,0.0,29,4.138,5,0.0,0.0,0.05,0,0.0,10.0,0,0.0,0,0,1,1.0,0.0,123.51,123.51,2,4,0,0,4.14,0.0,0.96,0.0,0.0,0.1297,0.0,5,5,0
0.333,0.1,0,0.948,222.64,231.19,120,3.147,2,0.1,0.0,0.05,0,2.333,56.7,0,1.0,0,0,0,3.296,0.0,210.98,210.98,2,3,0,0,2.5,0.33,0.58,0.1,0.0,0.1986,231.19,2,2,0
0.0,0.0,0,0.282,251.68,0.0,152,0.302,5,0.0,0.0,0.2,0,0.0,10.0,0,0.0,0,0,0,0.0,0.0,70.94,70.94,1,2,0,0,0.39,0.0,0.09,0.0,0.0,0.1409,0.0,5,5,1
0.333,0.4286,1,0.112,208.0,208.82,480,0.4,1,0.4286,0.0,0.08,0,-0.952,0.0,0,0.333,1,0,0,0.0,131.76,23.3,23.3,1,2,1,1,0.44,0.33,0.1,0.4286,0.5,0.4463,208.82,1,1,1
0.0,0.0,0,0.917,334.3,0.0,224,0.489,10,0.0,0.0,0.1,0,0.0,10.0,0,0.0,0,0,0,0.0,0.0,306.46,306.46,0,1,0,0,0.67,0.0,0.15,0.0,0.0,0.1833,0.0,10,10,0
0.0,0.0,0,0.642,279.64,0.0,436,0.404,7,0.0,0.0,0.07,0,0.0,10.0,0,0.0,0,0,0,2.686,0.0,179.56,179.56,1,1,0,0,0.34,0.0,0.08,0.0,0.0,0.1284,0.0,7,7,0
0.0,0.0,0,0.881,403.21,0.0,135,0.279,17,0.0,0.0,0.1,1,0.0,10.0,0,0.0,0,0,0,0.0,0.0,355.1,355.1,0,2,0,0,0.44,0.0,0.1,0.0,0.0,0.4403,0.0,17,17,1
0.0,0.0,0,1.41,263.21,0.0,608,0.181,13,0.0,0.0,0.07,0,0.0,10.0,0,0.0,0,0,0,0.0,0.0,371.05,371.05,0,1,0,0,0.2,0.0,0.05,0.0,0.0,0.3524,0.0,13,13,0
0.0,0.0,0,1.121,281.78,0.0,443,0.359,25,0.0,0.0,0.12,0,0.0,10.0,0,0.0,0,0,0,0.0,0.0,316.0,316.0,0,1,0,0,0.41,0.0,0.09,0.0,0.0,0.1869,0.0,25,25,0
0.333,0.3636,0,0.874,346.37,353.77,137,2.222,14,0.3636,0.0,0.03,0,-0.303,3.9,0,0.75,0,0,0,0.4,0.0,302.76,302.76,0,2,0,0,2.41,0.33,0.56,0.3636,0.0,0.4509,353.77,14,14,1
0.0,0.0,0,0.742,314.76,0.0,83,3.719,28,0.0,0.0,0.2,0,0.0,10.0,0,0.0,0,0,0,0.217,0.0,233.46,233.46,0,8,0,0,5.06,0.0,1.17,0.0,0.0,0.053,0.0,28,28,0
0.0,0.6667,0,3.595,122.98,57.67,365,0.488,28,0.6667,0.6667,0.1,0,-6.667,0.0,0,0.0,0,0,0,0.0,0.0,442.06,442.06,0,1,0,0,0.49,0.0,0.11,0.6667,0.0,0.9117,57.67,28,28,1
0.0,0.0,0,1.577,261.06,0.0,308,0.746,5,0.0,0.0,0.2,0,0.0,10.0,0,0.0,0,0,0,0.0,0.0,411.56,411.56,1,2,0,0,0.78,0.0,0.18,0.0,0.0,0.1971,0.0,5,5,0
0.333,0.3333,1,1.827,266.61,214.34,213,1.654,15,0.3333,0.6667,0.07,0,0.0,10.0,0,0.75,0,0,0,0.0,239.12,486.98,486.98,1,4,0,1,1.69,0.33,0.39,0.3333,0.25,0.4202,214.34,15,15,1
0.333,0.2143,0,0.075,269.16,383.52,437,0.913,11,0.2143,0.25,0.2,0,1.19,33.8,0,1.0,0,0,0,0.0,0.0,20.27,20.27,0,4,0,0,0.96,0.33,0.22,0.2143,0.0,0.3107,383.52,11,11,1
0.333,0.5,0,1.268,301.63,323.85,181,0.513,16,0.5,0.5,0.1,1,-1.667,0.0,0,0.5,0,0,0,2.106,0.0,382.54,382.54,0,1,0,0,0.66,0.33,0.15,0.5,0.0,0.8539,323.85,16,16,1
0.333,0.75,0,0.463,298.19,351.58,959,0.123,7,0.75,0.0,0.2,0,-4.167,0.0,0,1.0,0,0,0,10.467,0.0,138.02,138.02,1,1,0,0,0.13,0.33,0.03,0.75,0.0,1.0,351.58,7,7,1
0.0,0.0,0,0.707,240.11,0.0,164,0.53,12,0.0,0.0,0.07,0,0.0,10.0,0,0.0,0,0,0,4.239,0.0,169.7,169.7,0,1,0,0,0.37,0.0,0.08,0.0,0.0,0.3534,0.0,12,12,1
0.333,0.4,1,0.186,239.6,287.36,214,0.87,22,0.4,0.0,0.2,0,-0.667,0.0,0,0.75,0,0,0,1.16,379.55,44.65,44.65,1,2,0,1,1.4,0.33,0.32,0.4,0.5,0.4984,287.36,22,22,1
1.0,0.6667,1,1.087,233.59,216.59,190,1.586,21,0.6667,0.0,0.05,0,3.333,76.7,0,0.5,0,0,0,0.0,176.29,254.01,254.01,1,3,1,1,1.89,1.0,0.44,0.6667,0.3333,0.7088,216.59,21,21,1
0.333,0.5,1,1.36,340.88,218.17,24,3.529,20,0.5,0.5,0.1,0,-1.667,0.0,0,1.0,0,0,1,1.4,218.17,463.58,463.58,0,2,1,1,2.5,0.33,0.58,0.5,0.5,1.0,218.17,20,20,1
0.333,0.4,0,0.206,213.72,218.58,537,0.201,16,0.4,0.3333,0.1,1,-0.667,0.0,0,0.5,0,0,0,0.0,0.0,43.95,43.95,0,1,0,0,0.28,0.33,0.06,0.4,0.0,0.4502,218.58,16,16,1
0.0,0.0,0,1.411,217.43,0.0,141,0.54,20,0.0,0.0,0.08,0,0.0,10.0,0,0.0,0,0,0,0.0,0.0,306.9,306.9,0,1,0,0,0.43,0.0,0.1,0.0,0.0,0.7057,0.0,20,20,0
0.0,0.0,0,1.0,43.66,0.0,32,1.071,28,0.0,0.0,0.12,0,0.0,10.0,0,0.0,0,0,0,0.0,0.0,43.66,43.66,0,1,0,0,0.94,0.0,0.22,0.0,0.0,1.0,0.0,28,28,1
0.333,0.25,0,1.405,264.13,40.3,142,0.698,11,0.25,0.0,0.08,0,0.833,26.7,0,0.0,1,0,0,0.0,0.0,371.23,371.23,0,1,0,0,0.85,0.33,0.2,0.25,0.0,0.3895,40.3,11,11,1
0.333,0.1667,1,1.116,320.26,244.56,486,0.471,26,0.1667,0.25,0.1,0,1.667,43.3,0,0.5,0,0,0,0.0,172.61,357.27,357.27,0,3,0,1,0.74,0.33,0.17,0.1667,0.3333,0.2202,244.56,26,26,0
0.0,0.2,0,1.679,287.63,242.67,196,0.732,15,0.2,0.0,0.1,0,-2.0,0.0,0,1.0,1,0,0,1.403,0.0,482.79,482.79,0,1,0,0,0.77,0.0,0.18,0.2,0.0,0.5044,242.67,15,15,1
0.0,0.0,0,0.377,139.44,0.0,146,0.56,30,0.0,0.0,0.12,0,0.0,10.0,0,0.0,0,0,0,0.0,0.0,52.57,52.57,0,1,0,0,0.41,0.0,0.09,0.0,0.0,0.1885,0.0,30,30,0
0.333,0.3846,1,0.46,261.01,225.9,818,0.476,25,0.3846,0.0,0.05,1,-0.513,0.0,0,0.6,0,0,0,4.782,117.86,120.13,120.13,0,2,0,1,0.48,0.33,0.11,0.3846,0.5,0.3683,225.9,25,25,1
1.0,0.625,1,0.389,252.86,350.97,397,0.57,21,0.625,0.0,0.08,1,3.75,85.0,0,1.0,0,0,0,1.83,221.14,98.4,98.4,0,1,0,1,0.6,1.0,0.14,0.625,1.0,0.9162,350.97,21,21,1
0.0,0.5455,0,0.271,276.04,263.35,353,0.825,25,0.5455,0.0,0.1,0,-5.455,0.0,0,0.833,0,0,0,1.228,0.0,74.73,74.73,0,1,0,0,0.93,0.0,0.22,0.5455,0.0,0.545,263.35,25,25,1
0.333,0.3333,1,1.366,320.32,361.39,271,0.185,18,0.3333,0.0,0.2,1,0.0,10.0,0,1.0,0,0,0,0.0,361.39,437.47,437.47,0,2,1,1,0.33,0.33,0.08,0.3333,0.5,0.8313,361.39,18,18,1
1.333,0.5,2,1.228,227.2,260.8,116,1.612,25,0.5,0.0,0.12,1,8.333,100.0,0,0.5,0,0,0,0.589,530.15,279.05,279.05,2,3,0,2,2.07,1.33,0.48,0.5,0.6667,0.7275,260.8,25,25,1
0.333,0.5,1,0.57,337.42,482.57,63,0.555,17,0.5,0.0,0.05,0,-1.667,0.0,0,1.0,0,0,0,0.0,482.57,192.26,192.26,0,2,0,1,0.95,0.33,0.22,0.5,0.5,1.0,482.57,17,17,1
0.333,0.6667,0,0.999,68.25,68.28,528,0.224,4,0.6667,0.0,0.05,0,-3.333,0.0,0,0.0,0,0,0,0.0,0.0,68.21,68.21,1,1,0,0,0.17,0.33,0.04,0.6667,0.0,1.0,68.28,4,4,1
0.0,0.3333,0,0.973,245.63,206.07,195,1.654,4,0.3333,0.0,0.2,0,-3.333,0.0,0,0.667,0,0,0,0.0,0.0,239.12,239.12,1,2,0,0,1.38,0.0,0.32,0.3333,0.0,0.3878,206.07,4,4,1
0.0,0.0,0,1.371,271.04,0.0,12,2.126,11,0.0,0.0,0.05,0,0.0,10.0,0,0.0,0,0,1,1.617,0.0,371.56,371.56,0,3,0,0,7.5,0.0,1.73,0.0,0.0,0.457,0.0,11,11,1
0.0,0.0,0,0.636,359.18,0.0,27,3.75,10,0.0,0.0,0.12,0,0.0,10.0,0,0.0,0,0,1,1.156,0.0,228.4,228.4,0,3,0,0,3.33,0.0,0.77,0.0,0.0,0.212,0.0,10,10,1
0.0,0.0,0,1.031,390.63,0.0,154,0.254,1,0.0,0.0,0.08,0,0.0,10.0,0,0.0,0,0,0,0.0,0.0,402.83,402.83,1,2,0,0,0.58,0.0,0.13,0.0,0.0,0.3437,0.0,1,1,0
0.0,0.0,0,0.495,376.18,0.0,17,10.588,3,0.0,0.0,0.08,0,0.0,10.0,0,0.0,1,0,1,1.0,0.0,186.23,186.23,1,6,0,0,10.59,0.0,2.45,0.0,0.0,0.0825,0.0,3,3,0
0.0,0.0,0,1.348,334.2,0.0,214,0.503,25,0.0,0.0,0.08,0,0.0,10.0,0,0.0,1,0,0,0.0,0.0,450.36,450.36,0,1,0,0,0.7,0.0,0.16,0.0,0.0,0.2695,0.0,25,25,0
0.667,0.4286,2,0.568,190.72,296.11,298,0.807,7,0.4286,0.0,0.2,0,2.381,57.6,0,1.0,0,0,0,2.745,681.79,108.31,108.31,1,3,0,2,0.7,0.67,0.16,0.4286,0.6667,0.7465,296.11,7,7,1
0.667,0.6,0,1.937,244.45,196.76,550,0.808,12,0.6,0.3333,0.03,0,0.667,23.3,0,0.444,0,0,0,1.255,0.0,473.57,473.57,0,1,0,0,0.82,0.67,0.19,0.6,0.0,0.6121,196.76,12,12,1
0.0,0.0,0,0.407,248.53,0.0,218,0.896,8,0.0,0.0,0.03,1,0.0,10.0,0,0.0,0,0,0,1.124,0.0,101.15,101.15,0,1,0,0,0.83,0.0,0.19,0.0,0.0,0.0678,0.0,8,8,1
0.0,0.0,0,1.208,313.76,0.0,50,0.882,27,0.0,0.0,0.08,0,0.0,10.0,0,0.0,0,0,0,0.0,0.0,379.0,379.0,1,2,0,0,1.2,0.0,0.28,0.0,0.0,0.604,0.0,27,27,0
0.0,0.0,0,1.07,223.04,0.0,826,0.373,9,0.0,0.0,0.1,0,0.0,10.0,0,0.0,0,0,0,0.0,0.0,238.75,238.75,0,1,0,0,0.4,0.0,0.09,0.0,0.0,0.0973,0.0,9,9,0
0.0,0.0,0,1.211,216.12,0.0,509,0.545,29,0.0,0.0,0.1,0,0.0,10.0,0,0.0,0,0,0,0.0,0.0,261.72,261.72,0,2,0,0,0.59,0.0,0.14,0.0,0.0,0.1211,0.0,29,29,0
0.0,0.0,0,1.6,252.91,0.0,607,0.474,27,0.0,0.0,0.2,0,0.0,10.0,0,0.0,0,0,0,2.197,0.0,404.6,404.6,0,1,0,0,0.49,0.0,0.11,0.0,0.0,0.16,0.0,27,27,0
0.0,0.0,0,2.315,206.04,0.0,54,1.591,22,0.0,0.0,0.1,0,0.0,10.0,0,0.0,0,0,0,0.6,0.0,477.01,477.01,0,3,0,0,1.67,0.0,0.38,0.0,0.0,0.7717,0.0,22,22,0
0.333,0.4286,0,1.077,299.57,247.49,487,0.464,21,0.4286,0.0,0.03,0,-0.952,0.0,0,0.667,0,0,0,0.0,0.0,322.67,322.67,0,1,0,0,0.43,0.33,0.1,0.4286,0.0,0.5079,247.49,21,21,1
0.333,0.25,0,1.201,327.68,199.84,223,0.683,23,0.25,0.0,0.05,0,0.833,26.7,0,0.5,0,0,0,1.506,0.0,393.47,393.47,2,4,0,0,1.08,0.33,0.25,0.25,0.0,0.3026,199.84,23,23,1
0.667,0.3333,0,1.106,251.53,377.96,343,0.688,18,0.3333,0.0,0.07,0,3.333,76.7,0,0.667,0,0,0,1.486,0.0,278.23,278.23,0,1,0,0,0.79,0.67,0.18,0.3333,0.0,0.6238,377.96,18,18,0
0.0,0.0,0,0.661,367.58,0.0,62,0.832,8,0.0,0.0,0.1,0,0.0,10.0,0,0.0,0,0,0,0.0,0.0,242.98,242.98,1,2,0,0,1.45,0.0,0.34,0.0,0.0,0.2203,0.0,8,8,0
0.0,0.0,0,0.732,118.05,0.0,102,0.594,30,0.0,0.0,0.1,0,0.0,10.0,0,0.0,0,0,0,0.0,0.0,86.37,86.37,0,1,0,0,0.59,0.0,0.14,0.0,0.0,0.3658,0.0,30,30,1
0.333,0.125,1,0.644,217.61,460.16,415,0.704,2,0.125,0.0,0.12,0,2.083,51.7,0,1.0,0,0,0,3.252,460.16,140.2,140.2,1,1,0,1,0.58,0.33,0.13,0.125,1.0,0.3449,460.16,2,2,0
0.0,0.0,0,1.185,318.58,0.0,255,0.51,14,0.0,0.0,0.2,0,0.0,10.0,0,0.0,0,0,0,0.0,0.0,377.66,377.66,0,1,0,0,0.59,0.0,0.14,0.0,0.0,0.2371,0.0,14,14,0
0.0,0.0667,0,0.507,226.98,436.65,593,0.647,12,0.0667,0.0,0.07,0,-0.667,0.0,0,1.0,0,0,0,0.0,0.0,115.02,115.02,0,2,0,0,0.76,0.0,0.18,0.0667,0.0,0.162,436.65,12,12,0
0.333,0.4545,0,1.778,240.05,263.4,644,0.532,24,0.4545,0.0,0.12,0,-1.212,0.0,0,0.6,0,0,0,1.961,0.0,426.78,426.78,0,1,0,0,0.51,0.33,0.12,0.4545,0.0,0.6604,263.4,24,24,1
0.667,0.3333,0,0.935,291.17,296.07,79,2.063,13,0.3333,0.0,0.2,0,3.333,76.7,0,1.0,0,0,0,1.59,0.0,272.36,272.36,0,2,0,0,2.28,0.67,0.53,0.3333,0.0,0.4948,296.07,13,13,1
0.333,0.3333,0,0.237,203.28,113.27,413,0.749,4,0.3333,0.3333,0.12,0,0.0,10.0,0,0.333,0,0,0,0.0,0.0,48.19,48.19,1,3,0,0,0.65,0.33,0.15,0.3333,0.0,0.2121,113.27,4,4,1
0.333,0.4444,1,1.359,297.74,308.03,242,1.125,30,0.4444,0.0,0.05,0,-1.111,0.0,0,1.0,0,0,0,1.897,447.56,404.63,404.63,0,1,1,1,1.12,0.33,0.26,0.4444,1.0,0.6108,308.03,30,30,1
0.667,0.75,1,0.357,205.62,249.7,376,0.228,26,0.75,0.0,0.12,0,-0.833,0.0,0,0.667,0,0,0,0.0,429.25,73.38,73.38,0,1,0,1,0.32,0.67,0.07,0.75,1.0,1.0,249.7,26,26,1
0.0,0.0,0,1.467,289.36,0.0,331,0.685,23,0.0,0.0,0.07,0,0.0,10.0,0,0.0,0,0,0,0.0,0.0,424.46,424.46,0,2,0,0,0.63,0.0,0.15,0.0,0.0,0.2096,0.0,23,23,0
0.0,0.0,0,1.565,255.07,0.0,155,1.935,1,0.0,0.0,0.12,0,0.0,10.0,0,0.0,0,0,0,2.778,0.0,399.11,399.11,3,4,0,0,1.94,0.0,0.45,0.0,0.0,0.1565,0.0,1,1,0
0.0,0.3636,0,1.13,292.35,339.4,330,1.018,4,0.3636,0.0,0.2,0,-3.636,0.0,0,0.75,0,0,0,0.981,0.0,330.22,330.22,2,4,0,0,1.0,0.0,0.23,0.3636,0.0,0.5248,339.4,4,4,1
0.0,0.0,0,1.659,208.02,0.0,89,0.478,26,0.0,0.0,0.05,1,0.0,10.0,0,0.0,0,0,0,2.174,0.0,345.1,345.1,0,2,0,0,0.67,0.0,0.16,0.0,0.0,0.8295,0.0,26,26,1
0.0,0.0,0,1.0,449.39,0.0,76,1.197,14,0.0,0.0,0.1,0,0.0,10.0,0,0.0,0,0,0,0.824,0.0,449.39,449.39,0,1,0,0,0.39,0.0,0.09,0.0,0.0,1.0,0.0,14,14,1
0.0,0.0,0,0.904,204.7,0.0,119,0.223,10,0.0,0.0,0.2,1,0.0,10.0,0,0.0,0,0,0,0.0,0.0,185.04,185.04,0,1,0,0,0.5,0.0,0.12,0.0,0.0,0.452,0.0,10,10,1
0.0,0.0,0,2.468,200.74,0.0,93,1.5,25,0.0,0.0,0.03,0,0.0,10.0,0,0.0,0,0,0,0.0,0.0,495.44,495.44,1,2,0,0,1.29,0.0,0.3,0.0,0.0,0.617,0.0,25,25,0
0.0,0.0,0,0.86,228.74,0.0,277,0.183,26,0.0,0.0,0.05,1,0.0,10.0,0,0.0,0,0,0,0.0,0.0,196.83,196.83,0,1,0,0,0.32,0.0,0.08,0.0,0.0,0.2868,0.0,26,26,1
0.333,0.5714,1,1.78,228.09,170.59,490,0.808,22,0.5714,0.0,0.03,0,-2.381,0.0,0,0.375,0,0,0,1.255,59.97,406.1,406.1,1,3,0,1,0.86,0.33,0.2,0.5714,0.3333,0.5546,170.59,22,22,1
1.0,0.6,2,0.629,354.17,408.96,56,1.158,23,0.6,0.3333,0.03,0,4.0,90.0,0,1.0,0,0,0,0.85,751.53,222.68,222.68,0,1,0,2,2.68,1.0,0.62,0.6,2.0,0.8186,408.96,23,23,1
0.0,0.2,0,0.688,252.78,212.06,282,0.544,12,0.2,0.0,0.05,0,-2.0,0.0,0,1.0,0,0,0,0.0,0.0,174.03,174.03,0,1,0,0,0.53,0.0,0.12,0.2,0.0,0.3055,212.06,12,12,1
0.333,0.2857,0,1.21,256.1,345.33,310,0.452,5,0.2857,0.0,0.2,0,0.476,19.5,0,1.0,0,0,0,0.0,0.0,309.92,309.92,1,2,0,0,0.68,0.33,0.16,0.2857,0.0,0.5582,345.33,5,5,1
0.0,0.0,0,0.86,387.65,0.0,281,0.229,19,0.0,0.0,0.1,0,0.0,10.0,0,0.0,0,0,0,0.0,0.0,333.2,333.2,0,1,0,0,0.32,0.0,0.07,0.0,0.0,0.2865,0.0,19,19,0
0.0,0.0,0,1.0,274.92,0.0,33,0.809,19,0.0,0.0,0.05,0,0.0,10.0,0,0.0,0,0,0,0.0,0.0,274.92,274.92,0,1,0,0,0.91,0.0,0.21,0.0,0.0,1.0,0.0,19,19,1
0.0,0.375,0,0.552,240.46,217.04,498,0.451,23,0.375,0.0,0.12,0,-3.75,0.0,0,0.333,0,0,0,0.0,0.0,132.72,132.72,0,2,0,0,0.48,0.0,0.11,0.375,0.0,0.4075,217.04,23,23,1
0.0,0.0,0,0.592,216.84,0.0,108,0.448,11,0.0,0.0,0.1,0,0.0,10.0,0,0.0,0,0,0,0.0,0.0,128.43,128.43,0,3,0,0,0.83,0.0,0.19,0.0,0.0,0.1974,0.0,11,11,0
0.0,0.2857,0,0.928,261.71,267.4,181,0.742,1,0.2857,0.0,0.12,0,-2.857,0.0,0,1.0,1,0,0,3.074,0.0,242.88,242.88,1,2,0,0,1.16,0.0,0.27,0.2857,0.0,0.4245,267.4,1,1,1
0.333,0.125,0,0.358,199.77,495.44,135,1.5,16,0.125,0.0,0.2,0,2.083,51.7,0,1.0,0,0,0,0.0,0.0,71.61,71.61,1,4,0,0,1.78,0.33,0.41,0.125,0.0,0.3548,495.44,16,16,0
0.333,0.4,0,0.083,254.18,252.3,432,0.609,4,0.4,0.0,0.05,0,-0.667,0.0,0,0.75,0,0,0,0.0,0.0,21.13,21.13,1,1,0,0,0.69,0.33,0.16,0.4,0.0,0.4054,252.3,4,4,1
0.333,0.3636,0,0.666,191.56,97.0,448,0.749,4,0.3636,0.0,0.07,0,-0.303,3.9,0,0.25,0,0,0,0.0,0.0,127.57,127.57,2,2,0,0,0.74,0.33,0.17,0.3636,0.0,0.2447,97.0,4,4,1
0.0,0.0,0,1.06,420.54,0.0,297,0.669,25,0.0,0.0,0.2,0,0.0,10.0,0,0.0,0,0,0,0.0,0.0,445.69,445.69,0,1,0,0,0.91,0.0,0.21,0.0,0.0,0.1178,0.0,25,25,0
0.0,0.3333,0,1.379,303.53,257.27,345,0.427,22,0.3333,0.0,0.12,0,-3.333,0.0,0,0.5,0,0,0,0.0,0.0,418.71,418.71,0,3,0,0,0.52,0.0,0.12,0.3333,0.0,0.5124,257.27,22,22,1
0.667,0.25,2,0.959,198.69,148.24,76,2.376,21,0.25,0.0,0.1,0,4.167,93.3,0,0.5,0,0,0,0.338,296.48,190.51,190.51,1,4,0,2,3.16,0.67,0.73,0.25,0.5,0.3064,148.24,21,21,1
0.0,0.0,0,1.329,316.61,0.0,19,10.0,14,0.0,0.0,0.2,0,0.0,10.0,0,0.0,0,0,1,0.438,0.0,420.63,420.63,1,9,0,0,14.21,0.0,3.28,0.0,0.0,0.1476,0.0,14,14,0
0.0,0.0,0,1.236,301.49,0.0,130,0.237,6,0.0,0.0,0.08,0,0.0,10.0,0,0.0,0,0,0,0.0,0.0,372.63,372.63,1,1,0,0,0.69,0.0,0.16,0.0,0.0,0.412,0.0,6,6,0
0.0,0.0,0,1.019,425.41,0.0,504,0.245,20,0.0,0.0,0.05,0,0.0,10.0,0,0.0,0,0,0,0.0,0.0,433.56,433.56,0,2,0,0,0.18,0.0,0.04,0.0,0.0,0.3397,0.0,20,20,1
0.0,0.0,0,0.74,221.57,0.0,535,0.527,15,0.0,0.0,0.12,0,0.0,10.0,0,0.0,0,0,0,0.0,0.0,164.0,164.0,0,3,0,0,0.62,0.0,0.14,0.0,0.0,0.0673,0.0,15,15,0
0.333,0.5,0,0.609,319.52,312.06,538,0.516,28,0.5,0.6667,0.1,0,-1.667,0.0,0,0.75,0,0,0,2.033,0.0,194.54,194.54,0,1,0,0,0.45,0.33,0.1,0.5,0.0,0.5644,312.06,28,28,1
0.0,0.0,0,1.155,305.56,0.0,107,0.388,23,0.0,0.0,0.12,0,0.0,10.0,0,0.0,0,0,0,2.737,0.0,352.88,352.88,0,1,0,0,0.84,0.0,0.19,0.0,0.0,0.385,0.0,23,23,0
0.0,0.5556,0,1.179,189.06,211.97,619,0.358,8,0.5556,0.3333,0.2,1,-5.556,0.0,0,0.4,0,0,0,0.0,0.0,222.81,222.81,0,1,0,0,0.44,0.0,0.1,0.5556,0.0,0.7538,211.97,8,8,1
0.0,0.0,0,1.437,264.28,0.0,53,1.455,3,0.0,0.0,0.12,0,0.0,10.0,0,0.0,0,0,0,0.643,0.0,379.69,379.69,1,3,0,0,2.83,0.0,0.65,0.0,0.0,0.2873,0.0,3,3,0
0.333,0.1667,0,1.446,210.29,352.15,294,0.674,12,0.1667,0.0,0.2,0,1.667,43.3,0,1.0,0,0,0,3.272,0.0,304.12,304.12,0,1,0,0,0.61,0.33,0.14,0.1667,0.0,0.5201,352.15,12,12,0
0.333,0.1429,1,1.391,300.92,283.35,41,4.706,5,0.1429,0.5,0.2,0,1.905,48.1,0,1.0,0,0,0,0.42,283.35,418.47,418.47,1,7,0,1,5.12,0.33,1.18,0.1429,0.1429,0.3332,283.35,5,5,1
0.333,0.0667,1,1.533,289.56,230.89,26,17.308,15,0.0667,0.0,0.08,0,2.667,63.3,0,1.0,0,0,1,1.0,230.89,443.89,443.89,4,15,0,1,17.31,0.33,4.0,0.0667,0.0667,0.1554,230.89,15,15,0
0.0,0.0,0,0.984,315.36,0.0,47,0.522,14,0.0,0.0,0.03,0,0.0,10.0,0,0.0,0,0,0,0.0,0.0,310.17,310.17,0,2,0,0,1.28,0.0,0.29,0.0,0.0,0.4918,0.0,14,14,0
0.0,0.0,0,0.675,292.63,0.0,564,0.447,27,0.0,0.0,0.2,0,0.0,10.0,0,0.0,0,0,0,5.05,0.0,197.46,197.46,0,1,0,0,0.43,0.0,0.1,0.0,0.0,0.0843,0.0,27,27,0
0.333,0.4444,1,1.34,337.37,261.51,520,0.468,14,0.4444,0.0,0.05,0,-1.111,0.0,0,0.5,0,0,0,0.0,307.72,451.98,451.98,0,2,1,1,0.52,0.33,0.12,0.4444,0.5,0.4934,261.51,14,14,1
0.0,0.4,0,0.433,257.28,264.16,540,0.462,5,0.4,0.0,0.07,0,-4.0,0.0,0,0.75,0,0,0,0.0,0.0,111.32,111.32,1,1,0,0,0.56,0.0,0.13,0.4,0.0,0.454,264.16,5,5,1
0.0,0.0,0,0.842,297.53,0.0,156,0.508,14,0.0,0.0,0.12,0,0.0,10.0,0,0.0,1,0,0,2.05,0.0,250.61,250.61,0,3,0,0,0.77,0.0,0.18,0.0,0.0,0.2106,0.0,14,14,0
0.333,0.1667,0,0.188,297.72,457.59,247,1.204,8,0.1667,0.5,0.2,0,1.667,43.3,0,1.0,0,0,0,0.817,0.0,55.95,55.95,2,3,0,0,1.46,0.33,0.34,0.1667,0.0,0.2718,457.59,8,8,0
0.0,0.0,0,0.427,171.28,0.0,39,2.619,6,0.0,0.0,0.05,0,0.0,10.0,0,0.0,0,0,0,0.711,0.0,73.11,73.11,1,2,0,0,1.54,0.0,0.36,0.0,0.0,0.2134,0.0,6,6,0
0.0,0.1667,0,0.452,205.52,387.65,321,0.544,6,0.1667,0.0,0.1,0,-1.667,0.0,0,1.0,0,0,0,1.903,0.0,92.81,92.81,2,3,0,0,0.56,0.0,0.13,0.1667,0.0,0.3896,387.65,6,6,1
0.0,0.0909,0,0.924,272.24,394.14,880,0.353,6,0.0909,0.3333,0.2,0,-0.909,0.0,0,1.0,0,0,0,0.0,0.0,251.63,251.63,1,1,0,0,0.38,0.0,0.09,0.0909,0.0,0.2156,394.14,6,6,0
0.0,0.0,0,1.0,292.63,0.0,105,0.156,17,0.0,0.0,0.08,1,0.0,10.0,0,0.0,0,0,0,9.117,0.0,292.63,292.63,0,1,0,0,0.29,0.0,0.07,0.0,0.0,1.0,0.0,17,17,1
0.0,0.0,0,1.171,360.91,0.0,362,0.153,9,0.0,0.0,0.1,0,0.0,10.0,0,0.0,0,0,0,0.0,0.0,422.54,422.54,0,1,0,0,0.25,0.0,0.06,0.0,0.0,0.3903,0.0,9,9,0
0.333,0.5,0,1.323,325.46,294.7,308,0.452,8,0.5,0.0,0.07,0,-1.667,0.0,0,1.0,0,0,0,0.0,0.0,430.43,430.43,0,1,0,0,0.58,0.33,0.13,0.5,0.0,0.6732,294.7,8,8,1
0.0,0.5,0,0.344,294.6,487.88,195,0.376,4,0.5,0.0,0.1,0,-5.0,0.0,0,1.0,0,0,0,0.0,0.0,101.32,101.32,1,1,0,0,0.31,0.0,0.07,0.5,0.0,1.0,487.88,4,4,1
0.333,0.1667,0,0.499,206.26,473.41,197,0.993,2,0.1667,0.0,0.03,1,1.667,43.3,0,1.0,0,0,0,3.525,0.0,102.91,102.91,1,1,0,0,0.91,0.33,0.21,0.1667,0.0,0.4657,473.41,2,2,1
0.0,0.0,0,0.568,214.6,0.0,452,0.62,9,0.0,0.0,0.2,0,0.0,10.0,0,0.0,1,0,0,0.0,0.0,121.88,121.88,0,2,0,0,0.53,0.0,0.12,0.0,0.0,0.071,0.0,9,9,0
0.0,0.0,0,1.0,462.17,0.0,46,0.442,6,0.0,0.0,0.08,0,0.0,10.0,0,0.0,1,0,0,0.0,0.0,462.17,462.17,1,1,0,0,0.65,0.0,0.15,0.0,0.0,1.0,0.0,6,6,1
0.0,0.125,0,1.188,303.31,293.03,360,0.659,29,0.125,0.0,0.08,0,-1.25,0.0,0,1.0,0,0,0,1.59,0.0,360.39,360.39,1,2,0,0,0.67,0.0,0.15,0.125,0.0,0.2693,293.03,29,29,0
0.667,0.5,1,0.865,267.65,240.91,582,0.484,12,0.5,0.0,0.08,0,1.667,43.3,0,0.5,0,0,0,2.153,235.09,231.4,231.4,0,1,0,1,0.41,0.67,0.1,0.5,1.0,0.5581,240.91,12,12,1
0.0,0.0,0,1.0,372.66,0.0,378,0.194,18,0.0,0.0,0.2,0,0.0,10.0,0,0.0,0,0,0,0.0,0.0,372.66,372.66,0,1,0,0,0.08,0.0,0.02,0.0,0.0,1.0,0.0,18,18,0
0.333,0.5,0,0.479,337.44,425.94,491,0.241,2,0.5,0.0,0.05,0,-1.667,0.0,0,1.0,0,0,0,0.0,0.0,161.48,161.48,1,1,0,0,0.24,0.33,0.06,0.5,0.0,0.7508,425.94,2,2,1
0.333,0.25,1,1.264,253.51,221.5,619,0.388,13,0.25,0.0,0.08,0,0.833,26.7,0,0.5,0,0,0,2.805,376.33,320.37,320.37,0,1,0,1,0.39,0.33,0.09,0.25,1.0,0.3764,221.5,13,13,0
0.0,0.0,0,0.961,276.43,0.0,20,2.598,11,0.0,0.0,0.03,1,0.0,10.0,0,0.0,0,0,1,1.212,0.0,265.69,265.69,1,5,0,0,7.5,0.0,1.73,0.0,0.0,0.1922,0.0,11,11,1
0.0,0.0,0,1.833,127.49,0.0,160,0.356,15,0.0,0.0,0.07,0,0.0,10.0,0,0.0,0,0,0,3.071,0.0,233.68,233.68,0,1,0,0,0.94,0.0,0.22,0.0,0.0,0.3666,0.0,15,15,0
0.0,0.5,0,0.733,286.21,299.45,646,0.56,12,0.5,0.0,0.12,1,-5.0,0.0,0,0.714,0,0,0,0.0,0.0,209.85,209.85,0,2,0,0,0.65,0.0,0.15,0.5,0.0,0.5755,299.45,12,12,1
0.333,0.1667,0,0.248,161.05,47.52,332,0.402,17,0.1667,0.0,0.07,1,1.667,43.3,0,0.0,0,0,0,2.633,0.0,39.89,39.89,1,2,0,0,0.54,0.33,0.13,0.1667,0.0,0.0905,47.52,17,17,1
0.0,0.0,0,1.355,355.92,0.0,251,0.478,12,0.0,0.0,0.2,0,0.0,10.0,0,0.0,0,0,0,0.0,0.0,482.19,482.19,0,1,0,0,0.48,0.0,0.11,0.0,0.0,0.3387,0.0,12,12,0
0.333,0.4,0,1.288,233.12,332.52,369,0.365,1,0.4,0.0,0.07,0,-0.667,0.0,0,0.5,0,0,0,0.0,0.0,300.15,300.15,1,2,0,0,0.41,0.33,0.09,0.4,0.0,0.8281,332.52,1,1,1
0.333,0.3333,1,0.657,293.91,414.57,118,0.245,10,0.3333,0.0,0.1,0,0.0,10.0,0,1.0,0,0,0,0.0,414.57,193.24,193.24,1,2,0,1,0.76,0.33,0.18,0.3333,0.5,0.6893,414.57,10,10,1
0.0,0.25,0,1.516,258.1,126.97,196,0.943,6,0.25,0.3333,0.08,0,-2.5,0.0,0,0.0,0,0,0,0.0,0.0,391.39,391.39,1,2,0,0,1.22,0.0,0.28,0.25,0.0,0.3125,126.97,6,6,1
0.0,0.4545,0,1.367,210.63,226.23,429,0.738,2,0.4545,0.5,0.2,1,-4.545,0.0,0,0.6,0,0,0,2.974,0.0,287.93,287.93,1,1,0,0,0.77,0.0,0.18,0.4545,0.0,0.6125,226.23,2,2,1
0.333,0.7143,0,0.681,210.03,194.05,203,0.673,28,0.7143,0.5,0.07,0,-3.81,0.0,0,0.2,0,0,0,3.407,0.0,143.01,143.01,1,2,0,0,1.03,0.33,0.24,0.7143,0.0,0.7572,194.05,28,28,1
0.333,0.3333,1,0.109,206.53,244.7,340,0.23,20,0.3333,0.0,0.08,0,0.0,10.0,0,1.0,0,0,0,0.0,244.7,22.5,22.5,0,1,0,1,0.26,0.33,0.06,0.3333,1.0,0.4313,244.7,20,20,1
0.0,0.5,0,0.443,205.84,307.13,200,0.483,8,0.5,0.0,0.05,0,-5.0,0.0,0,0.5,0,0,0,0.0,0.0,91.2,91.2,0,1,0,0,0.6,0.0,0.14,0.5,0.0,0.8568,307.13,8,8,1
0.333,0.3846,0,1.157,273.29,288.39,254,1.183,2,0.3846,0.0,0.07,0,-0.513,0.0,0,0.6,0,0,0,0.833,0.0,316.08,316.08,2,4,0,0,1.54,0.33,0.35,0.3846,0.0,0.4948,288.39,2,2,1
0.333,0.5,1,1.131,302.8,263.25,83,0.825,22,0.5,0.0,0.03,0,-1.667,0.0,0,1.0,1,0,0,1.228,263.25,342.36,342.36,0,1,0,1,0.72,0.33,0.17,0.5,1.0,1.0,263.25,22,22,1
0.333,0.4545,1,0.183,217.52,296.16,563,0.62,17,0.4545,0.0,0.05,0,-1.212,0.0,0,1.0,0,0,0,3.594,294.93,39.88,39.88,0,2,0,1,0.59,0.33,0.14,0.4545,0.5,0.6355,296.16,17,17,1
0.333,0.3333,1,1.839,268.72,197.68,184,0.358,9,0.3333,0.0,0.12,1,0.0,10.0,0,0.0,0,0,0,0.0,197.68,494.16,494.16,0,1,0,1,0.49,0.33,0.11,0.3333,1.0,0.8582,197.68,9,9,1
0.0,0.0,0,2.295,176.79,0.0,486,0.247,7,0.0,0.0,0.07,0,0.0,10.0,0,0.0,0,0,0,5.067,0.0,405.7,405.7,1,1,0,0,0.25,0.0,0.06,0.0,0.0,0.5737,0.0,7,7,0
0.333,0.1429,0,1.217,343.02,187.42,286,0.37,23,0.1429,0.0,0.07,0,1.905,48.1,0,0.0,1,0,0,0.0,0.0,417.43,417.43,0,2,0,0,0.73,0.33,0.17,0.1429,0.0,0.2519,187.42,23,23,1
0.333,0.3333,1,0.263,191.3,151.13,311,0.593,12,0.3333,0.0,0.2,1,0.0,10.0,0,0.333,0,0,0,1.738,48.51,50.37,50.37,0,2,1,1,0.87,0.33,0.2,0.3333,0.5,0.2926,151.13,12,12,1
0.0,0.0,0,0.916,103.13,0.0,152,0.663,23,0.0,0.0,0.1,0,0.0,10.0,0,0.0,0,0,0,1.545,0.0,94.48,94.48,1,2,0,0,0.59,0.0,0.14,0.0,0.0,0.3054,0.0,23,23,0
0.333,0.0909,0,0.57,301.77,207.66,578,0.545,30,0.0909,0.0,0.08,0,2.424,58.5,0,1.0,0,0,0,0.0,0.0,171.87,171.87,0,2,0,0,0.57,0.33,0.13,0.0909,0.0,0.1143,207.66,30,30,0
0.333,0.25,0,0.88,364.82,274.75,99,1.212,21,0.25,0.0,0.2,1,0.833,26.7,0,1.0,1,0,0,6.9,0.0,321.22,321.22,0,3,0,0,1.21,0.33,0.28,0.25,0.0,0.4084,274.75,21,21,1
0.0,0.1429,0,0.908,284.48,496.33,700,0.26,3,0.1429,0.0,0.12,0,-1.429,0.0,0,1.0,0,0,0,0.0,0.0,258.27,258.27,1,2,0,0,0.3,0.0,0.07,0.1429,0.0,0.3789,496.33,3,3,0
0.0,0.0833,0,0.556,267.38,152.99,534,0.543,2,0.0833,0.0,0.05,0,-0.833,0.0,0,0.0,0,0,0,0.0,0.0,148.6,148.6,1,2,0,0,0.67,0.0,0.16,0.0833,0.0,0.094,152.99,2,2,0
0.0,0.1111,0,1.413,202.31,35.26,411,0.393,15,0.1111,0.0,0.1,0,-1.111,0.0,0,0.0,0,0,0,2.697,0.0,285.93,285.93,0,1,0,0,0.66,0.0,0.15,0.1111,0.0,0.1764,35.26,15,15,0
0.0,0.2,0,0.519,192.39,115.37,317,0.513,15,0.2,0.0,0.2,1,-2.0,0.0,0,0.0,1,0,0,0.0,0.0,99.88,99.88,0,1,0,0,0.47,0.0,0.11,0.2,0.0,0.2238,115.37,15,15,1
0.0,0.0,0,1.017,420.64,0.0,20,0.39,15,0.0,0.0,0.1,1,0.0,10.0,0,0.0,0,0,1,2.737,0.0,427.62,427.62,1,2,0,0,3.0,0.0,0.69,0.0,0.0,0.5083,0.0,15,15,1
0.0,0.0,0,0.458,239.12,0.0,598,0.566,3,0.0,0.0,0.03,0,0.0,10.0,0,0.0,0,0,0,0.0,0.0,109.43,109.43,1,1,0,0,0.6,0.0,0.14,0.0,0.0,0.0381,0.0,3,3,0
0.0,0.0,0,1.152,293.12,0.0,136,1.63,15,0.0,0.0,0.05,0,0.0,10.0,0,0.0,0,0,0,2.05,0.0,337.77,337.77,0,1,0,0,1.54,0.0,0.36,0.0,0.0,0.1646,0.0,15,15,0
0.0,0.5,0,1.1,348.2,372.73,499,0.323,3,0.5,0.0,0.12,0,-5.0,0.0,0,1.0,0,0,0,3.333,0.0,383.06,383.06,1,1,0,0,0.36,0.0,0.08,0.5,0.0,0.7186,372.73,3,3,1
0.667,0.1667,1,1.485,261.82,150.46,189,1.765,18,0.1667,0.0,0.1,0,5.0,100.0,0,0.5,0,0,0,1.154,261.66,388.89,388.89,0,4,1,1,1.9,0.67,0.44,0.1667,0.25,0.2196,150.46,18,18,0
1.0,0.5556,0,1.004,251.71,216.53,240,1.044,21,0.5556,0.75,0.2,1,4.444,98.9,0,0.4,0,0,0,0.0,0.0,252.64,252.64,0,1,0,0,1.12,1.0,0.26,0.5556,0.0,0.5894,216.53,21,21,1
1.333,0.2667,2,1.5,301.33,330.17,93,4.839,16,0.2667,0.6667,0.1,1,10.667,100.0,0,1.0,0,0,0,0.764,736.08,451.86,451.86,1,4,1,2,4.84,1.33,1.12,0.2667,0.5,0.3922,330.17,16,16,1
0.0,0.0,0,1.287,254.99,0.0,33,1.826,14,0.0,0.0,0.08,1,0.0,10.0,0,0.0,0,0,0,1.133,0.0,328.27,328.27,1,4,0,0,3.64,0.0,0.84,0.0,0.0,0.3218,0.0,14,14,1
0.0,0.0,0,0.418,174.88,0.0,54,1.083,22,0.0,0.0,0.12,0,0.0,10.0,0,0.0,0,0,0,0.915,0.0,73.13,73.13,0,3,0,0,1.67,0.0,0.38,0.0,0.0,0.1394,0.0,22,22,1
0.0,0.0,0,0.232,259.61,0.0,514,0.308,15,0.0,0.0,0.12,0,0.0,10.0,0,0.0,0,0,0,0.0,0.0,60.17,60.17,0,1,0,0,0.41,0.0,0.09,0.0,0.0,0.0331,0.0,15,15,0
1.0,0.2143,3,0.612,233.9,255.79,35,12.0,10,0.2143,0.0,0.1,0,7.857,100.0,0,0.667,0,0,0,1.0,767.38,143.22,143.22,5,12,1,3,12.0,1.0,2.77,0.2143,0.25,0.2781,255.79,10,10,1
0.0,0.0769,0,0.896,286.22,358.59,240,1.596,16,0.0769,0.0,0.08,0,-0.769,0.0,0,1.0,0,0,0,0.6,0.0,256.58,256.58,2,4,0,0,1.62,0.0,0.38,0.0769,0.0,0.1653,358.59,16,16,0
0.0,0.0,0,0.71,313.4,0.0,556,0.576,9,0.0,0.0,0.03,0,0.0,10.0,0,0.0,1,0,0,1.788,0.0,222.43,222.43,0,1,0,0,0.59,0.0,0.14,0.0,0.0,0.0645,0.0,9,9,0
0.667,0.4,1,0.526,250.96,206.29,744,0.423,18,0.4,0.0,0.07,1,2.667,63.3,0,0.5,0,0,0,2.5,213.2,131.99,131.99,0,3,0,1,0.4,0.67,0.09,0.4,0.3333,0.3814,206.29,18,18,1
0.0,0.0,0,1.203,79.22,0.0,276,0.284,27,0.0,0.0,0.07,0,0.0,10.0,0,0.0,0,0,0,0.0,0.0,95.31,95.31,0,1,0,0,0.22,0.0,0.05,0.0,0.0,0.6015,0.0,27,27,1
0.0,0.0,0,1.576,146.03,0.0,64,1.231,13,0.0,0.0,0.2,0,0.0,10.0,0,0.0,0,0,0,0.786,0.0,230.13,230.13,1,3,0,0,1.41,0.0,0.32,0.0,0.0,0.5253,0.0,13,13,0
0.333,0.25,0,0.592,234.5,224.04,265,1.324,26,0.25,0.25,0.12,1,0.833,26.7,0,0.333,0,0,0,0.738,0.0,138.84,138.84,0,2,0,0,1.36,0.33,0.31,0.25,0.0,0.2882,224.04,26,26,1
2.333,0.6154,2,0.125,238.08,311.44,184,1.603,12,0.6154,0.5,0.1,1,17.179,100.0,0,0.75,0,0,0,0.0,496.73,29.65,29.65,1,3,0,2,2.12,2.33,0.49,0.6154,0.6667,0.8146,311.44,12,12,1
0.0,0.0,0,0.73,173.64,0.0,53,5.66,6,0.0,0.0,0.12,0,0.0,10.0,0,0.0,0,0,0,1.789,0.0,126.73,126.73,3,7,0,0,5.66,0.0,1.31,0.0,0.0,0.073,0.0,6,6,0
0.333,0.1,1,0.368,319.7,276.29,43,6.667,24,0.1,0.0,0.03,0,2.333,56.7,0,1.0,0,0,0,2.4,276.29,117.8,117.8,2,10,0,1,6.98,0.33,1.61,0.1,0.1,0.1233,276.29,24,24,1
0.0,0.0,0,0.806,284.33,0.0,295,0.31,17,0.0,0.0,0.2,0,0.0,10.0,0,0.0,0,0,0,0.0,0.0,229.05,229.05,0,2,0,0,0.51,0.0,0.12,0.0,0.0,0.1611,0.0,17,17,0
0.0,0.0,0,1.264,364.6,0.0,94,0.545,9,0.0,0.0,0.1,1,0.0,10.0,0,0.0,0,0,0,0.0,0.0,460.85,460.85,0,1,0,0,0.96,0.0,0.22,0.0,0.0,0.4213,0.0,9,9,1
0.0,0.2857,0,1.063,252.82,307.3,276,0.628,11,0.2857,0.0,0.05,0,-2.857,0.0,0,1.0,1,0,0,0.0,0.0,268.65,268.65,0,2,0,0,0.76,0.0,0.18,0.2857,0.0,0.4991,307.3,11,11,0
0.0,0.5,0,0.494,144.33,217.37,706,0.091,6,0.5,0.0,0.08,0,-5.0,0.0,0,1.0,0,0,0,0.0,0.0,71.29,71.29,1,1,0,0,0.08,0.0,0.02,0.5,0.0,1.0,217.37,6,6,1
0.667,0.6,1,1.463,325.49,333.44,131,0.506,24,0.6,0.0,0.03,1,0.667,23.3,0,0.667,0,0,0,0.0,422.29,476.07,476.07,0,1,0,1,1.15,0.67,0.26,0.6,1.0,0.9072,333.44,24,24,1
0.0,0.0,0,0.989,263.61,0.0,31,0.304,21,0.0,0.0,0.1,0,0.0,10.0,0,0.0,0,0,0,0.0,0.0,260.81,260.81,1,2,0,0,1.94,0.0,0.45,0.0,0.0,0.4947,0.0,21,21,1
0.0,0.0,0,1.0,126.8,0.0,23,1.026,3,0.0,0.0,0.08,0,0.0,10.0,0,0.0,0,0,1,0.967,0.0,126.8,126.8,1,1,0,0,1.3,0.0,0.3,0.0,0.0,1.0,0.0,3,3,0
0.0,0.0,0,1.229,353.28,0.0,369,0.361,5,0.0,0.0,0.2,0,0.0,10.0,0,0.0,0,0,0,0.0,0.0,434.15,434.15,1,1,0,0,0.41,0.0,0.09,0.0,0.0,0.2458,0.0,5,5,0
0.0,0.0,0,0.614,213.44,0.0,105,0.481,24,0.0,0.0,0.12,0,0.0,10.0,0,0.0,0,0,0,0.0,0.0,131.02,131.02,0,2,0,0,0.86,0.0,0.2,0.0,0.0,0.2046,0.0,24,24,0
0.333,0.3333,0,1.493,204.85,37.48,121,0.874,24,0.3333,0.0,0.2,1,0.0,10.0,0,0.0,0,0,0,0.0,0.0,305.93,305.93,0,1,0,0,0.74,0.33,0.17,0.3333,0.0,0.5588,37.48,24,24,1
0.0,0.0,0,0.554,325.45,0.0,461,0.448,4,0.0,0.0,0.2,0,0.0,10.0,0,0.0,1,0,0,2.345,0.0,180.19,180.19,1,1,0,0,0.52,0.0,0.12,0.0,0.0,0.0692,0.0,4,4,0
0.333,0.375,1,0.262,254.47,256.96,463,0.671,6,0.375,0.0,0.12,0,-0.417,1.7,0,0.667,0,0,0,1.531,115.61,66.78,66.78,1,3,1,1,0.52,0.33,0.12,0.375,0.3333,0.4115,256.96,6,6,1
0.333,0.5,0,0.255,293.02,393.22,373,0.264,8,0.5,0.0,0.2,0,-1.667,0.0,0,1.0,0,0,0,0.0,0.0,74.58,74.58,0,1,0,0,0.32,0.33,0.07,0.5,0.0,0.7346,393.22,8,8,0
0.0,0.0,0,1.186,309.35,0.0,202,0.303,1,0.0,0.0,0.07,0,0.0,10.0,0,0.0,0,0,0,0.0,0.0,366.85,366.85,1,1,0,0,0.74,0.0,0.17,0.0,0.0,0.2372,0.0,1,1,0
0.333,0.2,0,0.949,173.28,102.72,247,0.749,3,0.2,0.3333,0.12,0,1.333,36.7,0,0.0,0,0,0,2.928,0.0,164.39,164.39,1,1,0,0,1.21,0.33,0.28,0.2,0.0,0.2134,102.72,3,3,0
0.333,0.25,0,0.577,176.23,57.44,169,0.497,26,0.25,0.0,0.08,0,0.833,26.7,0,0.0,0,0,0,0.0,0.0,101.73,101.73,0,1,0,0,0.71,0.33,0.16,0.25,0.0,0.2258,57.44,26,26,1
1.0,0.5556,1,1.726,194.94,183.71,164,1.429,27,0.5556,0.0,0.12,0,4.444,98.9,0,0.4,0,0,0,2.467,28.58,336.55,336.55,0,2,1,1,1.65,1.0,0.38,0.5556,0.5,0.7154,183.71,27,27,1
0.0,0.3333,0,1.899,237.28,64.34,187,0.544,6,0.3333,0.0,0.12,1,-3.333,0.0,0,0.0,0,0,0,1.923,0.0,450.69,450.69,1,1,0,0,0.48,0.0,0.11,0.3333,0.0,0.7235,64.34,6,6,1
0.0,0.5,0,1.515,208.52,101.09,353,0.126,24,0.5,0.0,0.2,0,-5.0,0.0,0,0.0,0,0,0,0.0,0.0,315.94,315.94,0,1,0,0,0.17,0.0,0.04,0.5,0.0,1.0,101.09,24,24,1
0.0,0.0,0,0.546,192.87,0.0,558,0.183,26,0.0,0.0,0.12,0,0.0,10.0,0,0.0,0,0,0,0.0,0.0,105.3,105.3,0,1,0,0,0.22,0.0,0.05,0.0,0.0,0.1365,0.0,26,26,0
0.333,0.3636,0,0.712,312.92,225.48,884,0.371,12,0.3636,0.5,0.12,0,-0.303,3.9,0,0.5,1,0,0,2.852,0.0,222.73,222.73,0,1,0,0,0.37,0.33,0.09,0.3636,0.0,0.3267,225.48,12,12,1
0.0,0.0,0,1.437,291.65,0.0,358,0.804,4,0.0,0.0,0.08,0,0.0,10.0,0,0.0,0,0,0,1.27,0.0,419.23,419.23,1,1,0,0,0.84,0.0,0.19,0.0,0.0,0.1437,0.0,4,4,0
0.0,0.6667,0,1.644,240.32,247.3,395,0.812,26,0.6667,0.0,0.05,0,-6.667,0.0,0,0.75,0,0,0,1.25,0.0,395.12,395.12,0,1,0,0,0.46,0.0,0.11,0.6667,0.0,0.9601,247.3,26,26,1
0.0,0.0,0,1.965,204.55,0.0,82,2.124,16,0.0,0.0,0.08,0,0.0,10.0,0,0.0,0,0,0,0.922,0.0,401.93,401.93,0,1,0,0,2.2,0.0,0.51,0.0,0.0,0.3275,0.0,16,16,0
0.333,0.3077,0,0.937,281.47,340.84,717,0.504,3,0.3077,0.0,0.03,0,0.256,15.1,0,1.0,0,0,0,0.0,0.0,263.72,263.72,1,1,0,0,0.54,0.33,0.13,0.3077,0.0,0.4447,340.84,3,3,1
0.0,0.0,0,1.406,280.79,0.0,393,0.537,11,0.0,0.0,0.05,0,0.0,10.0,0,0.0,0,0,0,4.326,0.0,394.91,394.91,0,1,0,0,0.31,0.0,0.07,0.0,0.0,0.3516,0.0,11,11,0
0.0,0.1667,0,0.834,217.05,216.04,305,0.789,5,0.1667,0.0,0.08,0,-1.667,0.0,0,1.0,0,0,0,2.917,0.0,180.92,180.92,1,2,0,0,0.59,0.0,0.14,0.1667,0.0,0.3048,216.04,5,5,0
0.0,0.0,0,0.26,253.9,0.0,69,1.132,9,0.0,0.0,0.2,0,0.0,10.0,0,0.0,0,0,0,0.0,0.0,66.01,66.01,1,3,0,0,1.74,0.0,0.4,0.0,0.0,0.065,0.0,9,9,0
0.333,0.2222,1,1.218,262.09,302.88,798,0.338,20,0.2222,0.0,0.08,0,1.111,32.2,0,0.5,0,0,0,7.314,408.81,319.26,319.26,0,2,1,1,0.34,0.33,0.08,0.2222,0.5,0.3922,302.88,20,20,0
0.0,0.25,0,1.501,312.45,304.94,592,0.394,17,0.25,0.5,0.12,1,-2.5,0.0,0,0.5,0,0,0,0.0,0.0,468.95,468.95,0,3,0,0,0.41,0.0,0.09,0.25,0.0,0.4316,304.94,17,17,1
0.333,0.25,0,0.502,320.23,302.42,343,0.37,10,0.25,0.0,0.05,0,0.833,26.7,0,0.5,0,0,0,0.0,0.0,160.7,160.7,0,1,0,0,0.7,0.33,0.16,0.25,0.0,0.2988,302.42,10,10,1
0.0,0.0,0,1.0,285.57,0.0,47,0.808,16,0.0,0.0,0.12,0,0.0,10.0,0,0.0,0,0,0,0.0,0.0,285.57,285.57,0,1,0,0,0.64,0.0,0.15,0.0,0.0,1.0,0.0,16,16,0
0.667,0.4444,1,1.131,317.63,341.0,631,0.394,20,0.4444,0.0,0.1,1,2.222,54.4,0,0.75,0,0,0,0.0,285.16,359.12,359.12,0,1,0,1,0.43,0.67,0.1,0.4444,1.0,0.6028,341.0,20,20,1
0.667,0.4444,0,1.452,281.72,229.85,180,1.145,15,0.4444,0.0,0.12,1,2.222,54.4,0,0.5,0,0,0,0.859,0.0,409.15,409.15,0,3,0,0,1.5,0.67,0.35,0.4444,0.0,0.524,229.85,15,15,1
0.0,0.0,0,0.918,268.13,0.0,18,23.333,3,0.0,0.0,0.08,0,0.0,10.0,0,0.0,0,0,1,1.0,0.0,246.05,246.05,6,14,0,0,23.33,0.0,5.39,0.0,0.0,0.0655,0.0,3,3,0
0.0,0.0,0,1.0,279.84,0.0,193,0.248,7,0.0,0.0,0.03,0,0.0,10.0,0,0.0,0,0,0,0.0,0.0,279.84,279.84,1,1,0,0,0.16,0.0,0.04,0.0,0.0,1.0,0.0,7,7,0
0.667,0.1667,1,1.582,233.25,222.56,54,5.902,14,0.1667,0.0,0.07,1,5.0,100.0,0,0.5,0,0,0,1.033,76.35,369.01,369.01,3,7,1,1,6.67,0.67,1.54,0.1667,0.1429,0.2909,222.56,14,14,1
0.0,0.0,0,1.37,287.53,0.0,599,0.216,14,0.0,0.0,0.2,0,0.0,10.0,0,0.0,0,0,0,0.0,0.0,393.88,393.88,0,1,0,0,0.15,0.0,0.03,0.0,0.0,0.4566,0.0,14,14,0
0.333,0.2,0,1.062,232.43,356.32,147,0.421,27,0.2,0.0,0.2,0,1.333,36.7,0,1.0,0,0,0,2.526,0.0,246.84,246.84,0,2,0,0,1.02,0.33,0.24,0.2,0.0,0.519,356.32,27,27,0
0.333,0.2,1,1.674,211.15,416.73,308,0.668,11,0.2,0.0,0.08,0,1.333,36.7,0,1.0,0,0,0,0.0,416.73,353.49,353.49,0,2,0,1,0.49,0.33,0.11,0.2,0.5,0.7296,416.73,11,11,1
0.0,0.0,0,1.507,314.78,0.0,22,10.909,1,0.0,0.0,0.1,0,0.0,10.0,0,0.0,0,0,1,1.0,0.0,474.47,474.47,3,8,0,0,10.91,0.0,2.52,0.0,0.0,0.1884,0.0,1,1,0
0.0,0.0,0,0.738,368.08,0.0,97,0.422,13,0.0,0.0,0.03,0,0.0,10.0,0,0.0,0,0,0,0.0,0.0,271.67,271.67,1,2,0,0,0.62,0.0,0.14,0.0,0.0,0.369,0.0,13,13,0
0.333,0.5,0,0.108,310.58,417.24,193,0.687,30,0.5,0.5,0.03,0,-1.667,0.0,0,1.0,0,0,0,0.0,0.0,33.54,33.54,0,1,0,0,0.62,0.33,0.14,0.5,0.0,0.6987,417.24,30,30,1
0.0,0.0,0,2.148,188.85,0.0,568,0.243,8,0.0,0.0,0.12,0,0.0,10.0,0,0.0,0,0,0,0.0,0.0,405.66,405.66,0,1,0,0,0.32,0.0,0.07,0.0,0.0,0.358,0.0,8,8,0
0.0,0.5714,0,2.47,193.42,133.3,388,0.554,12,0.5714,0.3333,0.1,1,-5.714,0.0,0,0.0,0,0,0,0.0,0.0,477.69,477.69,0,2,0,0,0.54,0.0,0.12,0.5714,0.0,0.7466,133.3,12,12,1
0.0,0.75,0,1.201,238.61,222.64,936,0.127,6,0.75,0.0,0.1,0,-7.5,0.0,0,0.667,1,0,0,10.2,0.0,286.54,286.54,1,1,0,0,0.13,0.0,0.03,0.75,0.0,1.0,222.64,6,6,1
0.333,0.5714,1,0.401,333.94,368.88,597,0.347,2,0.5714,0.5,0.05,0,-2.381,0.0,0,1.0,0,0,0,7.667,373.91,133.78,133.78,2,2,1,1,0.35,0.33,0.08,0.5714,0.5,0.6884,368.88,2,2,1
0.333,0.1429,0,0.626,180.78,156.83,202,0.716,19,0.1429,0.0,0.1,0,1.905,48.1,0,0.0,0,0,0,0.0,0.0,113.14,113.14,0,2,0,0,1.04,0.33,0.24,0.1429,0.0,0.2133,156.83,19,19,0
0.333,0.6667,1,0.376,286.53,375.94,265,0.253,6,0.6667,0.0,0.12,1,-3.333,0.0,0,1.0,0,0,0,4.444,459.54,107.72,107.72,1,2,0,1,0.34,0.33,0.08,0.6667,0.5,1.0,375.94,6,6,1
0.0,0.0,0,1.0,382.69,0.0,13,2.376,3,0.0,0.0,0.03,1,0.0,10.0,0,0.0,0,0,1,0.789,0.0,382.69,382.69,1,1,0,0,2.31,0.0,0.53,0.0,0.0,1.0,0.0,3,3,1
0.0,0.2222,0,0.373,278.61,481.01,230,1.108,29,0.2222,0.0,0.1,0,-2.222,0.0,0,1.0,0,0,0,0.894,0.0,103.96,103.96,0,2,0,0,1.17,0.0,0.27,0.2222,0.0,0.4251,481.01,29,29,0
0.0,0.0,0,0.848,372.9,0.0,86,0.663,29,0.0,0.0,0.2,0,0.0,10.0,0,0.0,0,0,0,1.55,0.0,316.18,316.18,0,1,0,0,0.7,0.0,0.16,0.0,0.0,0.4239,0.0,29,29,0
0.333,0.3333,0,0.35,310.86,314.44,130,0.877,13,0.3333,0.0,0.08,0,0.0,10.0,0,0.5,0,0,0,1.151,0.0,108.81,108.81,0,2,0,0,1.38,0.33,0.32,0.3333,0.0,0.3955,314.44,13,13,0
0.0,0.0,0,1.484,188.12,0.0,706,0.117,3,0.0,0.0,0.2,0,0.0,10.0,0,0.0,1,0,0,0.0,0.0,279.18,279.18,1,1,0,0,0.13,0.0,0.03,0.0,0.0,0.4947,0.0,3,3,0
1.0,0.6,1,0.302,222.94,322.7,86,1.477,19,0.6,0.0,0.1,0,4.0,90.0,0,0.667,0,0,0,0.65,399.21,67.4,67.4,0,1,1,1,1.74,1.0,0.4,0.6,1.0,0.9289,322.7,19,19,1
0.0,0.1111,0,1.322,311.71,379.0,230,0.882,6,0.1111,0.0,0.05,0,-1.111,0.0,0,1.0,0,0,0,0.0,0.0,411.95,411.95,1,2,0,0,1.17,0.0,0.27,0.1111,0.0,0.2819,379.0,6,6,0
0.333,0.3077,1,0.937,340.54,367.78,887,0.476,3,0.3077,0.0,0.07,0,0.256,15.1,0,1.0,0,0,0,2.181,390.34,318.99,318.99,1,2,1,1,0.44,0.33,0.1,0.3077,0.5,0.4044,367.78,3,3,1
0.0,0.0,0,1.085,190.94,0.0,621,0.128,7,0.0,0.0,0.12,0,0.0,10.0,0,0.0,0,0,0,0.0,0.0,207.25,207.25,1,1,0,0,0.1,0.0,0.02,0.0,0.0,0.5427,0.0,7,7,0
0.0,0.0,0,1.012,203.21,0.0,724,0.398,27,0.0,0.0,0.2,0,0.0,10.0,0,0.0,0,0,0,5.752,0.0,205.57,205.57,0,1,0,0,0.33,0.0,0.08,0.0,0.0,0.1264,0.0,27,27,0
0.333,0.2,0,1.257,397.34,456.99,277,0.535,25,0.2,0.5,0.1,1,1.333,36.7,0,1.0,0,0,0,4.348,0.0,499.31,499.31,0,1,0,0,0.54,0.33,0.13,0.2,0.0,0.4813,456.99,25,25,1
0.0,0.0,0,1.0,477.67,0.0,94,0.186,14,0.0,0.0,0.07,0,0.0,10.0,0,0.0,1,0,0,0.0,0.0,477.67,477.67,0,1,0,0,0.32,0.0,0.07,0.0,0.0,1.0,0.0,14,14,0
0.0,0.125,0,0.654,254.56,73.13,202,1.083,2,0.125,0.0,0.08,0,-1.25,0.0,0,0.0,0,0,0,0.915,0.0,166.59,166.59,1,3,0,0,1.19,0.0,0.27,0.125,0.0,0.1177,73.13,2,2,1
0.667,0.1429,2,0.092,233.9,372.98,35,12.0,7,0.1429,0.3333,0.2,0,5.238,100.0,0,1.0,0,0,0,1.0,745.96,21.42,21.42,5,12,0,2,12.0,0.67,2.77,0.1429,0.1667,0.2343,372.98,7,7,1
1.0,0.5,0,1.977,226.08,129.48,370,0.439,9,0.5,0.0,0.1,0,5.0,100.0,0,0.25,0,0,0,0.0,0.0,447.02,447.02,0,1,0,0,0.65,1.0,0.15,0.5,0.0,0.5335,129.48,9,9,1
0.333,0.2,1,2.101,224.49,454.7,505,0.373,21,0.2,0.0,0.1,0,1.333,36.7,0,1.0,0,0,0,2.892,454.7,471.76,471.76,0,1,0,1,0.3,0.33,0.07,0.2,1.0,0.8254,454.7,21,21,1
0.0,0.0,0,0.305,245.82,0.0,312,0.421,17,0.0,0.0,0.2,0,0.0,10.0,0,0.0,0,0,0,0.0,0.0,74.92,74.92,0,2,0,0,0.38,0.0,0.09,0.0,0.0,0.0762,0.0,17,17,0
0.333,0.1,0,1.587,290.27,79.67,174,1.829,11,0.1,0.0,0.2,0,2.333,56.7,0,0.0,0,0,0,1.8,0.0,460.74,460.74,0,2,0,0,1.72,0.33,0.4,0.1,0.0,0.1862,79.67,11,11,0
0.333,0.125,0,1.683,243.02,134.05,124,1.69,8,0.125,0.0,0.08,0,2.083,51.7,0,0.0,0,0,0,0.533,0.0,408.95,408.95,0,2,0,0,1.94,0.33,0.45,0.125,0.0,0.2793,134.05,8,8,1
0.0,0.2222,0,0.177,205.71,195.3,526,0.471,18,0.2222,0.0,0.2,0,-2.222,0.0,0,0.5,0,0,0,0.0,0.0,36.34,36.34,0,1,0,0,0.51,0.0,0.12,0.2222,0.0,0.2306,195.3,18,18,1
0.0,0.25,0,0.54,250.71,349.56,672,0.357,12,0.25,0.5,0.12,0,-2.5,0.0,0,1.0,0,0,0,3.057,0.0,135.49,135.49,0,1,0,0,0.36,0.0,0.08,0.25,0.0,0.4161,349.56,12,12,1
0.0,0.2222,0,0.367,237.55,227.57,376,0.636,23,0.2222,0.5,0.07,0,-2.222,0.0,0,0.5,0,0,0,0.0,0.0,87.26,87.26,0,1,0,0,0.72,0.0,0.17,0.2222,0.0,0.2537,227.57,23,23,1
0.0,0.125,0,1.334,254.19,173.36,505,0.398,18,0.125,0.0,0.08,0,-1.25,0.0,0,0.0,0,0,0,0.0,0.0,339.15,339.15,0,1,0,0,0.48,0.0,0.11,0.125,0.0,0.252,173.36,18,18,0
0.0,0.0,0,0.279,275.09,0.0,115,1.5,23,0.0,0.0,0.12,0,0.0,10.0,0,0.0,1,0,0,8.944,0.0,76.77,76.77,0,2,0,0,1.04,0.0,0.24,0.0,0.0,0.0698,0.0,23,23,0
0.333,0.25,1,1.13,303.31,326.71,364,0.659,8,0.25,0.3333,0.2,0,0.833,26.7,0,1.0,0,0,0,1.59,360.39,342.79,342.79,0,1,1,1,0.66,0.33,0.15,0.25,1.0,0.4106,326.71,8,8,0
0.0,0.0,0,0.247,175.64,0.0,436,0.183,29,0.0,0.0,0.2,0,0.0,10.0,0,0.0,0,0,0,0.0,0.0,43.31,43.31,0,2,0,0,0.34,0.0,0.08,0.0,0.0,0.0493,0.0,29,29,0
0.0,0.0,0,1.358,144.14,0.0,504,0.372,22,0.0,0.0,0.2,0,0.0,10.0,0,0.0,0,0,0,0.0,0.0,195.71,195.71,0,1,0,0,0.24,0.0,0.05,0.0,0.0,0.3394,0.0,22,22,1
0.0,0.25,0,1.08,282.98,306.91,299,0.62,10,0.25,0.3333,0.2,0,-2.5,0.0,0,1.0,0,0,0,3.594,0.0,305.63,305.63,0,2,0,0,0.4,0.0,0.09,0.25,0.0,0.5411,306.91,10,10,1
0.0,0.5,0,0.352,119.95,197.62,385,0.243,15,0.5,0.5,0.07,0,-5.0,0.0,0,0.0,1,0,0,0.0,0.0,42.28,42.28,0,1,0,0,0.16,0.0,0.04,0.5,0.0,1.0,197.62,15,15,1
0.0,0.0,0,1.488,194.88,0.0,68,0.24,27,0.0,0.0,0.2,0,0.0,10.0,0,0.0,0,0,0,0.0,0.0,290.03,290.03,0,1,0,0,0.88,0.0,0.2,0.0,0.0,0.7441,0.0,27,27,0
0.333,0.5333,1,0.571,293.5,302.23,568,0.785,23,0.5333,0.2857,0.03,1,-2.0,0.0,0,0.875,0,0,0,1.293,39.32,167.69,167.69,0,1,0,1,0.79,0.33,0.18,0.5333,1.0,0.5873,302.23,23,23,1
0.333,0.2,1,0.236,201.76,248.91,60,2.376,17,0.2,0.0,0.2,0,1.333,36.7,0,1.0,0,0,0,0.338,248.91,47.57,47.57,1,4,1,1,2.5,0.33,0.58,0.2,0.25,0.2939,248.91,17,17,1
0.333,0.3333,0,1.117,332.26,207.1,240,0.264,29,0.3333,0.0,0.12,0,0.0,10.0,0,1.0,0,0,0,0.0,0.0,371.02,371.02,0,1,0,0,0.38,0.33,0.09,0.3333,0.0,0.58,207.1,29,29,1
0.0,0.0,0,0.792,211.71,0.0,484,0.334,3,0.0,0.0,0.08,0,0.0,10.0,0,0.0,1,0,0,0.0,0.0,167.63,167.63,1,1,0,0,0.5,0.0,0.11,0.0,0.0,0.099,0.0,3,3,0
1.333,0.3077,4,0.218,209.44,274.15,64,6.0,16,0.3077,0.0,0.05,1,10.256,100.0,0,0.75,0,1,0,1.361,1096.62,45.73,45.73,2,7,0,4,6.09,1.33,1.41,0.3077,0.5714,0.4196,274.15,16,16,1
0.0,0.4,0,0.967,319.16,302.46,268,0.445,11,0.4,0.0,0.2,1,-4.0,0.0,0,0.5,0,0,0,2.424,0.0,308.64,308.64,0,1,0,0,0.56,0.0,0.13,0.4,0.0,0.5725,302.46,11,11,1
0.0,0.0,0,1.398,333.79,0.0,429,0.427,23,0.0,0.0,0.12,0,0.0,10.0,0,0.0,0,0,0,0.0,0.0,466.71,466.71,0,1,0,0,0.42,0.0,0.1,0.0,0.0,0.233,0.0,23,23,0
0.0,0.0,0,0.874,409.72,0.0,122,0.432,16,0.0,0.0,0.1,0,0.0,10.0,0,0.0,0,0,0,0.0,0.0,358.15,358.15,0,1,0,0,0.49,0.0,0.11,0.0,0.0,0.4371,0.0,16,16,0
0.0,0.0,0,0.894,451.1,0.0,152,0.426,5,0.0,0.0,0.1,0,0.0,10.0,0,0.0,1,0,0,0.0,0.0,403.37,403.37,1,2,0,0,0.39,0.0,0.09,0.0,0.0,0.4471,0.0,5,5,0
0.0,0.0,0,0.744,417.71,0.0,170,0.388,25,0.0,0.0,0.05,0,0.0,10.0,0,0.0,0,0,0,2.752,0.0,310.69,310.69,0,2,0,0,0.53,0.0,0.12,0.0,0.0,0.2479,0.0,25,25,0
0.0,0.25,0,1.01,265.71,217.41,505,0.192,17,0.25,0.0,0.2,0,-2.5,0.0,0,1.0,0,0,0,0.0,0.0,268.3,268.3,0,1,0,0,0.24,0.0,0.05,0.25,0.0,0.457,217.41,17,17,0
0.0,0.0,0,1.0,347.63,0.0,55,0.406,25,0.0,0.0,0.08,1,0.0,10.0,0,0.0,0,0,0,2.61,0.0,347.63,347.63,0,1,0,0,0.55,0.0,0.13,0.0,0.0,1.0,0.0,25,25,1
0.0,0.0,0,1.0,129.35,0.0,31,1.818,15,0.0,0.0,0.07,1,0.0,10.0,0,0.0,0,0,0,1.12,0.0,129.35,129.35,0,1,0,0,0.97,0.0,0.22,0.0,0.0,1.0,0.0,15,15,1
0.0,0.3333,0,0.738,313.56,224.95,444,0.483,17,0.3333,0.0,0.2,0,-3.333,0.0,0,1.0,0,0,0,0.0,0.0,231.48,231.48,0,1,0,0,0.2,0.0,0.05,0.3333,0.0,0.4852,224.95,17,17,1
0.0,0.3333,0,0.679,83.55,58.25,190,0.52,30,0.3333,0.0,0.03,1,-3.333,0.0,0,0.0,0,0,0,0.0,0.0,56.69,56.69,0,1,0,0,0.47,0.0,0.11,0.3333,0.0,0.4586,58.25,30,30,1
0.333,0.3333,0,0.314,242.92,331.34,327,0.426,25,0.3333,0.3333,0.07,0,0.0,10.0,0,1.0,0,0,0,0.0,0.0,76.34,76.34,1,2,0,0,0.83,0.33,0.19,0.3333,0.0,0.4896,331.34,25,25,0
0.0,0.2,0,0.82,314.04,471.45,259,0.371,5,0.2,0.0,0.07,0,-2.0,0.0,0,1.0,0,0,0,0.0,0.0,257.61,257.61,1,1,0,0,0.58,0.0,0.13,0.2,0.0,0.4643,471.45,5,5,0
0.0,0.0,0,0.143,289.15,0.0,167,0.512,15,0.0,0.0,0.2,0,0.0,10.0,0,0.0,1,0,0,0.0,0.0,41.24,41.24,0,1,0,0,0.54,0.0,0.12,0.0,0.0,0.0475,0.0,15,15,0
0.0,0.25,0,1.284,90.13,188.81,670,0.207,11,0.25,0.0,0.05,1,-2.5,0.0,0,0.0,0,0,0,5.6,0.0,115.76,115.76,0,1,0,0,0.18,0.0,0.04,0.25,0.0,0.8448,188.81,11,11,1
0.0,0.4444,0,1.409,207.73,209.38,506,0.579,25,0.4444,0.0,0.08,1,-4.444,0.0,0,0.25,1,0,0,3.947,0.0,292.6,292.6,0,1,0,0,0.53,0.0,0.12,0.4444,0.0,0.6045,209.38,25,25,1
0.333,0.4286,1,1.616,261.71,259.23,182,0.742,10,0.4286,0.6667,0.08,0,-0.952,0.0,0,1.0,0,0,0,3.074,242.88,422.89,422.89,1,2,1,1,1.15,0.33,0.27,0.4286,0.5,0.6554,259.23,10,10,1
1.0,0.4286,3,1.661,281.83,284.33,25,6.429,20,0.4286,0.5,0.07,0,5.714,100.0,1,1.0,0,0,1,0.32,852.98,468.2,468.2,1,7,3,3,8.4,1.0,1.94,0.4286,0.4286,0.6697,284.33,20,20,1
0.333,0.3333,0,0.471,352.69,497.81,160,0.522,7,0.3333,0.0,0.08,0,0.0,10.0,0,1.0,0,0,0,0.0,0.0,166.02,166.02,1,2,0,0,0.56,0.33,0.13,0.3333,0.0,0.6274,497.81,7,7,1
0.0,0.0,0,0.953,349.87,0.0,145,0.702,18,0.0,0.0,0.05,0,0.0,10.0,0,0.0,0,0,0,0.0,0.0,333.32,333.32,0,1,0,0,0.62,0.0,0.14,0.0,0.0,0.3176,0.0,18,18,0
0.0,0.0,0,0.867,253.11,0.0,590,0.389,8,0.0,0.0,0.12,0,0.0,10.0,0,0.0,0,0,0,0.0,0.0,219.56,219.56,0,1,0,0,0.51,0.0,0.12,0.0,0.0,0.0867,0.0,8,8,0
0.333,0.0833,1,0.158,309.52,215.62,54,6.0,4,0.0833,0.0,0.07,0,2.5,60.0,0,1.0,0,0,0,1.0,215.62,48.8,48.8,2,9,1,1,6.67,0.33,1.54,0.0833,0.1111,0.0712,215.62,4,4,0
0.0,0.0,0,1.001,248.26,0.0,537,0.294,8,0.0,0.0,0.08,0,0.0,10.0,0,0.0,0,0,0,0.0,0.0,248.59,248.59,1,2,0,0,0.28,0.0,0.06,0.0,0.0,0.2003,0.0,8,8,0
0.667,0.2143,0,0.181,217.06,211.33,170,2.473,8,0.2143,0.3333,0.2,0,4.524,100.0,0,0.333,1,0,0,2.533,0.0,39.34,39.34,2,5,0,0,2.47,0.67,0.57,0.2143,0.0,0.2216,211.33,8,8,1
0.0,0.0,0,1.02,313.96,0.0,597,0.668,25,0.0,0.0,0.03,0,0.0,10.0,0,0.0,0,0,0,1.536,0.0,320.18,320.18,0,1,0,0,0.65,0.0,0.15,0.0,0.0,0.0784,0.0,25,25,0
0.333,0.25,1,1.171,254.56,119.86,208,1.083,30,0.25,0.3333,0.08,0,0.833,26.7,0,0.0,0,0,0,0.915,166.59,297.98,297.98,0,3,1,1,1.15,0.33,0.27,0.25,0.3333,0.264,119.86,30,30,1
0.667,0.6,0,1.029,285.04,297.53,375,0.62,12,0.6,0.0,0.1,0,0.667,23.3,0,1.0,0,0,0,3.594,0.0,293.26,293.26,0,1,0,0,0.4,0.67,0.09,0.6,0.0,0.8321,297.53,12,12,1
1.333,0.5714,3,0.949,261.1,198.18,88,2.845,10,0.5714,0.5,0.2,0,7.619,100.0,1,0.5,0,0,0,1.638,407.57,247.72,247.72,0,3,3,3,2.39,1.33,0.55,0.5714,1.0,0.5693,198.18,10,10,1
0.0,0.0,0,1.0,356.22,0.0,88,0.157,30,0.0,0.0,0.07,1,0.0,10.0,0,0.0,0,0,0,0.0,0.0,356.22,356.22,0,1,0,0,0.34,0.0,0.08,0.0,0.0,1.0,0.0,30,30,1
0.0,0.0,0,0.552,296.25,0.0,73,2.093,19,0.0,0.0,0.07,0,0.0,10.0,0,0.0,0,0,0,0.933,0.0,163.5,163.5,1,4,0,0,2.05,0.0,0.47,0.0,0.0,0.1104,0.0,19,19,0
0.0,0.0,0,0.801,302.14,0.0,134,0.607,6,0.0,0.0,0.05,0,0.0,10.0,0,0.0,0,0,0,0.0,0.0,242.07,242.07,1,1,0,0,0.67,0.0,0.16,0.0,0.0,0.2671,0.0,6,6,0
0.0,0.5556,0,0.183,316.06,370.13,402,0.487,15,0.5556,0.5,0.2,0,-5.556,0.0,0,1.0,0,0,0,0.0,0.0,57.96,57.96,0,2,0,0,0.67,0.0,0.16,0.5556,0.0,0.671,370.13,15,15,1
0.0,0.0,0,0.635,185.34,0.0,256,0.645,28,0.0,0.0,0.08,0,0.0,10.0,0,0.0,0,0,0,0.0,0.0,117.71,117.71,0,1,0,0,0.23,0.0,0.05,0.0,0.0,0.3175,0.0,28,28,0
0.0,0.1818,0,0.463,236.16,157.88,630,0.546,26,0.1818,0.25,0.2,0,-1.818,0.0,0,0.5,0,0,0,1.895,0.0,109.32,109.32,0,2,0,0,0.52,0.0,0.12,0.1818,0.0,0.1636,157.88,26,26,0
0.0,0.0,0,0.524,304.27,0.0,181,1.989,7,0.0,0.0,0.2,0,0.0,10.0,0,0.0,0,0,0,1.678,0.0,159.3,159.3,1,3,0,0,1.99,0.0,0.46,0.0,0.0,0.0436,0.0,7,7,0
0.0,0.0,0,0.662,176.79,0.0,427,0.442,17,0.0,0.0,0.07,0,0.0,10.0,0,0.0,0,0,0,5.533,0.0,117.06,117.06,0,1,0,0,0.42,0.0,0.1,0.0,0.0,0.1104,0.0,17,17,0
0.333,0.1111,1,0.977,297.47,199.87,17,15.882,7,0.1111,0.0,0.03,0,2.222,54.4,0,0.0,0,0,1,1.0,199.87,290.69,290.69,4,9,0,1,15.88,0.33,3.67,0.1111,0.1111,0.1832,199.87,7,7,1
0.0,0.1,0,0.263,206.52,210.69,445,0.55,3,0.1,0.0,0.05,0,-1.0,0.0,0,1.0,0,0,0,4.072,0.0,54.26,54.26,1,1,0,0,0.67,0.0,0.16,0.1,0.0,0.1283,210.69,3,3,0
0.667,0.3846,2,1.401,311.19,291.81,192,1.883,16,0.3846,0.5,0.08,1,2.821,66.4,0,0.6,0,0,0,0.495,600.41,435.88,435.88,1,3,1,2,2.03,0.67,0.47,0.3846,0.6667,0.4684,291.81,16,16,1
0.0,0.0,0,2.318,152.7,0.0,619,0.164,13,0.0,0.0,0.1,0,0.0,10.0,0,0.0,1,0,0,7.778,0.0,353.89,353.89,0,1,0,0,0.15,0.0,0.03,0.0,0.0,0.7725,0.0,13,13,0
0.0,0.2,0,0.932,326.06,412.01,400,0.714,30,0.2,0.3333,0.2,0,-2.0,0.0,0,1.0,0,0,0,0.0,0.0,304.04,304.04,0,1,0,0,0.75,0.0,0.17,0.2,0.0,0.346,412.01,30,30,0
0.333,0.6,0,1.115,186.38,232.02,398,0.313,17,0.6,0.0,0.2,0,-2.667,0.0,0,0.333,0,0,0,0.0,0.0,207.75,207.75,0,1,0,0,0.38,0.33,0.09,0.6,0.0,0.9698,232.02,17,17,1
0.333,0.25,1,1.019,300.58,140.34,145,0.567,2,0.25,0.0,0.1,0,0.833,26.7,0,0.0,0,0,0,3.918,140.34,306.4,306.4,1,1,0,1,0.83,0.33,0.19,0.25,1.0,0.3716,140.34,2,2,0
0.0,0.3333,0,0.209,169.68,403.59,101,0.406,11,0.3333,0.0,0.2,0,-3.333,0.0,0,1.0,0,0,0,0.0,0.0,35.39,35.39,0,1,0,0,0.89,0.0,0.21,0.3333,0.0,0.8624,403.59,11,11,0
0.0,0.5714,0,0.729,274.25,291.73,325,0.676,16,0.5714,0.4,0.07,0,-5.714,0.0,0,0.75,0,0,0,1.515,0.0,199.96,199.96,0,1,0,0,0.65,0.0,0.15,0.5714,0.0,0.712,291.73,16,16,1
0.0,0.0,0,1.0,143.5,0.0,233,0.249,5,0.0,0.0,0.07,0,0.0,10.0,0,0.0,0,0,0,10.367,0.0,143.5,143.5,1,1,0,0,0.13,0.0,0.03,0.0,0.0,1.0,0.0,5,5,0
1.667,0.4545,4,0.975,252.66,282.85,54,6.111,12,0.4545,0.5,0.2,1,12.121,100.0,0,0.6,0,0,0,0.667,927.69,246.45,246.45,1,5,1,4,6.11,1.67,1.41,0.4545,0.8,0.5975,282.85,12,12,1
0.0,0.0,0,1.165,255.87,0.0,466,0.263,29,0.0,0.0,0.12,0,0.0,10.0,0,0.0,0,0,0,0.0,0.0,298.06,298.06,0,1,0,0,0.39,0.0,0.09,0.0,0.0,0.1942,0.0,29,29,0
0.0,0.0,0,1.0,488.3,0.0,87,0.241,29,0.0,0.0,0.07,0,0.0,10.0,0,0.0,0,0,0,0.0,0.0,488.3,488.3,0,1,0,0,0.34,0.0,0.08,0.0,0.0,1.0,0.0,29,29,1
0.333,0.5,0,0.608,320.88,446.59,304,0.338,8,0.5,0.5,0.1,1,-1.667,0.0,0,1.0,0,0,0,0.0,0.0,195.17,195.17,0,1,0,0,0.2,0.33,0.05,0.5,0.0,1.0,446.59,8,8,1
0.667,0.625,1,0.486,193.73,214.8,641,0.339,25,0.625,0.4,0.2,0,0.417,18.3,0,0.6,0,0,0,0.0,465.41,94.13,94.13,0,2,0,1,0.37,0.67,0.09,0.625,0.5,0.7537,214.8,25,25,1
0.0,0.0,0,0.311,294.71,0.0,133,0.652,7,0.0,0.0,0.08,0,0.0,10.0,0,0.0,1,0,0,1.8,0.0,91.65,91.65,1,1,0,0,0.68,0.0,0.16,0.0,0.0,0.1037,0.0,7,7,1
0.0,0.0,0,1.25,217.59,0.0,188,1.206,6,0.0,0.0,0.2,0,0.0,10.0,0,0.0,0,0,0,3.38,0.0,272.08,272.08,1,4,0,0,1.28,0.0,0.29,0.0,0.0,0.1563,0.0,6,6,0
0.0,0.0,0,0.239,237.83,0.0,94,0.85,12,0.0,0.0,0.2,0,0.0,10.0,0,0.0,0,0,0,1.196,0.0,56.83,56.83,0,1,0,0,0.64,0.0,0.15,0.0,0.0,0.1195,0.0,12,12,0
0.333,0.25,1,1.711,285.32,228.4,35,3.75,17,0.25,0.0,0.1,0,0.833,26.7,0,1.0,0,0,0,1.156,228.4,488.15,488.15,1,4,0,1,3.43,0.33,0.79,0.25,0.25,0.6278,228.4,17,17,1
0.0,0.0,0,1.0,339.17,0.0,29,0.553,6,0.0,0.0,0.12,0,0.0,10.0,0,0.0,0,0,1,0.0,0.0,339.17,339.17,1,1,0,0,1.03,0.0,0.24,0.0,0.0,1.0,0.0,6,6,1
0.667,0.2857,0,0.253,221.66,156.26,242,1.807,13,0.2857,0.2,0.12,1,3.81,86.2,0,0.25,0,0,0,3.65,0.0,56.03,56.03,0,4,0,0,1.74,0.67,0.4,0.2857,0.0,0.2195,156.26,13,13,1
0.333,0.3333,0,0.804,276.18,283.56,632,0.544,9,0.3333,0.0,0.12,0,0.0,10.0,0,0.75,0,0,0,0.0,0.0,222.12,222.12,0,2,0,0,0.57,0.33,0.13,0.3333,0.0,0.4093,283.56,9,9,1
0.0,0.0,0,1.0,274.75,0.0,49,1.212,8,0.0,0.0,0.03,1,0.0,10.0,0,0.0,0,0,0,6.9,0.0,274.75,274.75,0,1,0,0,0.61,0.0,0.14,0.0,0.0,1.0,0.0,8,8,1
0.0,0.0,0,1.556,281.29,0.0,305,0.182,11,0.0,0.0,0.07,0,0.0,10.0,0,0.0,0,0,0,7.75,0.0,437.75,437.75,0,1,0,0,0.2,0.0,0.05,0.0,0.0,0.7781,0.0,11,11,0
0.0,0.0,0,1.087,399.39,0.0,652,0.174,11,0.0,0.0,0.12,0,0.0,10.0,0,0.0,0,0,0,0.0,0.0,434.05,434.05,0,1,0,0,0.18,0.0,0.04,0.0,0.0,0.2717,0.0,11,11,0
2.333,0.6364,3,1.104,193.3,139.07,59,4.787,10,0.6364,0.0,0.07,0,16.97,100.0,0,0.429,0,0,0,0.776,356.87,213.43,213.43,0,4,1,3,5.59,2.33,1.29,0.6364,0.75,0.5582,139.07,10,10,1
0.0,0.0,0,0.547,279.78,0.0,195,1.071,30,0.0,0.0,0.2,0,0.0,10.0,0,0.0,0,0,0,0.0,0.0,153.05,153.05,0,1,0,0,1.08,0.0,0.25,0.0,0.0,0.0781,0.0,30,30,0
0.333,0.3636,0,0.62,255.55,346.64,767,0.442,30,0.3636,0.0,0.2,0,-0.303,3.9,0,1.0,0,0,0,2.359,0.0,158.42,158.42,1,3,0,0,0.43,0.33,0.1,0.3636,0.0,0.5496,346.64,30,30,1
0.667,0.6364,0,1.407,224.61,185.05,324,0.521,30,0.6364,0.0,0.12,0,0.303,16.1,0,0.143,0,0,0,0.0,0.0,316.13,316.13,0,1,0,0,1.02,0.67,0.24,0.6364,0.0,0.6522,185.05,30,30,1
0.0,0.2,0,1.257,260.68,370.34,482,0.271,24,0.2,0.0,0.07,1,-2.0,0.0,0,1.0,0,0,0,0.0,0.0,327.72,327.72,0,1,0,0,0.31,0.0,0.07,0.2,0.0,0.5356,370.34,24,24,1
0.667,0.3636,0,1.591,269.47,158.76,272,1.162,15,0.3636,0.3333,0.07,0,3.03,70.6,0,0.25,0,0,0,0.847,0.0,428.79,428.79,0,1,0,0,1.21,0.67,0.28,0.3636,0.0,0.3589,158.76,15,15,1
0.0,0.0,0,0.68,244.86,0.0,466,0.417,14,0.0,0.0,0.2,0,0.0,10.0,0,0.0,0,0,0,0.0,0.0,166.54,166.54,0,1,0,0,0.45,0.0,0.1,0.0,0.0,0.0972,0.0,14,14,0
0.667,0.2857,1,1.365,275.04,251.57,104,1.639,17,0.2857,0.0,0.2,0,3.81,86.2,0,1.0,0,0,0,2.186,251.21,375.42,375.42,0,3,0,1,2.02,0.67,0.47,0.2857,0.3333,0.4563,251.57,17,17,1
0.0,0.0,0,0.801,221.45,0.0,50,2.217,2,0.0,0.0,0.2,0,0.0,10.0,0,0.0,0,0,0,0.412,0.0,177.39,177.39,1,4,0,0,2.4,0.0,0.55,0.0,0.0,0.2003,0.0,2,2,0
0.0,0.0,0,0.166,224.12,0.0,176,1.545,12,0.0,0.0,0.12,0,0.0,10.0,0,0.0,0,0,0,1.353,0.0,37.25,37.25,1,4,0,0,1.53,0.0,0.35,0.0,0.0,0.0185,0.0,12,12,0
0.0,0.25,0,2.044,79.95,25.88,183,0.502,4,0.25,0.0,0.2,0,-2.5,0.0,0,0.0,0,0,0,0.0,0.0,163.39,163.39,1,1,0,0,0.66,0.0,0.15,0.25,0.0,0.5918,25.88,4,4,0
0.333,0.3846,0,0.791,257.85,269.6,390,0.977,4,0.3846,0.5,0.1,0,-0.513,0.0,0,0.6,0,0,0,2.236,0.0,203.95,203.95,1,2,0,0,1.0,0.33,0.23,0.3846,0.0,0.463,269.6,4,4,1
0.0,0.0,0,0.399,242.78,0.0,489,0.443,11,0.0,0.0,0.1,0,0.0,10.0,0,0.0,0,0,0,0.0,0.0,96.91,96.91,0,1,0,0,0.43,0.0,0.1,0.0,0.0,0.057,0.0,11,11,0
0.0,0.0,0,0.866,229.16,0.0,49,3.117,11,0.0,0.0,0.2,0,0.0,10.0,0,0.0,0,0,0,1.567,0.0,198.36,198.36,0,3,0,0,2.45,0.0,0.57,0.0,0.0,0.2164,0.0,11,11,1
0.0,0.0,0,1.0,98.75,0.0,138,0.439,11,0.0,0.0,0.2,0,0.0,10.0,0,0.0,0,0,0,0.0,0.0,98.75,98.75,0,1,0,0,0.22,0.0,0.05,0.0,0.0,1.0,0.0,11,11,1
0.0,0.0,0,1.145,328.92,0.0,152,0.455,5,0.0,0.0,0.12,0,0.0,10.0,0,0.0,0,0,0,5.073,0.0,376.65,376.65,1,1,0,0,0.39,0.0,0.09,0.0,0.0,0.5725,0.0,5,5,0
0.0,0.0,0,1.31,228.34,0.0,35,1.204,4,0.0,0.0,0.03,0,0.0,10.0,0,0.0,0,0,0,0.817,0.0,299.15,299.15,2,2,0,0,1.71,0.0,0.4,0.0,0.0,0.655,0.0,4,4,0
0.0,0.0,0,0.958,217.45,0.0,679,0.663,4,0.0,0.0,0.12,0,0.0,10.0,0,0.0,0,0,0,1.545,0.0,208.39,208.39,1,1,0,0,0.66,0.0,0.15,0.0,0.0,0.0639,0.0,4,4,0
0.0,0.25,0,1.8,262.07,128.31,194,0.522,3,0.25,0.0,0.03,0,-2.5,0.0,0,0.0,1,0,0,2.1,0.0,471.73,471.73,1,3,0,0,0.62,0.0,0.14,0.25,0.0,0.5724,128.31,3,3,1
0.0,0.3333,0,0.681,302.01,369.24,509,0.462,22,0.3333,0.3333,0.2,0,-3.333,0.0,0,1.0,0,0,0,0.0,0.0,205.56,205.56,0,2,0,0,0.53,0.0,0.12,0.3333,0.0,0.4832,369.24,22,22,1
0.0,0.0,0,0.542,114.56,0.0,27,3.176,24,0.0,0.0,0.08,0,0.0,10.0,0,0.0,0,0,1,0.229,0.0,62.11,62.11,0,3,0,0,3.33,0.0,0.77,0.0,0.0,0.1807,0.0,24,24,0
0.0,0.0,0,1.465,181.52,0.0,444,0.402,6,0.0,0.0,0.2,0,0.0,10.0,0,0.0,0,0,0,6.56,0.0,265.93,265.93,1,1,0,0,0.34,0.0,0.08,0.0,0.0,0.293,0.0,6,6,0
0.333,0.5,0,1.113,362.98,344.78,574,0.218,3,0.5,0.0,0.05,0,-1.667,0.0,0,1.0,0,0,0,0.0,0.0,404.1,404.1,1,2,0,0,0.21,0.33,0.05,0.5,0.0,0.7533,344.78,3,3,1
0.667,0.6667,1,0.684,104.07,120.5,110,1.613,17,0.6667,0.0,0.2,0,0.0,10.0,0,0.0,0,0,0,2.229,169.94,71.21,71.21,0,2,1,1,0.82,0.67,0.19,0.6667,0.5,1.0,120.5,17,17,1
0.0,0.0,0,1.0,468.85,0.0,53,0.776,17,0.0,0.0,0.08,0,0.0,10.0,0,0.0,0,0,0,1.317,0.0,468.85,468.85,0,1,0,0,0.57,0.0,0.13,0.0,0.0,1.0,0.0,17,17,0
0.0,0.0,0,1.0,463.83,0.0,275,0.165,6,0.0,0.0,0.1,0,0.0,10.0,0,0.0,0,0,0,0.0,0.0,463.83,463.83,1,1,0,0,0.11,0.0,0.03,0.0,0.0,1.0,0.0,6,6,1
0.667,0.4,1,2.658,151.33,68.91,81,1.007,4,0.4,0.0,0.2,1,2.667,63.3,0,0.0,0,0,0,2.138,92.18,402.16,402.16,1,2,0,1,1.85,0.67,0.43,0.4,0.5,0.7137,68.91,4,4,1
0.0,0.4,0,0.966,426.08,416.59,792,0.165,10,0.4,0.5,0.2,0,-4.0,0.0,0,1.0,0,0,0,0.0,0.0,411.5,411.5,0,1,0,0,0.19,0.0,0.04,0.4,0.0,0.5842,416.59,10,10,0
0.0,0.0833,0,1.324,306.26,215.95,760,0.486,3,0.0833,0.0,0.05,0,-0.833,0.0,0,1.0,0,0,0,2.144,0.0,405.55,405.55,1,1,0,0,0.47,0.0,0.11,0.0833,0.0,0.1691,215.95,3,3,0
0.0,0.0769,0,0.917,218.81,411.18,773,0.505,18,0.0769,0.0,0.2,0,-0.769,0.0,0,1.0,0,0,0,4.503,0.0,200.73,200.73,0,2,0,0,0.5,0.0,0.12,0.0769,0.0,0.2151,411.18,18,18,0
0.0,0.0,0,1.0,391.28,0.0,342,0.093,6,0.0,0.0,0.07,0,0.0,10.0,0,0.0,1,0,0,0.0,0.0,391.28,391.28,1,1,0,0,0.09,0.0,0.02,0.0,0.0,1.0,0.0,6,6,1
0.333,0.4,0,1.536,294.94,366.7,183,0.676,12,0.4,0.3333,0.1,1,-0.667,0.0,0,1.0,0,0,0,5.725,0.0,453.12,453.12,0,1,0,0,0.82,0.33,0.19,0.4,0.0,0.8046,366.7,12,12,1
0.0,0.0,0,0.964,293.74,0.0,68,1.121,30,0.0,0.0,0.07,0,0.0,10.0,0,0.0,0,0,0,0.883,0.0,283.07,283.07,0,1,0,0,0.88,0.0,0.2,0.0,0.0,0.4818,0.0,30,30,0
0.333,0.5,0,1.08,147.69,135.89,86,0.67,23,0.5,0.0,0.12,0,-1.667,0.0,0,0.0,0,0,0,3.644,0.0,159.49,159.49,0,1,0,0,0.7,0.33,0.16,0.5,0.0,1.0,135.89,23,23,1
0.333,0.1667,1,0.279,179.47,335.19,91,2.105,21,0.1667,0.25,0.12,0,1.667,43.3,0,1.0,0,0,0,1.68,335.19,50.12,50.12,1,4,1,1,1.98,0.33,0.46,0.1667,0.25,0.3578,335.19,21,21,1
0.0,0.0,0,1.001,274.81,0.0,83,2.368,23,0.0,0.0,0.05,0,0.0,10.0,0,0.0,0,0,0,2.033,0.0,275.19,275.19,0,3,0,0,1.81,0.0,0.42,0.0,0.0,0.2003,0.0,23,23,0
0.0,0.0,0,1.041,410.63,0.0,29,2.407,28,0.0,0.0,0.08,1,0.0,10.0,0,0.0,0,0,1,1.32,0.0,427.58,427.58,1,5,0,0,5.17,0.0,1.19,0.0,0.0,0.2083,0.0,28,28,1
0.333,0.1111,0,1.063,198.41,353.46,341,0.851,12,0.1111,0.0,0.2,0,2.222,54.4,0,1.0,0,0,0,2.652,0.0,210.99,210.99,0,1,0,0,0.79,0.33,0.18,0.1111,0.0,0.3161,353.46,12,12,0
0.0,0.0,0,0.115,256.64,0.0,363,0.765,15,0.0,0.0,0.12,0,0.0,10.0,0,0.0,0,0,0,0.0,0.0,29.64,29.64,0,2,0,0,0.83,0.0,0.19,0.0,0.0,0.0115,0.0,15,15,0
0.0,0.4667,0,1.159,280.88,280.84,448,0.875,20,0.4667,0.6,0.2,1,-4.667,0.0,0,0.714,1,0,0,0.0,0.0,325.44,325.44,0,2,0,0,1.0,0.0,0.23,0.4667,0.0,0.5438,280.84,20,20,1
0.333,0.4444,0,1.312,217.9,112.56,446,0.607,4,0.4444,0.5,0.2,0,-1.111,0.0,0,0.0,0,0,0,0.0,0.0,285.98,285.98,1,1,0,0,0.61,0.33,0.14,0.4444,0.0,0.3754,112.56,4,4,1
0.667,0.5,1,0.839,57.67,80.02,183,0.488,6,0.5,0.0,0.03,0,1.667,43.3,0,0.0,0,0,0,0.0,59.15,48.39,48.39,1,2,0,1,0.66,0.67,0.15,0.5,0.5,0.9036,80.02,6,6,1
0.667,0.3333,2,0.214,193.16,301.76,32,6.111,25,0.3333,0.0,0.1,1,3.333,76.7,0,0.5,1,0,0,0.667,603.53,41.26,41.26,0,6,1,2,5.62,0.67,1.3,0.3333,0.3333,0.5563,301.76,25,25,1
0.0,0.25,0,0.835,429.73,474.21,597,0.165,11,0.25,0.0,0.07,0,-2.5,0.0,0,1.0,1,0,0,0.0,0.0,358.97,358.97,0,2,0,0,0.2,0.0,0.05,0.25,0.0,0.4847,474.21,11,11,0
0.0,0.0,0,1.008,284.49,0.0,378,0.292,22,0.0,0.0,0.2,0,0.0,10.0,0,0.0,0,0,0,0.0,0.0,286.86,286.86,0,1,0,0,0.4,0.0,0.09,0.0,0.0,0.2017,0.0,22,22,0
0.333,0.1818,0,0.204,235.38,187.6,233,1.416,21,0.1818,0.0,0.07,0,1.515,40.3,0,0.5,0,0,0,0.677,0.0,48.12,48.12,0,1,0,0,1.42,0.33,0.33,0.1818,0.0,0.1635,187.6,21,21,0
0.333,0.25,1,1.254,388.89,438.91,195,0.886,5,0.25,0.3333,0.1,0,0.833,26.7,0,1.0,0,0,0,1.138,438.91,487.66,487.66,1,2,1,1,0.62,0.33,0.14,0.25,0.5,0.5956,438.91,5,5,0
0.333,0.125,1,1.798,235.36,59.62,29,5.745,16,0.125,0.0,0.2,0,2.083,51.7,0,0.0,1,0,1,0.162,59.62,423.18,423.18,1,8,0,1,8.28,0.33,1.91,0.125,0.125,0.2564,59.62,16,16,0
0.0,0.0,0,0.238,131.54,0.0,23,1.5,13,0.0,0.0,0.2,0,0.0,10.0,0,0.0,0,0,1,1.429,0.0,31.34,31.34,0,2,0,0,2.61,0.0,0.6,0.0,0.0,0.1191,0.0,13,13,1
0.0,0.0,0,1.721,253.78,0.0,212,0.647,2,0.0,0.0,0.1,0,0.0,10.0,0,0.0,0,0,0,0.0,0.0,436.65,436.65,2,3,0,0,1.27,0.0,0.29,0.0,0.0,0.1912,0.0,2,2,0
0.0,0.0,0,1.189,395.17,0.0,318,0.334,5,0.0,0.0,0.07,0,0.0,10.0,0,0.0,0,0,0,7.644,0.0,469.84,469.84,1,1,0,0,0.19,0.0,0.04,0.0,0.0,0.5945,0.0,5,5,0
0.0,0.0,0,0.879,265.29,0.0,815,0.376,14,0.0,0.0,0.1,0,0.0,10.0,0,0.0,0,0,0,2.812,0.0,233.09,233.09,0,2,0,0,0.4,0.0,0.09,0.0,0.0,0.0799,0.0,14,14,0
0.0,0.4444,0,0.706,319.96,314.42,899,0.348,20,0.4444,0.0,0.08,0,-4.444,0.0,0,0.75,0,0,0,3.06,0.0,225.96,225.96,0,1,0,0,0.3,0.0,0.07,0.4444,0.0,0.5152,314.42,20,20,1
0.0,0.6667,0,0.103,249.45,271.83,279,0.35,5,0.6667,0.0,0.08,1,-6.667,0.0,0,0.75,0,0,0,0.0,0.0,25.71,25.71,1,1,0,0,0.65,0.0,0.15,0.6667,0.0,0.7437,271.83,5,5,1
0.0,0.0,0,1.391,304.25,0.0,202,0.642,5,0.0,0.0,0.05,0,0.0,10.0,0,0.0,0,0,0,1.619,0.0,423.31,423.31,1,3,0,0,0.59,0.0,0.14,0.0,0.0,0.3478,0.0,5,5,0
0.0,0.1111,0,1.287,303.64,449.01,335,0.791,13,0.1111,0.0,0.12,0,-1.111,0.0,0,1.0,0,0,0,1.29,0.0,390.91,390.91,0,1,0,0,0.81,0.0,0.19,0.1111,0.0,0.3073,449.01,13,13,0
0.0,0.0,0,0.562,236.15,0.0,220,0.538,21,0.0,0.0,0.12,0,0.0,10.0,0,0.0,0,0,0,1.956,0.0,132.74,132.74,0,2,0,0,0.55,0.0,0.13,0.0,0.0,0.1405,0.0,21,21,0
0.333,0.2,1,1.006,284.2,85.24,74,1.765,13,0.2,0.0,0.2,0,1.333,36.7,0,0.0,0,0,0,2.12,85.24,285.88,285.88,0,2,0,1,2.03,0.33,0.47,0.2,0.5,0.2612,85.24,13,13,1
0.333,0.4545,1,1.009,268.95,305.06,495,0.569,1,0.4545,0.3333,0.2,0,-1.212,0.0,0,0.8,1,0,0,1.812,291.39,271.42,271.42,1,1,0,1,0.67,0.33,0.15,0.4545,1.0,0.6073,305.06,1,1,1
0.0,0.0,0,1.0,101.09,0.0,49,0.126,14,0.0,0.0,0.1,0,0.0,10.0,0,0.0,1,0,0,0.0,0.0,101.09,101.09,0,1,0,0,0.61,0.0,0.14,0.0,0.0,1.0,0.0,14,14,1
0.667,0.2667,1,0.32,283.22,299.35,799,0.552,15,0.2667,0.0,0.2,0,4.0,90.0,0,0.75,0,0,0,0.0,385.87,90.62,90.62,0,1,0,1,0.56,0.67,0.13,0.2667,1.0,0.3032,299.35,15,15,1
0.0,0.0,0,0.454,270.14,0.0,289,0.841,16,0.0,0.0,0.05,0,0.0,10.0,0,0.0,0,0,0,1.202,0.0,122.66,122.66,0,2,0,0,0.93,0.0,0.22,0.0,0.0,0.0505,0.0,16,16,0
0.333,0.125,1,1.735,261.54,99.88,284,0.611,16,0.125,0.0,0.05,0,2.083,51.7,0,0.0,0,0,0,0.0,99.88,453.82,453.82,0,2,0,1,0.85,0.33,0.2,0.125,0.5,0.2646,99.88,16,16,0
0.0,0.1,0,0.946,240.07,317.86,494,0.581,18,0.1,0.0,0.07,0,-1.0,0.0,0,1.0,0,0,0,0.0,0.0,227.16,227.16,0,1,0,0,0.61,0.0,0.14,0.1,0.0,0.227,317.86,18,18,0
0.0,0.1111,0,1.115,234.85,102.65,392,0.569,7,0.1111,0.5,0.2,0,-1.111,0.0,0,0.0,1,0,0,1.812,0.0,261.87,261.87,1,1,0,0,0.69,0.0,0.16,0.1111,0.0,0.1725,102.65,7,7,0
0.333,0.2,1,0.601,410.63,427.58,32,2.407,15,0.2,0.0,0.12,1,1.333,36.7,0,1.0,0,0,0,1.32,427.58,246.97,246.97,1,4,1,1,4.69,0.33,1.08,0.2,0.25,0.3285,427.58,15,15,1
0.0,0.0,0,1.67,267.17,0.0,851,0.389,6,0.0,0.0,0.03,0,0.0,10.0,0,0.0,0,0,0,0.0,0.0,446.11,446.11,1,1,0,0,0.42,0.0,0.1,0.0,0.0,0.1391,0.0,6,6,0
0.333,0.3333,1,0.28,313.27,439.06,253,0.637,5,0.3333,0.5,0.03,0,0.0,10.0,0,1.0,1,0,0,1.61,427.62,87.78,87.78,1,2,0,1,0.71,0.33,0.16,0.3333,0.5,0.5139,439.06,5,5,1
0.667,0.2,1,1.845,270.69,334.21,353,0.638,24,0.2,0.0,0.12,0,4.667,100.0,0,1.0,0,0,0,1.607,224.03,499.33,499.33,0,2,0,1,0.85,0.67,0.2,0.2,0.5,0.4314,334.21,24,24,1
0.0,0.0,0,1.427,243.73,0.0,19,2.727,4,0.0,0.0,0.07,0,0.0,10.0,0,0.0,1,0,1,0.2,0.0,347.77,347.77,1,3,0,0,4.74,0.0,1.09,0.0,0.0,0.4756,0.0,4,4,0
0.667,0.5,0,1.379,262.89,260.19,234,1.477,7,0.5,0.0,0.08,0,1.667,43.3,0,0.5,0,0,0,0.65,0.0,362.42,362.42,1,2,0,0,1.54,0.67,0.36,0.5,0.0,0.6097,260.19,7,7,1
0.667,0.25,2,1.651,275.41,164.46,33,6.164,13,0.25,0.0,0.2,1,4.167,93.3,1,0.5,0,0,0,0.956,328.93,454.75,454.75,2,8,2,2,7.27,0.67,1.68,0.25,0.25,0.3557,164.46,13,13,1
0.0,0.5714,0,1.005,259.79,289.56,623,0.359,24,0.5714,0.3333,0.1,0,-5.714,0.0,0,0.75,0,0,0,0.0,0.0,261.05,261.05,0,1,0,0,0.34,0.0,0.08,0.5714,0.0,0.7805,289.56,24,24,1
0.667,0.4,1,1.089,294.67,290.36,191,1.658,2,0.4,0.0,0.07,0,2.667,63.3,0,0.5,0,0,0,1.252,121.19,320.86,320.86,1,1,0,1,1.57,0.67,0.36,0.4,1.0,0.503,290.36,2,2,1
0.0,0.0,0,0.212,282.13,0.0,302,0.404,18,0.0,0.0,0.1,0,0.0,10.0,0,0.0,0,0,0,0.0,0.0,59.88,59.88,0,1,0,0,0.6,0.0,0.14,0.0,0.0,0.0354,0.0,18,18,0
0.0,0.0,0,1.371,289.48,0.0,18,8.889,4,0.0,0.0,0.05,0,0.0,10.0,0,0.0,0,0,1,1.0,0.0,396.96,396.96,1,3,0,0,5.0,0.0,1.15,0.0,0.0,0.4571,0.0,4,4,0
0.333,0.4,0,2.465,198.44,57.47,241,0.52,14,0.4,0.0,0.12,1,-0.667,0.0,0,0.0,0,0,0,0.0,0.0,489.19,489.19,0,2,0,0,0.62,0.33,0.14,0.4,0.0,0.6089,57.47,14,14,1
0.333,0.2,0,1.498,326.5,342.83,89,2.459,20,0.2,0.0,0.05,1,1.333,36.7,0,1.0,0,0,0,0.0,0.0,489.19,489.19,0,2,0,0,1.69,0.33,0.39,0.2,0.0,0.5097,342.83,20,20,1
0.333,0.1111,0,0.111,233.24,425.73,56,3.235,7,0.1111,0.0,0.07,0,2.222,54.4,0,1.0,0,0,0,0.24,0.0,25.79,25.79,3,5,0,0,4.82,0.33,1.11,0.1111,0.0,0.2151,425.73,7,7,0
0.333,0.3333,1,0.821,400.75,461.7,168,0.274,12,0.3333,0.0,0.07,0,0.0,10.0,0,1.0,0,0,0,0.0,461.7,328.93,328.93,0,1,0,1,0.54,0.33,0.12,0.3333,1.0,0.6576,461.7,12,12,1
0.0,0.0,0,1.0,292.34,0.0,16,0.253,3,0.0,0.0,0.05,1,0.0,10.0,0,0.0,0,0,1,4.444,0.0,292.34,292.34,1,1,0,0,1.88,0.0,0.43,0.0,0.0,1.0,0.0,3,3,1
0.0,0.0,0,0.606,260.1,0.0,277,0.281,12,0.0,0.0,0.1,0,0.0,10.0,0,0.0,0,0,0,0.0,0.0,157.61,157.61,0,1,0,0,0.43,0.0,0.1,0.0,0.0,0.1515,0.0,12,12,0
0.0,0.4,0,0.278,262.46,172.19,390,0.761,3,0.4,0.5,0.07,0,-4.0,0.0,0,0.25,0,0,0,1.336,0.0,73.06,73.06,1,1,0,0,0.77,0.0,0.18,0.4,0.0,0.2903,172.19,3,3,1
0.667,0.75,0,1.221,291.73,270.21,229,0.676,1,0.75,0.0,0.05,0,-0.833,0.0,0,0.667,0,0,0,1.515,0.0,356.3,356.3,1,1,0,0,0.52,0.67,0.12,0.75,0.0,1.0,270.21,1,1,1
0.0,0.0,0,1.103,274.36,0.0,22,4.2,5,0.0,0.0,0.2,0,0.0,10.0,0,0.0,0,0,1,0.636,0.0,302.56,302.56,2,4,0,0,5.45,0.0,1.26,0.0,0.0,0.2757,0.0,5,5,1
0.333,0.5,0,0.815,27.17,32.19,74,0.505,28,0.5,0.0,0.1,0,-1.667,0.0,0,0.0,1,0,0,0.0,0.0,22.16,22.16,0,1,0,0,0.81,0.33,0.19,0.5,0.0,1.0,32.19,28,28,1
1.0,0.5,0,0.226,299.44,293.79,231,1.126,9,0.5,0.5,0.07,1,5.0,100.0,0,1.0,0,0,0,0.877,0.0,67.72,67.72,0,1,0,0,1.04,1.0,0.24,0.5,0.0,0.5188,293.79,9,9,1
0.333,0.25,0,1.148,301.88,414.88,195,0.379,29,0.25,0.0,0.08,0,0.833,26.7,0,1.0,0,0,0,2.846,0.0,346.44,346.44,0,1,0,0,0.62,0.33,0.14,0.25,0.0,0.6305,414.88,29,29,1
0.0,0.1429,0,0.799,213.16,181.75,213,0.986,1,0.1429,0.0,0.2,0,-1.429,0.0,0,0.0,0,0,0,1.017,0.0,170.39,170.39,1,1,0,0,0.99,0.0,0.23,0.1429,0.0,0.236,181.75,1,1,0
0.0,0.0,0,1.0,448.36,0.0,43,0.701,30,0.0,0.0,0.2,0,0.0,10.0,0,0.0,0,0,0,1.533,0.0,448.36,448.36,0,1,0,0,0.7,0.0,0.16,0.0,0.0,1.0,0.0,30,30,1
1.0,0.4,1,1.234,207.05,185.04,172,1.613,15,0.4,0.3333,0.12,0,6.0,100.0,0,0.25,0,0,0,2.229,427.93,255.51,255.51,1,6,0,1,1.74,1.0,0.4,0.4,0.1667,0.4809,185.04,15,15,1
0.0,0.0,0,0.529,303.53,0.0,349,0.301,25,0.0,0.0,0.07,0,0.0,10.0,0,0.0,0,0,0,3.608,0.0,160.54,160.54,0,1,0,0,0.17,0.0,0.04,0.0,0.0,0.2645,0.0,25,25,0
0.0,0.0,0,1.376,346.68,0.0,7,1.078,3,0.0,0.0,0.05,0,0.0,10.0,0,0.0,0,0,1,2.044,0.0,477.2,477.2,2,2,0,0,8.57,0.0,1.98,0.0,0.0,0.6882,0.0,3,3,1
0.333,0.3333,1,0.603,288.43,495.89,68,0.435,16,0.3333,0.0,0.03,0,0.0,10.0,0,1.0,0,0,0,2.486,495.89,173.81,173.81,0,2,0,1,1.32,0.33,0.31,0.3333,0.5,0.774,495.89,16,16,1
0.0,0.0,0,1.207,265.07,0.0,105,3.143,10,0.0,0.0,0.2,0,0.0,10.0,0,0.0,1,0,0,3.0,0.0,319.92,319.92,3,6,0,0,3.14,0.0,0.73,0.0,0.0,0.1097,0.0,10,10,0
0.0,0.0,0,0.448,343.25,0.0,104,0.361,26,0.0,0.0,0.2,0,0.0,10.0,0,0.0,0,0,0,0.0,0.0,153.69,153.69,1,2,0,0,0.87,0.0,0.2,0.0,0.0,0.1492,0.0,26,26,0
0.0,0.1667,0,0.724,298.01,372.73,596,0.312,12,0.1667,0.0,0.2,0,-1.667,0.0,0,1.0,0,0,0,3.524,0.0,215.88,215.88,0,2,0,0,0.3,0.0,0.07,0.1667,0.0,0.3292,372.73,12,12,0
0.0,0.0,0,0.386,265.82,0.0,880,0.491,7,0.0,0.0,0.08,0,0.0,10.0,0,0.0,0,0,0,0.0,0.0,102.49,102.49,1,2,0,0,0.51,0.0,0.12,0.0,0.0,0.0257,0.0,7,7,0
0.0,0.0,0,1.495,271.59,0.0,350,0.622,9,0.0,0.0,0.2,0,0.0,10.0,0,0.0,0,0,0,1.674,0.0,405.99,405.99,1,3,0,0,0.77,0.0,0.18,0.0,0.0,0.1661,0.0,9,9,0
0.333,0.0667,0,1.242,224.44,61.33,106,3.543,18,0.0667,0.0,0.2,0,2.667,63.3,0,0.0,0,0,0,0.231,0.0,278.66,278.66,1,4,0,0,4.25,0.33,0.98,0.0667,0.0,0.101,61.33,18,18,0
0.0,0.0,0,1.245,314.38,0.0,180,0.385,9,0.0,0.0,0.07,0,0.0,10.0,0,0.0,0,0,0,0.0,0.0,391.49,391.49,0,1,0,0,0.67,0.0,0.15,0.0,0.0,0.3113,0.0,9,9,0
0.667,0.3333,1,0.089,331.07,340.88,50,3.529,12,0.3333,0.6667,0.1,0,3.333,76.7,0,1.0,0,0,0,1.4,463.58,29.55,29.55,0,4,0,1,3.6,0.67,0.83,0.3333,0.25,0.3581,340.88,12,12,1
0.333,0.6667,0,0.663,378.3,442.02,637,0.115,19,0.6667,0.0,0.2,0,-3.333,0.0,0,1.0,0,0,0,0.0,0.0,250.85,250.85,0,1,0,0,0.14,0.33,0.03,0.6667,0.0,1.0,442.02,19,19,1
0.0,0.3333,0,1.246,395.68,417.57,200,0.659,26,0.3333,0.0,0.2,1,-3.333,0.0,0,1.0,0,0,0,0.0,0.0,492.94,492.94,0,2,0,0,0.45,0.0,0.1,0.3333,0.0,0.767,417.57,26,26,1
0.0,0.0,0,0.474,192.69,0.0,79,2.459,4,0.0,0.0,0.05,0,0.0,10.0,0,0.0,0,0,0,0.785,0.0,91.4,91.4,1,4,0,0,1.9,0.0,0.44,0.0,0.0,0.0949,0.0,4,4,1
0.0,0.25,0,2.075,221.17,104.35,287,0.486,24,0.25,0.0,0.12,0,-2.5,0.0,0,0.0,0,0,0,0.0,0.0,458.84,458.84,0,1,0,0,0.42,0.0,0.1,0.25,0.0,0.6366,104.35,24,24,0
0.0,0.5714,0,1.069,322.09,288.41,684,0.44,30,0.5714,0.0,0.08,0,-5.714,0.0,0,0.75,0,0,0,5.133,0.0,344.43,344.43,0,1,0,0,0.31,0.0,0.07,0.5714,0.0,0.6644,288.41,30,30,1
0.667,0.2857,2,2.4,159.24,192.66,110,2.105,23,0.2857,0.5,0.12,0,3.81,86.2,0,0.5,0,0,0,1.68,385.31,382.13,382.13,1,2,0,2,1.91,0.67,0.44,0.2857,1.0,0.6885,192.66,23,23,1
0.0,0.0,0,1.097,187.54,0.0,340,0.194,6,0.0,0.0,0.1,0,0.0,10.0,0,0.0,0,0,0,0.0,0.0,205.68,205.68,1,1,0,0,0.35,0.0,0.08,0.0,0.0,0.2742,0.0,6,6,0
0.333,0.2,1,1.639,275.91,179.5,35,4.909,3,0.2,0.0,0.12,0,1.333,36.7,0,0.0,0,0,0,1.667,179.5,452.33,452.33,2,3,0,1,4.29,0.33,0.99,0.2,0.3333,0.458,179.5,3,3,0
0.0,0.0,0,1.0,334.39,0.0,51,0.277,22,0.0,0.0,0.2,0,0.0,10.0,0,0.0,0,0,0,3.981,0.0,334.39,334.39,0,1,0,0,0.59,0.0,0.14,0.0,0.0,1.0,0.0,22,22,0
0.333,0.5,1,2.088,205.62,159.92,352,0.228,23,0.5,0.0,0.1,0,-1.667,0.0,0,0.5,0,0,0,0.0,76.39,429.25,429.25,1,2,0,1,0.34,0.33,0.08,0.5,0.5,0.9108,159.92,23,23,1
0.0,0.0,0,1.087,212.57,0.0,12,35.0,5,0.0,0.0,0.08,0,0.0,10.0,0,0.0,0,0,1,1.0,0.0,231.07,231.07,12,14,0,0,35.0,0.0,8.08,0.0,0.0,0.0776,0.0,5,5,0
0.0,0.0,0,0.478,270.14,0.0,344,0.549,9,0.0,0.0,0.03,0,0.0,10.0,0,0.0,0,0,0,0.0,0.0,129.12,129.12,0,1,0,0,0.44,0.0,0.1,0.0,0.0,0.0956,0.0,9,9,0
0.333,0.6667,0,0.941,356.27,366.78,222,0.453,4,0.6667,0.0,0.12,0,-3.333,0.0,0,1.0,0,0,0,0.0,0.0,335.26,335.26,1,1,0,0,0.41,0.33,0.09,0.6667,0.0,1.0,366.78,4,4,1
0.333,0.5,1,0.308,268.77,347.13,382,0.395,19,0.5,0.5,0.05,0,-1.667,0.0,0,1.0,0,0,0,0.0,409.65,82.65,82.65,0,1,0,1,0.47,0.33,0.11,0.5,1.0,0.697,347.13,19,19,1
0.333,0.25,0,0.844,180.2,67.61,242,0.342,14,0.25,0.0,0.2,0,0.833,26.7,0,0.0,1,0,0,0.0,0.0,152.01,152.01,0,1,0,0,0.5,0.33,0.11,0.25,0.0,0.3047,67.61,14,14,1
0.0,0.4667,0,1.385,319.37,342.91,397,1.125,16,0.4667,0.6667,0.2,0,-4.667,0.0,0,1.0,0,0,0,1.897,0.0,442.47,442.47,0,2,0,0,1.13,0.0,0.26,0.4667,0.0,0.5934,342.91,16,16,1
0.333,0.4286,1,0.575,260.08,175.46,393,0.758,25,0.4286,0.0,0.05,1,-0.952,0.0,0,0.333,0,0,0,0.0,364.83,149.49,149.49,0,2,0,1,0.53,0.33,0.12,0.4286,0.5,0.3712,175.46,25,25,1
0.0,0.5,0,1.077,379.46,350.41,337,0.246,26,0.5,0.0,0.12,1,-5.0,0.0,0,1.0,0,0,0,0.0,0.0,408.5,408.5,0,1,0,0,0.18,0.0,0.04,0.5,0.0,1.0,350.41,26,26,1
0.0,0.0,0,0.201,102.8,0.0,141,0.206,5,0.0,0.0,0.03,0,0.0,10.0,0,0.0,0,0,0,0.0,0.0,20.62,20.62,1,2,0,0,0.43,0.0,0.1,0.0,0.0,0.1003,0.0,5,5,0
0.0,0.2143,0,0.424,253.33,180.8,563,0.636,5,0.2143,0.5,0.05,0,-2.143,0.0,0,0.333,0,0,0,0.0,0.0,107.39,107.39,1,1,0,0,0.75,0.0,0.17,0.2143,0.0,0.1832,180.8,5,5,1
0.333,0.3333,1,0.767,254.28,289.01,204,0.655,13,0.3333,0.0,0.07,0,0.0,10.0,0,1.0,0,0,0,1.592,289.01,195.07,195.07,0,2,1,1,0.44,0.33,0.1,0.3333,0.5,0.6346,289.01,13,13,1
0.0,0.0,0,1.322,210.49,0.0,255,1.071,4,0.0,0.0,0.1,0,0.0,10.0,0,0.0,0,0,0,0.927,0.0,278.33,278.33,2,3,0,0,1.06,0.0,0.24,0.0,0.0,0.1469,0.0,4,4,0
0.0,0.2857,0,1.305,325.56,330.28,480,0.291,19,0.2857,0.0,0.03,1,-2.857,0.0,0,1.0,0,0,0,0.0,0.0,424.7,424.7,0,1,0,0,0.44,0.0,0.1,0.2857,0.0,0.4762,330.28,19,19,1
0.333,0.3333,0,0.521,286.35,440.18,165,0.382,25,0.3333,0.0,0.1,0,0.0,10.0,0,1.0,0,0,0,0.0,0.0,149.17,149.17,0,1,0,0,0.55,0.33,0.13,0.3333,0.0,0.6861,440.18,25,25,1
0.0,0.0,0,1.251,293.01,0.0,895,0.158,6,0.0,0.0,0.12,0,0.0,10.0,0,0.0,1,0,0,0.0,0.0,366.64,366.64,1,1,0,0,0.17,0.0,0.04,0.0,0.0,0.2503,0.0,6,6,0
0.0,0.1111,0,0.871,190.2,288.16,362,0.728,30,0.1111,0.0,0.08,0,-1.111,0.0,0,1.0,0,0,0,1.4,0.0,165.64,165.64,1,3,0,0,0.75,0.0,0.17,0.1111,0.0,0.2651,288.16,30,30,0
0.0,0.0,0,0.086,311.33,0.0,197,1.573,26,0.0,0.0,0.1,0,0.0,10.0,0,0.0,0,0,0,1.313,0.0,26.82,26.82,0,1,0,0,1.68,0.0,0.39,0.0,0.0,0.0078,0.0,26,26,0
0.667,0.4167,0,0.357,228.63,185.84,473,0.761,28,0.4167,0.6667,0.1,0,2.5,60.0,0,0.6,0,0,0,1.342,0.0,81.51,81.51,0,1,0,0,0.76,0.67,0.18,0.4167,0.0,0.3684,185.84,28,28,1
0.0,0.0,0,0.755,249.12,0.0,17,6.29,9,0.0,0.0,0.2,0,0.0,10.0,0,0.0,0,0,1,0.32,0.0,187.97,187.97,1,7,0,0,12.35,0.0,2.85,0.0,0.0,0.1078,0.0,9,9,1
0.0,0.0,0,0.313,225.26,0.0,3,35.455,2,0.0,0.0,0.05,0,0.0,10.0,0,0.0,0,0,1,1.0,0.0,70.43,70.43,5,5,0,0,50.0,0.0,11.55,0.0,0.0,0.0625,0.0,2,2,1
0.0,0.25,0,0.5,313.48,307.6,325,0.356,12,0.25,0.0,0.05,0,-2.5,0.0,0,1.0,0,0,0,0.0,0.0,156.81,156.81,0,1,0,0,0.37,0.0,0.09,0.25,0.0,0.3704,307.6,12,12,1
0.0,0.0,0,0.366,187.74,0.0,33,0.926,15,0.0,0.0,0.2,0,0.0,10.0,0,0.0,0,0,0,1.089,0.0,68.78,68.78,0,2,0,0,1.82,0.0,0.42,0.0,0.0,0.1832,0.0,15,15,0
0.667,0.5,0,0.529,241.87,263.09,145,0.837,23,0.5,0.0,0.12,0,1.667,43.3,0,0.5,0,0,0,3.083,0.0,127.96,127.96,0,1,0,0,0.83,0.67,0.19,0.5,0.0,0.6761,263.09,23,23,1
0.0,0.0,0,1.148,94.04,0.0,94,0.443,12,0.0,0.0,0.2,1,0.0,10.0,0,0.0,0,0,0,0.0,0.0,107.91,107.91,0,3,0,0,0.96,0.0,0.22,0.0,0.0,0.3825,0.0,12,12,1
0.333,0.2222,1,0.272,288.86,307.28,303,0.734,17,0.2222,0.0,0.05,0,1.111,32.2,0,1.0,0,0,0,0.0,208.99,78.63,78.63,0,3,0,1,0.89,0.33,0.21,0.2222,0.3333,0.2666,307.28,17,17,1
0.0,0.0,0,2.089,232.84,0.0,490,0.626,17,0.0,0.0,0.08,0,0.0,10.0,0,0.0,0,0,0,1.657,0.0,486.36,486.36,0,1,0,0,0.61,0.0,0.14,0.0,0.0,0.2089,0.0,17,17,0
0.667,0.75,1,0.86,240.44,251.64,138,0.701,3,0.75,0.5,0.2,0,-0.833,0.0,0,0.667,1,0,0,1.533,28.09,206.83,206.83,1,1,0,1,0.87,0.67,0.2,0.75,1.0,1.0,251.64,3,3,1
0.0,0.0,0,0.192,365.19,0.0,125,0.707,11,0.0,0.0,0.2,0,0.0,10.0,0,0.0,1,0,0,0.0,0.0,70.25,70.25,0,1,0,0,1.2,0.0,0.28,0.0,0.0,0.0385,0.0,11,11,0
1.0,0.4444,1,1.651,261.86,203.96,169,0.875,30,0.4444,0.0,0.05,1,5.556,100.0,0,0.5,0,0,0,0.0,223.67,432.28,432.28,0,2,0,1,1.6,1.0,0.37,0.4444,0.5,0.5296,203.96,30,30,1
0.0,0.2,0,1.553,282.41,235.17,737,0.423,25,0.2,0.0,0.1,0,-2.0,0.0,0,0.5,0,0,0,2.503,0.0,438.66,438.66,0,1,0,0,0.41,0.0,0.09,0.2,0.0,0.3219,235.17,25,25,0
0.0,0.0,0,1.0,450.37,0.0,152,0.259,20,0.0,0.0,0.03,0,0.0,10.0,0,0.0,0,0,0,0.0,0.0,450.37,450.37,0,1,0,0,0.2,0.0,0.05,0.0,0.0,1.0,0.0,20,20,0
0.0,0.0,0,1.148,243.35,0.0,757,0.467,15,0.0,0.0,0.2,0,0.0,10.0,0,0.0,1,0,0,2.245,0.0,279.44,279.44,0,1,0,0,0.48,0.0,0.11,0.0,0.0,0.0957,0.0,15,15,0
0.0,0.75,0,0.705,324.02,355.92,613,0.167,13,0.75,0.0,0.07,0,-7.5,0.0,0,1.0,0,0,0,0.0,0.0,228.31,228.31,0,1,0,0,0.2,0.0,0.05,0.75,0.0,1.0,355.92,13,13,1
0.0,0.0,0,1.0,118.78,0.0,21,0.123,11,0.0,0.0,0.2,0,0.0,10.0,0,0.0,0,0,1,0.0,0.0,118.78,118.78,0,1,0,0,1.43,0.0,0.33,0.0,0.0,1.0,0.0,11,11,0
0.333,0.3333,0,0.236,306.99,241.06,496,0.603,24,0.3333,0.5,0.05,0,0.0,10.0,0,0.5,0,0,0,0.0,0.0,72.32,72.32,0,3,0,0,0.73,0.33,0.17,0.3333,0.0,0.2814,241.06,24,24,1
0.0,0.0,0,0.858,270.99,0.0,119,1.875,30,0.0,0.0,0.2,0,0.0,10.0,0,0.0,0,0,0,1.08,0.0,232.48,232.48,1,2,0,0,2.27,0.0,0.52,0.0,0.0,0.0953,0.0,30,30,0
0.0,0.0,0,0.634,244.92,0.0,19,18.947,5,0.0,0.0,0.2,0,0.0,10.0,0,0.0,0,0,1,1.0,0.0,155.3,155.3,2,12,0,0,18.95,0.0,4.38,0.0,0.0,0.0528,0.0,5,5,0
0.0,0.0,0,1.773,178.95,0.0,285,1.141,15,0.0,0.0,0.2,0,0.0,10.0,0,0.0,0,0,0,0.0,0.0,317.31,317.31,0,2,0,0,1.47,0.0,0.34,0.0,0.0,0.1267,0.0,15,15,0
0.0,0.0,0,1.24,256.83,0.0,399,0.747,1,0.0,0.0,0.2,0,0.0,10.0,0,0.0,0,0,0,0.0,0.0,318.44,318.44,2,5,0,0,0.83,0.0,0.19,0.0,0.0,0.1127,0.0,1,1,0
0.667,0.625,1,1.015,330.15,305.57,252,0.54,26,0.625,0.6667,0.2,0,0.417,18.3,0,0.6,0,0,0,0.0,342.01,335.17,335.17,0,1,0,1,0.95,0.67,0.22,0.625,1.0,0.7054,305.57,26,26,1
0.333,0.5714,1,1.499,181.1,214.92,300,0.738,18,0.5714,0.5,0.1,1,-2.381,0.0,0,0.5,0,0,0,2.974,131.01,271.44,271.44,0,2,1,1,0.7,0.33,0.16,0.5714,0.5,0.8923,214.92,18,18,1
0.0,0.0,0,1.337,187.26,0.0,84,1.545,13,0.0,0.0,0.12,0,0.0,10.0,0,0.0,0,0,0,0.0,0.0,250.35,250.35,1,3,0,0,2.14,0.0,0.49,0.0,0.0,0.2228,0.0,13,13,0
0.0,0.0,0,1.099,191.24,0.0,51,0.886,1,0.0,0.0,0.12,0,0.0,10.0,0,0.0,0,0,0,0.0,0.0,210.15,210.15,1,2,0,0,2.35,0.0,0.54,0.0,0.0,0.2747,0.0,1,1,0
0.333,0.2,0,0.862,283.2,447.8,69,1.592,9,0.2,0.0,0.12,1,1.333,36.7,0,1.0,0,0,0,4.479,0.0,244.01,244.01,0,1,0,0,2.17,0.33,0.5,0.2,0.0,0.4886,447.8,9,9,1
0.0,0.0,0,1.0,256.54,0.0,56,0.449,26,0.0,0.0,0.1,0,0.0,10.0,0,0.0,0,0,0,5.611,0.0,256.54,256.54,0,1,0,0,0.54,0.0,0.12,0.0,0.0,1.0,0.0,26,26,1
0.0,0.0,0,0.607,347.52,0.0,5,6.667,4,0.0,0.0,0.08,0,0.0,10.0,0,0.0,0,0,1,0.333,0.0,210.91,210.91,3,3,0,0,18.0,0.0,4.16,0.0,0.0,0.2023,0.0,4,4,0
0.333,0.125,1,0.932,242.33,207.49,89,2.195,11,0.125,0.3333,0.2,0,2.083,51.7,0,1.0,0,0,0,0.406,207.49,225.74,225.74,2,4,0,1,2.7,0.33,0.62,0.125,0.25,0.2235,207.49,11,11,0
0.0,0.2,0,1.078,301.33,338.26,754,0.37,11,0.2,0.0,0.12,0,-2.0,0.0,0,1.0,0,0,0,0.0,0.0,324.75,324.75,0,1,0,0,0.4,0.0,0.09,0.2,0.0,0.3323,338.26,11,11,0
0.0,0.2,0,1.591,278.77,253.23,227,1.592,10,0.2,0.0,0.1,0,-2.0,0.0,0,0.5,0,0,0,3.185,0.0,443.39,443.39,0,2,0,0,1.32,0.0,0.31,0.2,0.0,0.3407,253.23,10,10,0
0.0,0.0,0,1.0,403.29,0.0,29,1.206,16,0.0,0.0,0.2,0,0.0,10.0,0,0.0,0,0,1,0.0,0.0,403.29,403.29,0,1,0,0,1.03,0.0,0.24,0.0,0.0,1.0,0.0,16,16,0
0.667,0.3333,2,1.09,292.86,232.25,33,5.455,4,0.3333,0.0,0.03,1,3.333,76.7,0,0.5,0,0,0,0.5,464.5,319.34,319.34,1,5,0,2,5.45,0.67,1.26,0.3333,0.4,0.4461,232.25,4,4,1
0.0,0.0,0,0.304,270.2,0.0,340,0.62,6,0.0,0.0,0.03,0,0.0,10.0,0,0.0,0,0,0,0.0,0.0,82.19,82.19,1,2,0,0,0.71,0.0,0.16,0.0,0.0,0.038,0.0,6,6,0
0.0,0.0,0,0.982,341.78,0.0,205,0.691,2,0.0,0.0,0.08,0,0.0,10.0,0,0.0,1,0,0,3.438,0.0,335.47,335.47,1,1,0,0,0.29,0.0,0.07,0.0,0.0,0.4908,0.0,2,2,1
0.333,0.5385,0,1.388,312.05,275.44,939,0.415,20,0.5385,0.4,0.08,0,-2.051,0.0,0,0.571,0,0,0,2.525,0.0,433.12,433.12,0,1,0,0,0.42,0.33,0.1,0.5385,0.0,0.582,275.44,20,20,1
0.333,0.1429,0,0.687,301.57,316.74,247,1.647,10,0.1429,0.0,0.2,0,1.905,48.1,0,1.0,0,0,0,1.25,0.0,207.29,207.29,1,2,0,0,1.7,0.33,0.39,0.1429,0.0,0.1991,316.74,10,10,0
0.333,0.2,1,0.698,251.24,235.69,29,4.118,26,0.2,0.0,0.03,1,1.333,36.7,0,1.0,0,0,1,1.8,235.69,175.42,175.42,2,5,1,1,5.17,0.33,1.19,0.2,0.2,0.3273,235.69,26,26,1
0.667,0.6667,1,0.29,250.1,338.92,216,0.605,1,0.6667,0.0,0.2,0,0.0,10.0,0,1.0,0,0,0,1.708,237.81,72.47,72.47,1,1,0,1,0.42,0.67,0.1,0.6667,1.0,1.0,338.92,1,1,1
0.333,0.1429,0,1.062,274.28,131.57,136,1.189,17,0.1429,0.0,0.08,0,1.905,48.1,0,0.0,1,0,0,0.0,0.0,291.35,291.35,0,1,0,0,1.54,0.33,0.36,0.1429,0.0,0.2203,131.57,17,17,0
0.667,0.4,0,1.791,222.94,284.45,80,1.477,28,0.4,0.0,0.05,0,2.667,63.3,0,0.5,0,0,0,0.65,0.0,399.21,399.21,0,2,0,0,1.88,0.67,0.43,0.4,0.0,0.8685,284.45,28,28,1
0.0,0.0,0,0.72,222.26,0.0,22,3.214,17,0.0,0.0,0.12,0,0.0,10.0,0,0.0,0,0,1,1.0,0.0,160.01,160.01,1,3,0,0,4.09,0.0,0.94,0.0,0.0,0.24,0.0,17,17,0
0.0,0.1538,0,1.381,280.89,284.85,318,1.223,18,0.1538,0.25,0.08,0,-1.538,0.0,0,0.5,0,0,0,1.752,0.0,387.96,387.96,0,2,0,0,1.23,0.0,0.28,0.1538,0.0,0.2623,284.85,18,18,0
0.0,0.0,0,1.0,440.3,0.0,165,0.3,13,0.0,0.0,0.03,0,0.0,10.0,0,0.0,0,0,0,0.0,0.0,440.3,440.3,0,1,0,0,0.18,0.0,0.04,0.0,0.0,1.0,0.0,13,13,0
0.0,0.0,0,0.667,354.23,0.0,48,0.894,4,0.0,0.0,0.03,0,0.0,10.0,0,0.0,0,0,0,0.0,0.0,236.27,236.27,1,3,0,0,3.12,0.0,0.72,0.0,0.0,0.1334,0.0,4,4,1
0.0,0.0,0,0.278,198.1,0.0,45,1.654,11,0.0,0.0,0.07,0,0.0,10.0,0,0.0,0,0,0,0.0,0.0,55.06,55.06,0,2,0,0,1.33,0.0,0.31,0.0,0.0,0.139,0.0,11,11,1
0.0,0.0,0,1.704,196.71,0.0,168,0.357,5,0.0,0.0,0.05,0,0.0,10.0,0,0.0,0,0,0,3.062,0.0,335.21,335.21,1,2,0,0,0.71,0.0,0.16,0.0,0.0,0.426,0.0,5,5,0
0.0,0.0,0,0.448,251.29,0.0,194,0.397,24,0.0,0.0,0.05,0,0.0,10.0,0,0.0,0,0,0,2.67,0.0,112.64,112.64,0,1,0,0,0.62,0.0,0.14,0.0,0.0,0.1121,0.0,24,24,0
0.0,0.0,0,0.381,205.12,0.0,26,3.75,11,0.0,0.0,0.1,1,0.0,10.0,0,0.0,0,0,1,0.74,0.0,78.21,78.21,0,2,0,0,2.31,0.0,0.53,0.0,0.0,0.1906,0.0,11,11,1
0.333,0.2,0,0.771,365.43,355.91,194,0.662,15,0.2,0.0,0.08,0,1.333,36.7,0,1.0,0,0,0,1.567,0.0,281.89,281.89,1,2,0,0,0.77,0.33,0.18,0.2,0.0,0.3491,355.91,15,15,0
0.0,0.0,0,1.178,268.94,0.0,64,2.16,27,0.0,0.0,0.2,0,0.0,10.0,0,0.0,0,0,0,0.0,0.0,316.76,316.76,1,5,0,0,2.81,0.0,0.65,0.0,0.0,0.1963,0.0,27,27,0
0.667,0.1538,2,0.722,243.8,169.0,11,35.455,3,0.1538,0.3333,0.05,0,5.128,100.0,0,0.5,0,0,1,1.0,337.99,176.1,176.1,8,13,1,2,35.45,0.67,8.19,0.1538,0.1538,0.1622,169.0,3,3,1
0.0,0.25,0,1.619,299.23,206.32,264,0.452,19,0.25,0.0,0.03,0,-2.5,0.0,0,1.0,0,0,0,0.0,0.0,484.34,484.34,0,1,0,0,0.45,0.0,0.1,0.25,0.0,0.577,206.32,19,19,1
0.0,0.0,0,0.257,258.73,0.0,312,0.537,27,0.0,0.0,0.1,0,0.0,10.0,0,0.0,0,0,0,1.928,0.0,66.54,66.54,0,3,0,0,0.77,0.0,0.18,0.0,0.0,0.0321,0.0,27,27,0
0.333,0.5,1,0.342,235.42,390.21,156,0.48,23,0.5,0.0,0.12,0,-1.667,0.0,0,1.0,0,0,0,2.175,390.21,80.63,80.63,0,1,0,1,0.38,0.33,0.09,0.5,1.0,1.0,390.21,23,23,1
1.333,0.4444,1,1.295,268.6,274.97,132,1.654,19,0.4444,0.0,0.1,0,8.889,100.0,0,0.75,0,0,0,0.0,327.89,347.81,347.81,1,3,0,1,2.05,1.33,0.47,0.4444,0.3333,0.5989,274.97,19,19,1
0.0,0.0,0,1.079,328.09,0.0,238,1.183,21,0.0,0.0,0.07,0,0.0,10.0,0,0.0,0,0,0,1.844,0.0,354.02,354.02,0,2,0,0,1.13,0.0,0.26,0.0,0.0,0.1199,0.0,21,21,0
0.0,0.5,0,1.859,209.05,58.43,218,0.938,11,0.5,0.0,0.1,1,-5.0,0.0,0,0.0,0,0,0,0.0,0.0,388.57,388.57,1,2,0,0,0.83,0.0,0.19,0.5,0.0,0.4495,58.43,11,11,1
0.0,0.0,0,1.417,255.38,0.0,41,8.125,28,0.0,0.0,0.2,0,0.0,10.0,0,0.0,0,0,0,2.0,0.0,361.85,361.85,3,10,0,0,8.05,0.0,1.86,0.0,0.0,0.1288,0.0,28,28,0
0.0,0.0,0,0.692,148.88,0.0,187,0.278,2,0.0,0.0,0.12,0,0.0,10.0,0,0.0,0,0,0,0.0,0.0,103.03,103.03,1,2,0,0,0.32,0.0,0.07,0.0,0.0,0.346,0.0,2,2,0
0.667,0.4167,1,0.891,288.83,356.79,237,1.531,18,0.4167,0.6667,0.12,0,2.5,60.0,0,1.0,0,0,0,2.2,324.02,257.29,257.29,0,2,0,1,1.52,0.67,0.35,0.4167,0.5,0.5889,356.79,18,18,1
2.667,0.6,3,1.783,238.19,227.49,164,2.744,22,0.6,0.0,0.03,1,20.667,100.0,0,0.667,0,1,0,1.117,768.9,424.75,424.75,0,3,1,3,2.74,2.67,0.63,0.6,1.0,0.6919,227.49,22,22,1
0.0,0.0,0,1.428,349.49,0.0,820,0.448,14,0.0,0.0,0.2,0,0.0,10.0,0,0.0,0,0,0,2.328,0.0,499.13,499.13,0,1,0,0,0.33,0.0,0.08,0.0,0.0,0.1587,0.0,14,14,0
0.0,0.0,0,0.198,318.56,0.0,89,0.683,17,0.0,0.0,0.12,0,0.0,10.0,0,0.0,0,0,0,1.506,0.0,63.02,63.02,0,2,0,0,1.01,0.0,0.23,0.0,0.0,0.0659,0.0,17,17,1
0.0,0.375,0,1.139,336.21,316.76,394,0.583,8,0.375,0.0,0.08,1,-3.75,0.0,0,0.667,0,0,0,1.819,0.0,382.91,382.91,0,2,0,0,0.61,0.0,0.14,0.375,0.0,0.4957,316.76,8,8,1
0.0,0.0,0,0.36,192.26,0.0,40,0.282,21,0.0,0.0,0.03,1,0.0,10.0,0,0.0,0,0,0,0.0,0.0,69.22,69.22,0,2,0,0,1.5,0.0,0.35,0.0,0.0,0.18,0.0,21,21,1
0.0,0.0,0,1.0,285.69,0.0,47,1.204,21,0.0,0.0,0.12,0,0.0,10.0,0,0.0,0,0,0,2.94,0.0,285.69,285.69,0,1,0,0,0.64,0.0,0.15,0.0,0.0,1.0,0.0,21,21,0
0.0,0.4615,0,1.149,216.44,250.76,657,0.544,22,0.4615,0.5,0.05,0,-4.615,0.0,0,0.667,0,0,0,1.903,0.0,248.63,248.63,0,1,0,0,0.59,0.0,0.14,0.4615,0.0,0.6231,250.76,22,22,1
0.333,0.1667,0,1.115,302.19,200.28,66,2.647,30,0.1667,0.0,0.1,0,1.667,43.3,0,1.0,0,0,0,0.686,0.0,336.81,336.81,1,4,0,0,2.73,0.33,0.63,0.1667,0.0,0.2962,200.28,30,30,0
0.667,0.2857,2,0.912,177.05,216.88,21,4.787,19,0.2857,0.0,0.1,0,3.81,86.2,1,1.0,0,0,1,0.776,433.76,161.43,161.43,3,7,2,2,10.0,0.67,2.31,0.2857,0.2857,0.4802,216.88,19,19,1
0.0,0.0,0,1.142,240.04,0.0,40,10.465,6,0.0,0.0,0.05,0,0.0,10.0,0,0.0,0,0,0,0.867,0.0,274.07,274.07,4,10,0,0,10.5,0.0,2.42,0.0,0.0,0.0816,0.0,6,6,0
0.333,0.3333,0,0.442,350.12,477.39,189,0.503,30,0.3333,0.0,0.07,0,0.0,10.0,0,1.0,0,0,0,2.233,0.0,154.68,154.68,1,2,0,0,0.48,0.33,0.11,0.3333,0.0,0.6018,477.39,30,30,1
0.667,0.2857,0,1.55,197.82,147.6,125,1.818,27,0.2857,0.0,0.1,0,3.81,86.2,0,0.5,0,0,0,1.125,0.0,306.71,306.71,0,2,0,0,1.68,0.67,0.39,0.2857,0.0,0.4347,147.6,27,27,1
0.333,0.3333,0,1.36,56.64,61.0,162,0.827,22,0.3333,0.0,0.03,0,0.0,10.0,0,0.0,0,0,0,1.224,0.0,77.01,77.01,0,1,0,0,0.56,0.33,0.13,0.3333,0.0,0.8123,61.0,22,22,1
2.333,0.5,2,1.502,249.01,226.64,147,2.744,8,0.5,0.5,0.05,1,18.333,100.0,0,0.714,0,0,0,1.117,518.2,374.08,374.08,1,4,1,2,2.86,2.33,0.66,0.5,0.5,0.5624,226.64,8,8,1
0.0,0.0,0,1.0,186.97,0.0,16,0.673,13,0.0,0.0,0.12,0,0.0,10.0,0,0.0,0,0,1,3.407,0.0,186.97,186.97,0,1,0,0,1.88,0.0,0.43,0.0,0.0,1.0,0.0,13,13,1
0.333,0.4,0,0.282,280.36,228.92,247,0.761,16,0.4,0.0,0.07,0,-0.667,0.0,0,0.5,0,0,0,1.336,0.0,78.93,78.93,0,1,0,0,0.61,0.33,0.14,0.4,0.0,0.3829,228.92,16,16,1
0.0,0.3636,0,1.748,214.27,175.6,715,0.449,2,0.3636,0.0,0.05,0,-3.636,0.0,0,0.25,0,0,0,0.0,0.0,374.54,374.54,1,1,0,0,0.46,0.0,0.11,0.3636,0.0,0.4569,175.6,2,2,1
0.0,0.0,0,2.269,123.79,0.0,327,0.46,15,0.0,0.0,0.1,0,0.0,10.0,0,0.0,0,0,0,0.0,0.0,280.83,280.83,0,1,0,0,0.28,0.0,0.06,0.0,0.0,0.7562,0.0,15,15,0
0.0,0.3571,0,0.544,259.54,300.02,344,1.214,14,0.3571,0.3333,0.03,0,-3.571,0.0,0,0.8,0,0,0,0.81,0.0,141.12,141.12,0,1,0,0,1.22,0.0,0.28,0.3571,0.0,0.4517,300.02,14,14,1
1.333,0.8,1,0.127,166.08,202.35,87,1.329,9,0.8,0.0,0.12,1,5.333,100.0,0,0.25,0,0,0,0.0,122.92,21.01,21.01,0,1,0,1,1.72,1.33,0.4,0.8,1.0,1.0,202.35,9,9,1
0.0,0.0,0,0.121,245.08,0.0,374,0.714,3,0.0,0.0,0.2,0,0.0,10.0,0,0.0,0,0,0,0.0,0.0,29.74,29.74,1,2,0,0,0.96,0.0,0.22,0.0,0.0,0.0101,0.0,3,3,0
0.0,0.0,0,1.878,237.5,0.0,36,3.488,8,0.0,0.0,0.08,0,0.0,10.0,0,0.0,1,0,0,1.2,0.0,446.06,446.06,2,3,0,0,2.5,0.0,0.58,0.0,0.0,0.6261,0.0,8,8,1
0.0,0.2,0,0.634,254.0,364.93,443,0.66,15,0.2,0.0,0.1,0,-2.0,0.0,0,1.0,1,0,0,1.567,0.0,160.99,160.99,0,2,0,0,0.68,0.0,0.16,0.2,0.0,0.3507,364.93,15,15,0
0.0,0.0,0,0.947,265.11,0.0,183,0.537,20,0.0,0.0,0.08,0,0.0,10.0,0,0.0,0,0,0,1.928,0.0,251.08,251.08,0,1,0,0,0.49,0.0,0.11,0.0,0.0,0.3157,0.0,20,20,0
0.0,0.0,0,1.101,240.7,0.0,83,2.419,1,0.0,0.0,0.12,0,0.0,10.0,0,0.0,0,0,0,0.8,0.0,265.13,265.13,2,4,0,0,3.25,0.0,0.75,0.0,0.0,0.1224,0.0,1,1,0
0.333,0.1538,0,1.545,272.6,230.28,207,1.884,12,0.1538,0.0,0.2,0,1.795,45.9,0,0.5,0,0,0,1.77,0.0,421.04,421.04,1,3,0,0,1.88,0.33,0.44,0.1538,0.0,0.2488,230.28,12,12,0
0.0,0.125,0,0.786,277.38,224.41,604,0.425,22,0.125,0.0,0.12,0,-1.25,0.0,0,1.0,0,0,0,2.459,0.0,218.09,218.09,0,1,0,0,0.4,0.0,0.09,0.125,0.0,0.1994,224.41,22,22,0
0.0,0.5,0,1.081,266.56,289.02,552,0.435,17,0.5,0.3333,0.12,0,-5.0,0.0,0,0.5,0,0,0,2.486,0.0,288.17,288.17,0,1,0,0,0.43,0.0,0.1,0.5,0.0,0.6773,289.02,17,17,1
0.0,0.0,0,1.129,83.0,0.0,68,0.484,12,0.0,0.0,0.05,0,0.0,10.0,0,0.0,0,0,0,0.0,0.0,93.74,93.74,0,1,0,0,0.88,0.0,0.2,0.0,0.0,0.5647,0.0,12,12,1
0.333,0.3333,0,1.623,217.59,139.53,393,0.394,16,0.3333,0.5,0.07,0,0.0,10.0,0,0.0,0,0,0,0.0,0.0,353.1,353.1,0,1,0,0,0.23,0.33,0.05,0.3333,0.0,0.7547,139.53,16,16,1
0.333,0.3077,0,1.017,364.58,359.89,315,0.894,5,0.3077,0.0,0.07,0,0.256,15.1,0,1.0,0,0,0,0.0,0.0,370.71,370.71,2,3,0,0,1.24,0.33,0.29,0.3077,0.0,0.382,359.89,5,5,1
0.0,0.1667,0,1.264,341.7,408.32,594,0.32,3,0.1667,0.0,0.12,0,-1.667,0.0,0,1.0,0,0,0,3.483,0.0,431.98,431.98,1,1,0,0,0.3,0.0,0.07,0.1667,0.0,0.4099,408.32,3,3,1
1.333,0.4,1,1.468,283.12,263.38,386,1.09,17,0.4,0.3333,0.05,1,9.333,100.0,0,0.5,0,0,0,0.0,59.8,415.6,415.6,0,2,0,1,1.17,1.33,0.27,0.4,0.5,0.47,263.38,17,17,1
0.0,0.2857,0,0.867,151.12,89.17,515,0.349,15,0.2857,0.0,0.03,1,-2.857,0.0,0,0.0,0,0,0,3.129,0.0,131.03,131.03,0,1,0,0,0.41,0.0,0.09,0.2857,0.0,0.2925,89.17,15,15,1
0.0,0.5833,0,1.57,275.57,251.58,542,0.594,8,0.5833,0.0,0.03,0,-5.833,0.0,0,0.857,0,0,0,0.0,0.0,432.63,432.63,0,1,0,0,0.66,0.0,0.15,0.5833,0.0,0.6634,251.58,8,8,1
0.0,0.0,0,0.626,301.06,0.0,244,1.164,21,0.0,0.0,0.08,0,0.0,10.0,0,0.0,0,0,0,0.847,0.0,188.58,188.58,0,4,0,0,1.35,0.0,0.31,0.0,0.0,0.0569,0.0,21,21,1
0.0,0.0,0,1.538,302.65,0.0,613,0.558,4,0.0,0.0,0.05,0,0.0,10.0,0,0.0,0,0,0,0.0,0.0,465.38,465.38,1,1,0,0,0.54,0.0,0.12,0.0,0.0,0.1398,0.0,4,4,0
0.0,0.0,0,0.554,332.15,0.0,68,0.166,10,0.0,0.0,0.1,1,0.0,10.0,0,0.0,0,0,0,0.0,0.0,183.94,183.94,0,1,0,0,0.88,0.0,0.2,0.0,0.0,0.2769,0.0,10,10,1
0.0,0.0,0,0.485,294.45,0.0,454,0.415,5,0.0,0.0,0.08,0,0.0,10.0,0,0.0,0,0,0,0.0,0.0,142.94,142.94,1,1,0,0,0.33,0.0,0.08,0.0,0.0,0.0971,0.0,5,5,0
0.0,0.0,0,1.0,447.1,0.0,17,2.308,15,0.0,0.0,0.07,0,0.0,10.0,0,0.0,0,0,1,0.6,0.0,447.1,447.1,0,1,0,0,1.76,0.0,0.41,0.0,0.0,1.0,0.0,15,15,0
0.667,0.6667,1,1.287,232.57,199.16,78,0.432,29,0.6667,0.5,0.12,1,0.0,10.0,0,0.5,0,0,0,0.0,21.34,299.39,299.39,0,1,0,1,1.15,0.67,0.27,0.6667,1.0,1.0,199.16,29,29,1
0.0,0.0,0,0.162,187.54,0.0,71,2.407,10,0.0,0.0,0.2,0,0.0,10.0,0,0.0,0,0,0,0.8,0.0,30.41,30.41,0,4,0,0,2.96,0.0,0.68,0.0,0.0,0.0232,0.0,10,10,0
0.0,0.0,0,0.44,260.05,0.0,171,0.483,24,0.0,0.0,0.08,1,0.0,10.0,0,0.0,0,0,0,0.0,0.0,114.42,114.42,1,3,0,0,0.88,0.0,0.2,0.0,0.0,0.088,0.0,24,24,1
0.0,0.0,0,1.064,342.65,0.0,295,0.642,29,0.0,0.0,0.2,0,0.0,10.0,0,0.0,1,0,0,0.0,0.0,364.55,364.55,0,2,0,0,0.81,0.0,0.19,0.0,0.0,0.133,0.0,29,29,0
0.0,0.0,0,0.98,306.77,0.0,26,1.062,18,0.0,0.0,0.1,0,0.0,10.0,0,0.0,0,0,1,0.922,0.0,300.55,300.55,1,2,0,0,2.31,0.0,0.53,0.0,0.0,0.4899,0.0,18,18,0
0.333,0.25,0,0.867,223.7,313.2,799,0.331,13,0.25,0.0,0.12,1,0.833,26.7,0,0.5,0,0,0,0.0,0.0,193.96,193.96,0,1,0,0,0.3,0.33,0.07,0.25,0.0,0.4584,313.2,13,13,1
0.0,0.3333,0,1.483,319.06,277.87,714,0.096,9,0.3333,0.0,0.03,0,-3.333,0.0,0,1.0,1,0,0,0.0,0.0,473.05,473.05,0,1,0,0,0.13,0.0,0.03,0.3333,0.0,0.7845,277.87,9,9,1
0.0,0.1667,0,1.431,294.12,352.88,313,0.388,27,0.1667,0.0,0.2,0,-1.667,0.0,0,1.0,0,0,0,2.737,0.0,420.92,420.92,0,1,0,0,0.58,0.0,0.13,0.1667,0.0,0.4385,352.88,27,27,0
0.333,0.6,0,1.982,191.13,168.17,275,0.484,24,0.6,0.0,0.08,0,-2.667,0.0,0,0.333,0,0,0,0.0,0.0,378.88,378.88,0,1,0,0,0.55,0.33,0.13,0.6,0.0,0.9244,168.17,24,24,1
0.0,0.5,0,0.828,154.67,181.23,332,0.22,22,0.5,0.0,0.1,0,-5.0,0.0,0,0.0,0,0,0,0.0,0.0,128.11,128.11,0,1,0,0,0.18,0.0,0.04,0.5,0.0,1.0,181.23,22,22,0
0.0,0.0,0,1.721,289.72,0.0,256,0.529,5,0.0,0.0,0.1,0,0.0,10.0,0,0.0,0,0,0,0.0,0.0,498.74,498.74,1,2,0,0,0.7,0.0,0.16,0.0,0.0,0.2869,0.0,5,5,0
0.0,0.25,0,1.191,296.05,357.56,517,0.448,11,0.25,0.0,0.07,0,-2.5,0.0,0,1.0,0,0,0,0.0,0.0,352.45,352.45,0,1,0,0,0.46,0.0,0.11,0.25,0.0,0.4508,357.56,11,11,1
0.667,0.5,2,0.625,292.4,301.5,346,1.018,26,0.5,0.6667,0.12,0,1.667,43.3,0,0.667,0,0,0,0.981,451.37,182.8,182.8,1,4,1,2,1.04,0.67,0.24,0.5,0.5,0.5677,301.5,26,26,1
0.0,0.0,0,1.033,174.43,0.0,323,0.304,26,0.0,0.0,0.2,0,0.0,10.0,0,0.0,0,0,0,0.0,0.0,180.24,180.24,0,2,0,0,0.19,0.0,0.04,0.0,0.0,0.5167,0.0,26,26,0
0.0,0.0909,0,1.548,240.83,408.52,554,0.612,16,0.0909,0.0,0.1,0,-0.909,0.0,0,1.0,0,0,0,3.644,0.0,372.78,372.78,0,2,0,0,0.6,0.0,0.14,0.0909,0.0,0.2949,408.52,16,16,0
0.667,0.625,0,1.568,310.12,337.67,277,0.948,20,0.625,0.0,0.08,1,0.417,18.3,0,0.8,0,0,0,1.06,0.0,486.4,486.4,0,1,0,0,0.87,0.67,0.2,0.625,0.0,0.8766,337.67,20,20,1
0.0,0.0,0,1.024,303.98,0.0,188,0.319,27,0.0,0.0,0.12,0,0.0,10.0,0,0.0,0,0,0,0.0,0.0,311.37,311.37,0,1,0,0,0.48,0.0,0.11,0.0,0.0,0.3414,0.0,27,27,1
1.0,0.4167,2,0.606,295.09,352.38,163,2.209,9,0.4167,0.0,0.12,0,5.833,100.0,0,1.0,0,0,0,1.478,939.46,178.82,178.82,0,3,1,2,2.21,1.0,0.51,0.4167,0.6667,0.5481,352.38,9,9,1
0.0,0.0,0,1.0,332.21,0.0,58,0.264,19,0.0,0.0,0.1,0,0.0,10.0,0,0.0,0,0,0,4.711,0.0,332.21,332.21,0,1,0,0,0.52,0.0,0.12,0.0,0.0,1.0,0.0,19,19,1
0.0,0.0,0,0.851,271.78,0.0,453,0.349,18,0.0,0.0,0.2,0,0.0,10.0,0,0.0,0,0,0,0.0,0.0,231.27,231.27,0,1,0,0,0.4,0.0,0.09,0.0,0.0,0.1418,0.0,18,18,0
0.333,0.3333,1,1.174,270.21,38.56,141,0.676,10,0.3333,0.5,0.07,0,0.0,10.0,0,0.0,0,0,0,1.515,38.56,317.24,317.24,1,3,1,1,0.64,0.33,0.15,0.3333,0.3333,0.4389,38.56,10,10,1
0.0,0.4545,0,0.421,235.85,254.83,909,0.349,7,0.4545,0.3333,0.07,0,-4.545,0.0,0,0.6,0,0,0,0.0,0.0,99.26,99.26,1,1,0,0,0.36,0.0,0.08,0.4545,0.0,0.5294,254.83,7,7,1
0.0,0.0,0,0.882,408.29,0.0,9,2.593,1,0.0,0.0,0.2,0,0.0,10.0,0,0.0,1,0,1,1.275,0.0,360.19,360.19,1,2,0,0,6.67,0.0,1.54,0.0,0.0,0.4411,0.0,1,1,0
0.0,0.0,0,0.358,82.62,0.0,76,0.407,26,0.0,0.0,0.12,0,0.0,10.0,0,0.0,0,0,0,0.0,0.0,29.57,29.57,1,2,0,0,0.79,0.0,0.18,0.0,0.0,0.179,0.0,26,26,1
0.667,0.5833,0,0.755,233.59,222.35,189,1.586,2,0.5833,0.0,0.2,0,0.833,26.7,0,0.571,0,0,0,0.0,0.0,176.29,176.29,1,3,0,0,1.9,0.67,0.44,0.5833,0.0,0.6182,222.35,2,2,1
0.0,0.1667,0,1.776,222.92,235.3,399,0.853,21,0.1667,0.2,0.08,0,-1.667,0.0,0,0.5,0,0,0,0.0,0.0,395.92,395.92,0,2,0,0,0.9,0.0,0.21,0.1667,0.0,0.3239,235.3,21,21,0
0.333,0.1429,1,1.156,281.83,288.83,21,6.429,3,0.1429,0.0,0.07,0,1.905,48.1,0,1.0,0,0,1,0.32,288.83,325.89,325.89,2,7,1,1,10.0,0.33,2.31,0.1429,0.1429,0.3116,288.83,3,3,1
0.333,0.1111,0,1.222,287.89,269.77,272,0.658,19,0.1111,0.0,0.2,0,2.222,54.4,0,1.0,0,0,0,1.564,0.0,351.82,351.82,0,1,0,0,0.99,0.33,0.23,0.1111,0.0,0.2399,269.77,19,19,0
0.333,0.5,0,1.825,270.16,47.29,64,1.741,3,0.5,0.0,0.1,1,-1.667,0.0,0,0.0,0,0,0,1.94,0.0,493.03,493.03,1,1,0,0,0.94,0.33,0.22,0.5,0.0,1.0,47.29,3,3,1
0.0,0.1429,0,1.194,289.53,447.22,369,0.677,15,0.1429,0.0,0.12,0,-1.429,0.0,0,1.0,0,0,0,1.512,0.0,345.67,345.67,0,1,0,0,0.57,0.0,0.13,0.1429,0.0,0.3912,447.22,15,15,0
0.0,0.3333,0,1.926,220.48,259.71,610,0.442,26,0.3333,0.0,0.03,0,-3.333,0.0,0,1.0,0,0,0,2.359,0.0,424.66,424.66,0,1,0,0,0.3,0.0,0.07,0.3333,0.0,0.7136,259.71,26,26,1
0.0,0.0,0,1.0,183.62,0.0,31,0.569,14,0.0,0.0,0.2,1,0.0,10.0,0,0.0,0,0,0,0.0,0.0,183.62,183.62,0,1,0,0,0.97,0.0,0.22,0.0,0.0,1.0,0.0,14,14,1
0.333,0.5,1,1.07,337.82,314.34,44,1.071,14,0.5,0.0,0.08,0,-1.667,0.0,0,1.0,0,0,0,0.0,314.34,361.31,361.31,0,1,0,1,1.36,0.33,0.31,0.5,1.0,1.0,314.34,14,14,1
0.333,0.25,1,0.352,285.76,437.58,102,1.127,10,0.25,0.0,0.1,0,0.833,26.7,0,1.0,0,0,0,0.871,437.58,100.52,100.52,0,2,0,1,1.18,0.33,0.27,0.25,0.5,0.4708,437.58,10,10,1
0.0,0.4545,0,0.563,224.02,165.84,242,1.123,5,0.4545,0.0,0.05,0,-4.545,0.0,0,0.4,0,0,0,0.0,0.0,126.17,126.17,2,2,0,0,1.36,0.0,0.31,0.4545,0.0,0.3877,165.84,5,5,1
0.0,0.1111,0,1.302,238.57,271.04,513,0.568,22,0.1111,0.0,0.2,0,-1.111,0.0,0,1.0,0,0,0,0.0,0.0,310.64,310.64,1,3,0,0,0.53,0.0,0.12,0.1111,0.0,0.2709,271.04,22,22,0
0.667,0.6667,2,1.123,201.4,189.02,27,3.333,9,0.6667,0.5,0.08,0,0.0,10.0,0,0.0,0,0,1,1.0,378.05,226.15,226.15,0,3,0,2,3.33,0.67,0.77,0.6667,0.6667,1.0,189.02,9,9,1
1.0,0.375,3,0.725,153.22,255.81,114,2.105,2,0.375,0.0,0.2,0,6.25,100.0,0,0.667,0,0,0,1.68,767.44,111.02,111.02,1,3,1,3,2.11,1.0,0.49,0.375,1.0,0.7167,255.81,2,2,1
0.333,0.75,0,1.318,320.95,286.95,515,0.246,18,0.75,0.5,0.12,1,-4.167,0.0,0,0.667,0,0,0,0.0,0.0,422.95,422.95,0,1,0,0,0.23,0.33,0.05,0.75,0.0,1.0,286.95,18,18,1
0.0,0.1111,0,1.453,246.47,228.94,839,0.352,6,0.1111,0.0,0.07,0,-1.111,0.0,0,1.0,0,0,0,0.0,0.0,358.04,358.04,1,2,0,0,0.32,0.0,0.07,0.1111,0.0,0.2646,228.94,6,6,0
0.0,0.2,0,1.216,300.23,456.09,331,0.829,4,0.2,0.0,0.2,0,-2.0,0.0,0,1.0,0,0,0,0.0,0.0,364.96,364.96,1,1,0,0,0.91,0.0,0.21,0.2,0.0,0.4254,456.09,4,4,0
0.333,0.3333,0,1.019,224.49,74.88,398,0.211,1,0.3333,0.0,0.05,1,0.0,10.0,0,0.0,0,0,0,0.0,0.0,228.69,228.69,1,1,0,0,0.23,0.33,0.05,0.3333,0.0,0.4508,74.88,1,1,1
0.0,0.0,0,0.175,169.85,0.0,391,0.537,4,0.0,0.0,0.08,0,0.0,10.0,0,0.0,0,0,0,2.006,0.0,29.74,29.74,1,1,0,0,0.54,0.0,0.12,0.0,0.0,0.025,0.0,4,4,0
0.0,0.0,0,1.643,243.88,0.0,103,1.22,11,0.0,0.0,0.1,0,0.0,10.0,0,0.0,0,0,0,0.803,0.0,400.73,400.73,0,1,0,0,1.46,0.0,0.34,0.0,0.0,0.3286,0.0,11,11,0
0.0,0.0,0,1.316,157.08,0.0,252,0.716,3,0.0,0.0,0.08,0,0.0,10.0,0,0.0,0,0,0,3.153,0.0,206.72,206.72,1,1,0,0,0.6,0.0,0.14,0.0,0.0,0.2632,0.0,3,3,0
0.333,0.3333,0,0.594,341.61,465.36,359,0.396,29,0.3333,0.0,0.12,0,0.0,10.0,0,1.0,0,0,0,0.0,0.0,202.87,202.87,0,1,0,0,0.5,0.33,0.12,0.3333,0.0,0.5531,465.36,29,29,1
0.0,0.0,0,1.16,426.95,0.0,214,0.257,18,0.0,0.0,0.03,0,0.0,10.0,0,0.0,1,0,0,0.0,0.0,495.45,495.45,0,1,0,0,0.28,0.0,0.06,0.0,0.0,0.5802,0.0,18,18,1
1.0,0.4286,1,0.179,254.14,288.17,94,2.063,28,0.4286,0.0,0.12,0,5.714,100.0,0,1.0,0,0,0,1.59,272.36,45.46,45.46,0,3,0,1,2.23,1.0,0.52,0.4286,0.3333,0.5115,288.17,28,28,1
0.0,0.0,0,1.0,175.62,0.0,24,0.489,9,0.0,0.0,0.05,0,0.0,10.0,0,0.0,0,0,1,2.159,0.0,175.62,175.62,0,1,0,0,1.25,0.0,0.29,0.0,0.0,1.0,0.0,9,9,0
0.0,0.2857,0,1.517,235.79,320.98,623,0.294,22,0.2857,0.0,0.12,0,-2.857,0.0,0,1.0,0,0,0,0.0,0.0,357.75,357.75,0,1,0,0,0.34,0.0,0.08,0.2857,0.0,0.6057,320.98,22,22,0
0.333,0.6,0,0.414,274.46,300.4,282,0.372,6,0.6,0.5,0.07,0,-2.667,0.0,0,0.667,0,0,0,0.0,0.0,113.76,113.76,1,1,0,0,0.53,0.33,0.12,0.6,0.0,0.7396,300.4,6,6,1
0.333,0.1667,0,1.134,219.56,67.28,248,1.429,16,0.1667,0.0,0.12,0,1.667,43.3,0,0.0,0,0,0,2.43,0.0,248.99,248.99,2,4,0,0,1.45,0.33,0.34,0.1667,0.0,0.1456,67.28,16,16,1
0.0,0.2857,0,0.647,228.55,124.4,201,0.662,5,0.2857,0.0,0.2,0,-2.857,0.0,0,0.0,0,0,0,0.0,0.0,147.95,147.95,2,3,0,0,1.04,0.0,0.24,0.2857,0.0,0.248,124.4,5,5,1
0.0,0.5,0,0.099,276.76,322.89,866,0.304,11,0.5,0.5,0.2,1,-5.0,0.0,0,0.75,0,0,0,3.579,0.0,27.47,27.47,0,1,0,0,0.28,0.0,0.06,0.5,0.0,0.5958,322.89,11,11,1
0.333,0.5,1,1.565,301.3,131.08,26,3.158,23,0.5,0.5,0.08,0,-1.667,0.0,0,0.0,0,0,1,1.907,131.08,471.52,471.52,0,2,0,1,2.31,0.33,0.53,0.5,0.5,1.0,131.08,23,23,1
0.0,0.0,0,1.253,285.89,0.0,488,0.39,6,0.0,0.0,0.07,0,0.0,10.0,0,0.0,0,0,0,0.0,0.0,358.16,358.16,1,1,0,0,0.37,0.0,0.09,0.0,0.0,0.2088,0.0,6,6,0
0.0,0.0,0,0.198,174.2,0.0,94,1.677,26,0.0,0.0,0.2,0,0.0,10.0,0,0.0,0,0,0,1.248,0.0,34.46,34.46,0,2,0,0,1.91,0.0,0.44,0.0,0.0,0.033,0.0,26,26,0
0.0,0.0,0,0.722,301.71,0.0,247,0.413,28,0.0,0.0,0.08,0,0.0,10.0,0,0.0,1,0,0,0.0,0.0,217.88,217.88,0,1,0,0,0.49,0.0,0.11,0.0,0.0,0.1805,0.0,28,28,0
0.333,0.3,0,1.692,260.69,203.85,301,0.993,4,0.3,0.0,0.2,1,0.333,16.7,0,0.333,0,0,0,3.525,0.0,441.11,441.11,2,3,0,0,1.0,0.33,0.23,0.3,0.0,0.4038,203.85,4,4,1
2.0,0.4286,5,1.473,324.27,294.19,52,8.077,5,0.4286,0.2857,0.08,1,15.714,100.0,0,0.833,0,0,0,0.2,1297.76,477.64,477.64,1,3,1,5,8.08,2.0,1.87,0.4286,1.6667,0.494,294.19,5,5,1
0.333,0.5,0,1.199,232.63,244.37,222,0.572,18,0.5,0.0,0.2,0,-1.667,0.0,0,1.0,0,0,0,1.815,0.0,278.94,278.94,0,1,0,0,0.81,0.33,0.19,0.5,0.0,0.7251,244.37,18,18,1
0.0,0.0,0,0.509,257.58,0.0,25,0.656,10,0.0,0.0,0.2,0,0.0,10.0,0,0.0,0,0,1,0.0,0.0,131.16,131.16,1,2,0,0,2.4,0.0,0.55,0.0,0.0,0.2546,0.0,10,10,0
1.0,0.5,3,1.039,207.94,174.91,42,3.75,3,0.5,0.5,0.2,1,5.0,100.0,0,0.333,0,0,0,0.74,524.72,215.96,215.96,2,5,1,3,4.29,1.0,0.99,0.5,0.6,0.5937,174.91,3,3,1
0.667,0.5714,0,0.134,181.61,219.22,380,1.054,20,0.5714,0.3333,0.05,0,0.952,29.0,0,0.5,0,0,0,0.945,0.0,24.39,24.39,0,1,0,0,1.11,0.67,0.26,0.5714,0.0,0.6994,219.22,20,20,1
0.0,0.0,0,1.0,420.56,0.0,68,0.441,27,0.0,0.0,0.1,0,0.0,10.0,0,0.0,0,0,0,0.0,0.0,420.56,420.56,0,1,0,0,0.44,0.0,0.1,0.0,0.0,1.0,0.0,27,27,1
0.0,0.0,0,1.83,193.41,0.0,28,2.877,22,0.0,0.0,0.2,0,0.0,10.0,0,0.0,0,0,1,1.055,0.0,353.9,353.9,0,3,0,0,3.21,0.0,0.74,0.0,0.0,0.6099,0.0,22,22,0
0.0,0.0,0,1.016,203.45,0.0,575,0.176,24,0.0,0.0,0.1,0,0.0,10.0,0,0.0,0,0,0,6.858,0.0,206.74,206.74,0,1,0,0,0.16,0.0,0.04,0.0,0.0,0.3387,0.0,24,24,1
0.0,0.0,0,1.147,358.6,0.0,164,0.111,24,0.0,0.0,0.03,0,0.0,10.0,0,0.0,0,0,0,0.0,0.0,411.42,411.42,0,2,0,0,0.37,0.0,0.08,0.0,0.0,0.5736,0.0,24,24,1
0.0,0.0,0,1.885,192.85,0.0,372,0.482,24,0.0,0.0,0.1,0,0.0,10.0,0,0.0,0,0,0,0.0,0.0,363.5,363.5,0,1,0,0,0.56,0.0,0.13,0.0,0.0,0.2693,0.0,24,24,0
0.333,0.4,0,1.468,275.12,236.05,345,0.977,11,0.4,0.5,0.12,0,-0.667,0.0,0,0.5,0,0,0,2.236,0.0,403.81,403.81,0,2,0,0,0.87,0.33,0.2,0.4,0.0,0.49,236.05,11,11,1
0.333,0.5,0,1.391,177.28,107.88,213,0.305,4,0.5,0.5,0.03,1,-1.667,0.0,0,0.0,0,0,0,0.0,0.0,246.69,246.69,1,1,0,0,0.28,0.33,0.07,0.5,0.0,1.0,107.88,4,4,1
1.333,0.6667,2,1.972,216.3,201.28,91,1.586,16,0.6667,0.5,0.12,0,6.667,100.0,0,0.5,0,0,0,0.0,397.86,426.47,426.47,0,3,1,2,1.98,1.33,0.46,0.6667,0.6667,0.949,201.28,16,16,1
0.0,0.0,0,1.0,342.21,0.0,9,3.889,2,0.0,0.0,0.07,0,0.0,10.0,0,0.0,0,0,1,1.95,0.0,342.21,342.21,1,1,0,0,3.33,0.0,0.77,0.0,0.0,1.0,0.0,2,2,0
0.333,0.5,1,1.318,245.74,167.7,43,0.513,14,0.5,0.5,0.2,0,-1.667,0.0,0,0.0,0,0,0,0.0,167.7,323.78,323.78,0,1,0,1,1.4,0.33,0.32,0.5,1.0,1.0,167.7,14,14,1
0.0,0.1111,0,0.871,273.86,492.81,454,0.53,25,0.1111,0.0,0.12,0,-1.111,0.0,0,1.0,0,0,0,0.0,0.0,238.48,238.48,0,1,0,0,0.59,0.0,0.14,0.1111,0.0,0.2967,492.81,25,25,0
2.0,0.5455,3,1.64,276.47,219.3,85,3.882,3,0.5455,0.3333,0.1,0,14.545,100.0,1,0.333,0,0,0,1.528,569.69,453.47,453.47,1,5,3,3,3.88,2.0,0.9,0.5455,0.6,0.5818,219.3,3,3,1
0.0,0.0,0,0.803,112.91,0.0,779,0.249,5,0.0,0.0,0.1,0,0.0,10.0,0,0.0,0,0,0,4.517,0.0,90.68,90.68,1,1,0,0,0.23,0.0,0.05,0.0,0.0,0.1339,0.0,5,5,0
0.667,0.6,0,1.02,162.83,160.08,373,0.804,13,0.6,0.0,0.07,0,0.667,23.3,0,0.333,0,0,0,2.858,0.0,166.08,166.08,0,2,0,0,0.8,0.67,0.19,0.6,0.0,0.6918,160.08,13,13,1
0.0,0.0,0,0.444,302.36,0.0,386,0.181,9,0.0,0.0,0.07,0,0.0,10.0,0,0.0,0,0,0,0.0,0.0,134.21,134.21,0,1,0,0,0.31,0.0,0.07,0.0,0.0,0.111,0.0,9,9,0
0.0,0.1429,0,0.977,189.24,60.01,487,0.371,28,0.1429,0.5,0.12,0,-1.429,0.0,0,0.0,0,0,0,0.0,0.0,184.8,184.8,0,1,0,0,0.43,0.0,0.1,0.1429,0.0,0.1848,60.01,28,28,1
0.333,0.125,0,1.11,309.59,320.24,201,1.264,13,0.125,0.0,0.05,0,2.083,51.7,0,1.0,0,0,0,0.776,0.0,343.51,343.51,0,1,0,0,1.19,0.33,0.28,0.125,0.0,0.268,320.24,13,13,0
0.333,0.25,0,0.801,213.8,293.75,232,1.477,4,0.25,0.5,0.2,0,0.833,26.7,0,0.667,0,0,0,0.65,0.0,171.25,171.25,2,2,0,0,1.55,0.33,0.36,0.25,0.0,0.4102,293.75,4,4,1
0.0,0.4,0,1.182,343.64,282.85,275,0.83,20,0.4,0.0,0.2,0,-4.0,0.0,0,0.5,0,0,0,0.0,0.0,406.35,406.35,0,1,0,0,1.09,0.0,0.25,0.4,0.0,0.4475,282.85,20,20,1
0.0,0.2222,0,0.473,240.34,375.44,596,0.488,15,0.2222,0.0,0.08,1,-2.222,0.0,0,1.0,0,0,0,2.167,0.0,113.72,113.72,0,1,0,0,0.45,0.0,0.1,0.2222,0.0,0.3997,375.44,15,15,1
0.0,0.0,0,1.276,265.22,0.0,300,0.361,15,0.0,0.0,0.07,0,0.0,10.0,0,0.0,0,0,0,3.217,0.0,338.39,338.39,1,2,0,0,0.4,0.0,0.09,0.0,0.0,0.319,0.0,15,15,0
0.667,0.5,0,0.561,236.38,223.03,231,0.504,24,0.5,0.0,0.03,0,1.667,43.3,0,0.5,0,0,0,0.0,0.0,132.7,132.7,0,1,0,0,0.52,0.67,0.12,0.5,0.0,0.6121,223.03,24,24,1
0.0,0.0833,0,1.053,244.03,127.24,563,0.506,4,0.0833,0.0,0.1,0,-0.833,0.0,0,0.0,0,0,0,0.0,0.0,257.02,257.02,1,1,0,0,0.64,0.0,0.15,0.0833,0.0,0.1312,127.24,4,4,0
0.0,0.0,0,1.0,309.63,0.0,94,0.349,30,0.0,0.0,0.08,1,0.0,10.0,0,0.0,0,0,0,0.0,0.0,309.63,309.63,0,1,0,0,0.32,0.0,0.07,0.0,0.0,1.0,0.0,30,30,1
0.333,0.0769,0,0.915,292.68,274.07,275,1.418,7,0.0769,0.1667,0.1,0,2.564,61.3,0,1.0,0,0,0,2.45,0.0,267.66,267.66,1,3,0,0,1.42,0.33,0.33,0.0769,0.0,0.1424,274.07,7,7,0
0.667,0.4444,0,1.663,291.81,239.14,204,1.183,5,0.4444,0.5,0.05,0,2.222,54.4,0,0.5,0,0,0,0.833,0.0,485.42,485.42,1,1,0,0,1.32,0.67,0.31,0.4444,0.0,0.5491,239.14,5,5,1
0.0,0.0,0,1.693,260.79,0.0,307,0.259,19,0.0,0.0,0.07,0,0.0,10.0,0,0.0,1,0,0,0.0,0.0,441.53,441.53,0,3,0,0,0.49,0.0,0.11,0.0,0.0,0.3386,0.0,19,19,0
0.0,0.25,0,0.947,195.5,31.83,926,0.121,21,0.25,0.0,0.05,1,-2.5,0.0,0,0.0,0,0,0,0.0,0.0,185.16,185.16,1,2,0,0,0.13,0.0,0.03,0.25,0.0,0.2775,31.83,21,21,1
0.0,0.0,0,0.744,228.25,0.0,157,2.364,12,0.0,0.0,0.08,0,0.0,10.0,0,0.0,0,0,0,3.857,0.0,169.71,169.71,2,6,0,0,2.48,0.0,0.57,0.0,0.0,0.0572,0.0,12,12,0
0.0,0.5,0,0.812,269.32,281.6,544,0.536,12,0.5,0.3333,0.12,0,-5.0,0.0,0,0.6,0,0,0,0.0,0.0,218.56,218.56,0,1,0,0,0.55,0.0,0.13,0.5,0.0,0.6039,281.6,12,12,1
0.0,0.0,0,0.927,295.14,0.0,453,0.82,2,0.0,0.0,0.12,0,0.0,10.0,0,0.0,0,0,0,2.678,0.0,273.72,273.72,1,1,0,0,0.73,0.0,0.17,0.0,0.0,0.0843,0.0,2,2,0
0.333,0.1429,1,1.57,312.96,498.74,271,0.529,26,0.1429,0.0,0.2,0,1.905,48.1,0,1.0,0,0,0,0.0,498.74,491.22,491.22,1,3,0,1,0.77,0.33,0.18,0.1429,0.3333,0.4519,498.74,26,26,0
0.0,0.0,0,1.734,281.12,0.0,408,0.331,16,0.0,0.0,0.12,0,0.0,10.0,0,0.0,1,0,0,0.0,0.0,487.39,487.39,1,2,0,0,0.66,0.0,0.15,0.0,0.0,0.1926,0.0,16,16,0
0.0,0.0909,0,1.111,218.31,107.04,573,0.467,19,0.0909,0.0,0.07,0,-0.909,0.0,0,0.0,0,0,0,0.0,0.0,242.58,242.58,2,3,0,0,0.58,0.0,0.13,0.0909,0.0,0.1456,107.04,19,19,0
0.0,0.0,0,1.184,333.79,0.0,9,3.043,6,0.0,0.0,0.12,0,0.0,10.0,0,0.0,0,0,1,0.0,0.0,395.11,395.11,1,2,0,0,6.67,0.0,1.54,0.0,0.0,0.5919,0.0,6,6,1
0.0,0.0,0,1.046,278.69,0.0,349,0.41,16,0.0,0.0,0.2,0,0.0,10.0,0,0.0,0,0,0,2.727,0.0,291.38,291.38,1,3,0,0,0.43,0.0,0.1,0.0,0.0,0.2091,0.0,16,16,0
0.0,0.0,0,1.653,196.3,0.0,463,0.242,3,0.0,0.0,0.1,0,0.0,10.0,0,0.0,0,0,0,0.0,0.0,324.46,324.46,1,1,0,0,0.19,0.0,0.04,0.0,0.0,0.551,0.0,3,3,0
1.0,0.25,3,0.529,318.77,296.93,54,6.667,7,0.25,0.0,0.08,0,7.5,100.0,0,0.667,0,1,0,2.4,890.8,168.78,168.78,2,9,1,3,6.67,1.0,1.54,0.25,0.3333,0.277,296.93,7,7,1
0.0,0.0,0,1.751,283.74,0.0,261,0.57,14,0.0,0.0,0.05,1,0.0,10.0,0,0.0,0,0,0,1.83,0.0,496.94,496.94,0,1,0,0,0.23,0.0,0.05,0.0,0.0,0.8757,0.0,14,14,1
0.667,0.3333,2,1.939,224.79,78.2,89,0.875,22,0.3333,0.0,0.12,1,3.333,76.7,0,0.0,0,0,0,0.0,156.41,435.76,435.76,0,3,0,2,2.02,0.67,0.47,0.3333,0.6667,0.4391,78.2,22,22,1
0.333,0.0833,1,0.668,201.16,75.48,754,0.536,9,0.0833,0.0,0.1,0,2.5,60.0,0,0.0,0,0,0,1.929,75.48,134.32,134.32,0,1,0,1,0.48,0.33,0.11,0.0833,1.0,0.0869,75.48,9,9,0
0.667,0.5,1,1.036,330.15,296.46,227,0.54,6,0.5,0.5,0.1,0,1.667,43.3,0,0.5,1,0,0,0.0,479.32,342.01,342.01,2,2,0,1,1.06,0.67,0.24,0.5,0.5,0.5785,296.46,6,6,1
0.0,0.0,0,1.269,327.23,0.0,101,0.661,19,0.0,0.0,0.03,1,0.0,10.0,0,0.0,0,0,0,1.55,0.0,415.23,415.23,0,1,0,0,0.59,0.0,0.14,0.0,0.0,0.6345,0.0,19,19,1
0.0,0.0,0,1.821,271.03,0.0,76,2.378,25,0.0,0.0,0.2,0,0.0,10.0,0,0.0,0,0,0,0.812,0.0,493.55,493.55,0,3,0,0,2.37,0.0,0.55,0.0,0.0,0.3035,0.0,25,25,0
0.0,0.0,0,1.0,380.17,0.0,312,0.123,29,0.0,0.0,0.1,0,0.0,10.0,0,0.0,0,0,0,10.467,0.0,380.17,380.17,0,1,0,0,0.1,0.0,0.02,0.0,0.0,1.0,0.0,29,29,1
0.333,0.2222,0,0.89,197.92,132.98,221,0.666,30,0.2222,0.3333,0.2,0,1.111,32.2,0,0.0,0,0,0,0.0,0.0,176.22,176.22,0,1,0,0,1.22,0.33,0.28,0.2222,0.0,0.2482,132.98,30,30,0
0.0,0.1667,0,1.595,291.53,264.95,232,0.66,9,0.1667,0.0,0.05,0,-1.667,0.0,0,1.0,0,0,0,1.567,0.0,464.91,464.91,0,2,0,0,0.78,0.0,0.18,0.1667,0.0,0.4173,264.95,9,9,0
0.333,0.25,1,0.866,357.29,282.57,27,2.063,18,0.25,0.5,0.05,0,0.833,26.7,0,1.0,0,0,1,1.59,282.57,309.57,309.57,0,4,1,1,4.44,0.33,1.03,0.25,0.25,0.4143,282.57,18,18,1
0.667,0.6,1,0.431,272.78,288.07,194,0.673,1,0.6,0.0,0.2,0,0.667,23.3,0,0.667,0,0,0,0.0,332.07,117.63,117.63,1,3,0,1,0.77,0.67,0.18,0.6,0.3333,0.7199,288.07,1,1,1
0.333,0.3333,1,1.038,352.36,347.87,108,0.466,11,0.3333,0.0,0.08,0,0.0,10.0,0,1.0,0,0,0,0.0,347.87,365.71,365.71,0,2,1,1,0.83,0.33,0.19,0.3333,0.5,0.675,347.87,11,11,1
0.333,0.1429,1,1.157,357.3,290.49,127,1.183,16,0.1429,0.0,0.07,1,1.905,48.1,0,1.0,0,0,0,1.806,290.49,413.22,413.22,1,4,1,1,1.65,0.33,0.38,0.1429,0.25,0.2814,290.49,16,16,1
0.333,0.1667,1,0.765,182.06,117.32,60,2.278,20,0.1667,0.0,0.1,0,1.667,43.3,0,0.0,0,0,0,0.0,117.32,139.34,139.34,0,4,1,1,3.0,0.33,0.69,0.1667,0.25,0.235,117.32,20,20,1
0.0,0.4286,0,0.75,263.47,319.49,330,0.435,7,0.4286,0.0,0.08,0,-4.286,0.0,0,0.667,0,0,0,2.486,0.0,197.62,197.62,1,1,0,0,0.64,0.0,0.15,0.4286,0.0,0.6268,319.49,7,7,1
0.667,0.5,2,0.988,339.4,413.72,82,1.018,16,0.5,0.0,0.07,0,1.667,43.3,0,1.0,0,0,0,0.981,827.44,335.29,335.29,1,2,0,2,1.46,0.67,0.34,0.5,1.0,0.8565,413.72,16,16,1
0.667,0.4,2,0.515,223.68,139.74,48,4.327,3,0.4,0.0,0.2,0,2.667,63.3,0,0.5,0,0,0,2.158,279.49,115.25,115.25,2,5,1,2,3.12,0.67,0.72,0.4,0.4,0.353,139.74,3,3,1
0.0,0.0,0,0.575,233.05,0.0,63,1.69,16,0.0,0.0,0.12,0,0.0,10.0,0,0.0,0,0,0,0.533,0.0,134.05,134.05,0,3,0,0,2.86,0.0,0.66,0.0,0.0,0.0959,0.0,16,16,1
0.0,0.0,0,1.033,183.36,0.0,87,0.727,28,0.0,0.0,0.08,0,0.0,10.0,0,0.0,0,0,0,0.0,0.0,189.44,189.44,0,2,0,0,1.38,0.0,0.32,0.0,0.0,0.2583,0.0,28,28,0
0.667,0.375,2,1.366,254.56,179.23,219,1.083,25,0.375,0.5,0.12,0,2.917,68.3,0,0.333,0,0,0,0.915,464.57,347.74,347.74,0,2,0,2,1.1,0.67,0.25,0.375,1.0,0.4348,179.23,25,25,1
0.0,0.5,0,1.101,442.02,397.43,561,0.115,27,0.5,0.0,0.12,0,-5.0,0.0,0,1.0,0,0,0,0.0,0.0,486.61,486.61,0,1,0,0,0.11,0.0,0.02,0.5,0.0,1.0,397.43,27,27,1
0.0,0.0,0,1.023,190.64,0.0,29,0.758,4,0.0,0.0,0.2,0,0.0,10.0,0,0.0,0,0,1,1.343,0.0,195.09,195.09,1,2,0,0,2.07,0.0,0.48,0.0,0.0,0.5117,0.0,4,4,0
0.0,0.0,0,1.557,174.24,0.0,77,0.959,25,0.0,0.0,0.1,0,0.0,10.0,0,0.0,0,0,0,1.05,0.0,271.32,271.32,0,1,0,0,0.78,0.0,0.18,0.0,0.0,0.7786,0.0,25,25,1
0.0,0.0,0,0.942,190.63,0.0,15,4.909,14,0.0,0.0,0.1,0,0.0,10.0,0,0.0,0,0,1,1.667,0.0,179.5,179.5,1,3,0,0,6.0,0.0,1.39,0.0,0.0,0.3139,0.0,14,14,0
0.0,0.0,0,0.2,243.88,0.0,602,0.486,10,0.0,0.0,0.2,0,0.0,10.0,0,0.0,0,0,0,0.0,0.0,48.82,48.82,0,1,0,0,0.5,0.0,0.12,0.0,0.0,0.02,0.0,10,10,0
0.333,0.25,0,0.206,191.2,169.7,207,0.53,15,0.25,0.0,0.1,0,0.833,26.7,0,0.0,0,0,0,4.239,0.0,39.37,39.37,0,2,0,0,0.58,0.33,0.13,0.25,0.0,0.2734,169.7,15,15,1
0.0,0.0,0,0.768,250.16,0.0,111,1.773,20,0.0,0.0,0.03,0,0.0,10.0,0,0.0,1,0,0,0.524,0.0,192.23,192.23,0,3,0,0,2.16,0.0,0.5,0.0,0.0,0.0961,0.0,20,20,0
0.333,0.2,1,0.63,242.87,201.07,111,0.768,3,0.2,0.5,0.07,0,1.333,36.7,0,1.0,0,0,0,1.324,201.07,152.99,152.99,1,2,1,1,1.35,0.33,0.31,0.2,0.5,0.2916,201.07,3,3,1
0.333,0.7143,1,1.303,177.7,159.46,398,0.49,22,0.7143,0.5,0.12,0,-3.81,0.0,0,0.2,0,0,0,0.0,59.91,231.55,231.55,0,1,0,1,0.53,0.33,0.12,0.7143,1.0,0.8271,159.46,22,22,1
0.0,0.4286,0,0.309,315.88,319.37,857,0.483,2,0.4286,0.25,0.05,0,-4.286,0.0,0,1.0,0,0,0,0.0,0.0,97.74,97.74,2,2,0,0,0.49,0.0,0.11,0.4286,0.0,0.4554,319.37,2,2,1
0.333,0.3077,0,1.389,270.75,317.14,273,1.398,1,0.3077,0.5,0.12,1,0.256,15.1,0,0.75,0,0,0,3.689,0.0,376.18,376.18,2,4,0,0,1.43,0.33,0.33,0.3077,0.0,0.4673,317.14,1,1,1
0.0,0.0,0,0.299,213.9,0.0,60,0.283,8,0.0,0.0,0.2,0,0.0,10.0,0,0.0,0,0,0,4.378,0.0,64.03,64.03,0,2,0,0,1.0,0.0,0.23,0.0,0.0,0.1497,0.0,8,8,0
0.0,0.0,0,1.233,320.68,0.0,26,1.183,4,0.0,0.0,0.08,0,0.0,10.0,0,0.0,0,0,1,0.833,0.0,395.38,395.38,2,4,0,0,4.62,0.0,1.07,0.0,0.0,0.3082,0.0,4,4,1
0.333,0.5714,0,1.64,277.22,304.5,944,0.442,6,0.5714,0.5,0.2,0,-2.381,0.0,0,0.875,0,0,0,2.359,0.0,454.59,454.59,1,1,0,0,0.44,0.33,0.1,0.5714,0.0,0.7448,304.5,6,6,1
0.0,0.5,0,1.517,255.7,249.92,602,0.199,18,0.5,0.0,0.2,0,-5.0,0.0,0,1.0,0,0,0,0.0,0.0,387.92,387.92,0,1,0,0,0.2,0.0,0.05,0.5,0.0,0.868,249.92,18,18,1
0.333,0.1667,1,0.807,255.38,210.79,21,6.207,15,0.1667,0.0,0.08,0,1.667,43.3,0,1.0,0,0,1,0.667,210.79,206.19,206.19,1,6,0,1,8.57,0.33,1.98,0.1667,0.1667,0.2721,210.79,15,15,0
0.667,0.5833,2,1.118,293.85,279.76,922,0.376,18,0.5833,0.0,0.05,0,0.833,26.7,0,0.571,0,0,0,0.0,862.62,328.43,328.43,0,3,1,2,0.39,0.67,0.09,0.5833,0.6667,0.6485,279.76,18,18,1
0.0,0.125,0,1.639,241.5,68.72,333,0.817,2,0.125,0.0,0.2,0,-1.25,0.0,0,0.0,0,0,0,1.247,0.0,395.78,395.78,1,2,0,0,0.72,0.0,0.17,0.125,0.0,0.2404,68.72,2,2,0
0.0,0.0,0,0.768,187.42,0.0,27,3.111,5,0.0,0.0,0.2,0,0.0,10.0,0,0.0,0,0,1,2.625,0.0,143.86,143.86,1,2,0,0,2.22,0.0,0.51,0.0,0.0,0.3838,0.0,5,5,0
0.0,0.0,0,1.575,287.69,0.0,401,0.339,9,0.0,0.0,0.08,0,0.0,10.0,0,0.0,1,0,0,0.0,0.0,453.02,453.02,0,1,0,0,0.37,0.0,0.09,0.0,0.0,0.3149,0.0,9,9,0
0.0,0.0,0,1.563,234.96,0.0,260,0.593,19,0.0,0.0,0.12,0,0.0,10.0,0,0.0,0,0,0,0.0,0.0,367.15,367.15,0,1,0,0,0.46,0.0,0.11,0.0,0.0,0.3907,0.0,19,19,0
0.0,0.0,0,1.163,365.79,0.0,179,0.653,26,0.0,0.0,0.1,0,0.0,10.0,0,0.0,0,0,0,0.0,0.0,425.51,425.51,0,1,0,0,0.34,0.0,0.08,0.0,0.0,0.5816,0.0,26,26,1
0.0,0.1667,0,0.809,436.32,480.83,242,0.421,4,0.1667,0.0,0.12,0,-1.667,0.0,0,1.0,1,0,0,0.0,0.0,353.15,353.15,1,1,0,0,0.74,0.0,0.17,0.1667,0.0,0.3186,480.83,4,4,0
0.0,0.0,0,1.313,275.33,0.0,237,0.36,12,0.0,0.0,0.1,0,0.0,10.0,0,0.0,0,0,0,3.133,0.0,361.44,361.44,0,2,0,0,0.51,0.0,0.12,0.0,0.0,0.3282,0.0,12,12,0
0.667,0.25,2,0.115,252.71,327.11,268,1.343,11,0.25,0.0,0.1,0,4.167,93.3,0,1.0,0,0,0,2.644,651.91,29.08,29.08,0,3,1,2,1.34,0.67,0.31,0.25,0.6667,0.3332,327.11,11,11,1
0.333,0.6,0,0.668,216.74,210.06,212,0.677,22,0.6,0.0,0.05,0,-2.667,0.0,0,0.667,1,0,0,0.0,0.0,144.88,144.88,0,2,0,0,0.71,0.33,0.16,0.6,0.0,0.7152,210.06,22,22,1
0.333,0.25,0,1.112,260.88,322.0,607,0.522,9,0.25,0.3333,0.1,0,0.833,26.7,0,0.667,0,0,0,0.0,0.0,290.0,290.0,0,1,0,0,0.59,0.33,0.14,0.25,0.0,0.4012,322.0,9,9,1
0.0,0.0,0,1.411,146.04,0.0,35,2.687,19,0.0,0.0,0.05,0,0.0,10.0,0,0.0,1,0,0,2.467,0.0,206.01,206.01,0,2,0,0,1.71,0.0,0.4,0.0,0.0,0.7053,0.0,19,19,0
0.667,0.3333,0,0.807,247.02,262.82,192,1.532,21,0.3333,0.5,0.2,1,3.333,76.7,0,0.667,0,0,0,0.0,0.0,199.41,199.41,0,2,0,0,1.41,0.67,0.32,0.3333,0.0,0.4443,262.82,21,21,1
0.0,0.0,0,1.392,139.49,0.0,153,0.532,8,0.0,0.0,0.1,0,0.0,10.0,0,0.0,0,0,0,0.0,0.0,194.15,194.15,0,1,0,0,0.59,0.0,0.14,0.0,0.0,0.464,0.0,8,8,0
0.0,0.0,0,1.04,208.12,0.0,48,4.375,14,0.0,0.0,0.1,0,0.0,10.0,0,0.0,0,0,0,1.5,0.0,216.46,216.46,0,5,0,0,4.38,0.0,1.01,0.0,0.0,0.1486,0.0,14,14,0
0.667,0.4286,0,1.188,315.78,249.43,183,1.019,24,0.4286,0.5,0.2,1,2.381,57.6,0,0.667,0,0,0,0.0,0.0,375.06,375.06,0,1,0,0,1.15,0.67,0.27,0.4286,0.0,0.5082,249.43,24,24,1
0.667,0.4545,1,0.743,245.47,218.74,385,0.768,28,0.4545,0.0,0.12,0,2.121,52.4,0,0.6,0,0,0,1.324,149.83,182.34,182.34,0,2,0,1,0.86,0.67,0.2,0.4545,0.5,0.4726,218.74,28,28,1
0.0,0.4444,0,0.302,177.83,149.36,863,0.285,4,0.4444,0.0,0.08,0,-4.444,0.0,0,0.25,0,0,0,0.0,0.0,53.64,53.64,1,2,0,0,0.31,0.0,0.07,0.4444,0.0,0.4068,149.36,4,4,1
0.0,0.0,0,0.39,179.88,0.0,377,0.947,24,0.0,0.0,0.1,0,0.0,10.0,0,0.0,0,0,0,3.889,0.0,70.12,70.12,0,3,0,0,0.95,0.0,0.22,0.0,0.0,0.0325,0.0,24,24,0
0.0,0.0,0,1.409,297.03,0.0,417,0.457,10,0.0,0.0,0.2,0,0.0,10.0,0,0.0,0,0,0,2.322,0.0,418.43,418.43,0,1,0,0,0.58,0.0,0.13,0.0,0.0,0.1761,0.0,10,10,0
0.0,0.0,0,1.631,139.94,0.0,51,0.584,16,0.0,0.0,0.05,0,0.0,10.0,0,0.0,0,0,0,0.0,0.0,228.27,228.27,0,2,0,0,1.18,0.0,0.27,0.0,0.0,0.8156,0.0,16,16,0
0.333,0.5714,1,2.238,207.96,152.15,614,0.339,3,0.5714,0.25,0.2,0,-2.381,0.0,0,0.5,0,0,0,0.0,70.33,465.41,465.41,1,1,0,1,0.34,0.33,0.08,0.5714,1.0,0.7378,152.15,3,3,1
0.0,0.75,0,0.788,245.55,262.86,285,0.408,18,0.75,0.0,0.05,0,-7.5,0.0,0,1.0,0,0,0,0.0,0.0,193.61,193.61,0,1,0,0,0.42,0.0,0.1,0.75,0.0,1.0,262.86,18,18,1
0.333,0.1,0,1.252,217.83,150.64,253,1.237,24,0.1,0.0,0.12,0,2.333,56.7,0,0.0,0,0,0,0.791,0.0,272.66,272.66,1,2,0,0,1.19,0.33,0.27,0.1,0.0,0.1943,150.64,24,24,0
1.0,0.75,2,0.386,57.67,69.48,190,0.488,18,0.75,0.5,0.1,0,2.5,60.0,0,0.0,0,0,0,0.0,107.54,22.24,22.24,0,2,1,2,0.63,1.0,0.15,0.75,1.0,1.0,69.48,18,18,1
0.333,0.6667,0,0.836,270.33,312.33,545,0.262,19,0.6667,0.0,0.07,0,-3.333,0.0,0,1.0,0,0,0,4.283,0.0,226.11,226.11,0,1,0,0,0.33,0.33,0.08,0.6667,0.0,0.9096,312.33,19,19,1
1.0,0.4545,1,1.676,265.26,179.77,522,0.671,26,0.4545,0.0,0.07,0,5.455,100.0,0,0.4,0,0,0,1.531,61.21,444.57,444.57,0,2,0,1,0.63,1.0,0.15,0.4545,0.5,0.4604,179.77,26,26,1
0.333,0.4286,0,1.444,263.99,181.56,265,0.943,25,0.4286,0.5,0.12,1,-0.952,0.0,0,0.333,0,0,0,2.4,0.0,381.11,381.11,0,2,0,0,0.79,0.33,0.18,0.4286,0.0,0.501,181.56,25,25,1
0.0,0.0,0,1.18,279.72,0.0,444,0.326,5,0.0,0.0,0.08,0,0.0,10.0,0,0.0,0,0,0,0.0,0.0,330.08,330.08,1,1,0,0,0.47,0.0,0.11,0.0,0.0,0.1686,0.0,5,5,0
0.333,0.2143,0,0.202,231.14,288.13,350,0.959,30,0.2143,0.0,0.1,0,1.19,33.8,0,0.667,0,0,0,0.0,0.0,46.76,46.76,0,2,0,0,1.2,0.33,0.28,0.2143,0.0,0.2816,288.13,30,30,1
0.333,0.25,0,1.153,359.98,492.88,401,0.256,28,0.25,0.0,0.2,0,0.833,26.7,0,1.0,0,0,0,0.0,0.0,414.99,414.99,1,2,0,0,0.3,0.33,0.07,0.25,0.0,0.6305,492.88,28,28,1
0.0,0.0,0,0.976,130.37,0.0,164,0.506,22,0.0,0.0,0.08,0,0.0,10.0,0,0.0,0,0,0,0.0,0.0,127.24,127.24,0,1,0,0,0.73,0.0,0.17,0.0,0.0,0.244,0.0,22,22,0
0.0,0.0,0,1.248,185.18,0.0,108,0.572,18,0.0,0.0,0.03,0,0.0,10.0,0,0.0,0,0,0,0.0,0.0,231.13,231.13,0,1,0,0,0.83,0.0,0.19,0.0,0.0,0.416,0.0,18,18,0
0.0,0.0,0,1.233,355.97,0.0,188,0.886,8,0.0,0.0,0.1,0,0.0,10.0,0,0.0,0,0,0,1.138,0.0,438.91,438.91,0,1,0,0,0.48,0.0,0.11,0.0,0.0,0.411,0.0,8,8,0
0.333,0.25,1,1.073,286.78,112.28,126,0.537,30,0.25,0.5,0.05,0,0.833,26.7,0,0.0,0,0,0,1.942,112.28,307.76,307.76,0,2,0,1,0.95,0.33,0.22,0.25,0.5,0.3662,112.28,30,30,1
0.0,0.0,0,1.656,229.3,0.0,670,0.223,22,0.0,0.0,0.2,0,0.0,10.0,0,0.0,0,0,0,0.0,0.0,379.67,379.67,0,2,0,0,0.27,0.0,0.06,0.0,0.0,0.276,0.0,22,22,0
0.0,0.0,0,2.409,198.53,0.0,379,0.445,8,0.0,0.0,0.05,0,0.0,10.0,0,0.0,1,0,0,0.0,0.0,478.25,478.25,0,1,0,0,0.47,0.0,0.11,0.0,0.0,0.4015,0.0,8,8,0
0.333,0.2,1,0.698,373.9,338.42,280,0.292,27,0.2,0.0,0.07,0,1.333,36.7,0,1.0,0,0,0,0.0,338.42,260.86,260.86,0,3,0,1,0.54,0.33,0.12,0.2,0.3333,0.3206,338.42,27,27,1
0.333,0.25,0,2.004,240.96,110.69,119,0.962,7,0.25,0.0,0.2,0,0.833,26.7,0,0.0,0,0,0,1.043,0.0,482.9,482.9,1,1,0,0,1.01,0.33,0.23,0.25,0.0,0.6158,110.69,7,7,1
0.0,0.0,0,0.307,218.0,0.0,74,2.692,18,0.0,0.0,0.12,0,0.0,10.0,0,0.0,0,0,0,1.2,0.0,66.88,66.88,1,2,0,0,2.43,0.0,0.56,0.0,0.0,0.0511,0.0,18,18,0
0.333,0.1667,1,1.447,246.53,127.59,233,0.431,24,0.1667,0.0,0.05,0,1.667,43.3,0,0.0,0,0,0,0.0,127.59,356.75,356.75,0,2,0,1,0.77,0.33,0.18,0.1667,0.5,0.3274,127.59,24,24,0
0.0,0.0,0,0.379,309.27,0.0,42,1.791,7,0.0,0.0,0.2,0,0.0,10.0,0,0.0,0,0,0,0.495,0.0,117.25,117.25,1,2,0,0,2.86,0.0,0.66,0.0,0.0,0.0948,0.0,7,7,0
0.0,0.0,0,0.178,255.15,0.0,11,2.113,5,0.0,0.0,0.2,0,0.0,10.0,0,0.0,0,0,1,2.489,0.0,45.53,45.53,3,4,0,0,10.91,0.0,2.52,0.0,0.0,0.0446,0.0,5,5,0
0.0,0.0,0,0.267,199.31,0.0,240,0.364,2,0.0,0.0,0.07,0,0.0,10.0,0,0.0,0,0,0,3.039,0.0,53.24,53.24,1,1,0,0,0.5,0.0,0.12,0.0,0.0,0.0668,0.0,2,2,0
0.0,0.0,0,0.365,180.31,0.0,133,0.708,10,0.0,0.0,0.07,0,0.0,10.0,0,0.0,0,0,0,1.443,0.0,65.75,65.75,0,1,0,0,0.9,0.0,0.21,0.0,0.0,0.0912,0.0,10,10,0
0.0,0.4,0,1.606,106.21,152.28,786,0.207,5,0.4,0.0,0.2,1,-4.0,0.0,0,0.0,0,0,0,5.6,0.0,170.52,170.52,1,1,0,0,0.19,0.0,0.04,0.4,0.0,0.8946,152.28,5,5,1
0.667,0.6667,0,1.093,311.4,296.96,85,0.83,9,0.6667,0.5,0.1,0,0.0,10.0,0,0.5,1,0,0,0.0,0.0,340.28,340.28,0,1,0,0,1.06,0.67,0.24,0.6667,0.0,1.0,296.96,9,9,1
0.0,0.0,0,0.939,122.68,0.0,65,2.424,7,0.0,0.0,0.12,0,0.0,10.0,0,0.0,0,0,0,2.3,0.0,115.21,115.21,1,3,0,0,1.85,0.0,0.43,0.0,0.0,0.2348,0.0,7,7,0
0.333,0.4,1,1.605,311.18,205.76,165,0.698,2,0.4,0.0,0.07,0,-0.667,0.0,0,0.5,0,0,0,0.0,371.23,499.37,499.37,1,1,0,1,0.91,0.33,0.21,0.4,1.0,0.5855,205.76,2,2,1
0.0,0.0,0,1.647,245.24,0.0,317,0.357,4,0.0,0.0,0.2,0,0.0,10.0,0,0.0,0,0,0,3.057,0.0,403.88,403.88,1,1,0,0,0.38,0.0,0.09,0.0,0.0,0.4117,0.0,4,4,1
0.0,0.4286,0,1.711,235.76,217.79,376,0.462,8,0.4286,0.3333,0.12,0,-4.286,0.0,0,0.667,0,0,0,0.0,0.0,403.28,403.28,0,1,0,0,0.56,0.0,0.13,0.4286,0.0,0.6403,217.79,8,8,1
0.667,0.7273,1,0.41,266.26,273.76,754,0.375,20,0.7273,0.6667,0.07,0,-0.606,0.0,0,0.5,0,0,0,0.0,468.8,109.12,109.12,0,1,0,1,0.44,0.67,0.1,0.7273,1.0,0.785,273.76,20,20,1
0.0,0.0,0,1.752,238.47,0.0,21,1.079,10,0.0,0.0,0.12,0,0.0,10.0,0,0.0,0,0,1,0.908,0.0,417.72,417.72,1,2,0,0,2.86,0.0,0.66,0.0,0.0,0.8758,0.0,10,10,0
0.667,0.3846,2,0.534,248.89,277.15,491,0.738,15,0.3846,0.5,0.12,0,2.821,66.4,0,0.8,0,0,0,1.382,405.42,132.92,132.92,0,4,1,2,0.79,0.67,0.18,0.3846,0.5,0.4694,277.15,15,15,1
0.0,0.0,0,1.218,280.8,0.0,263,0.478,22,0.0,0.0,0.08,0,0.0,10.0,0,0.0,0,0,0,0.0,0.0,342.14,342.14,0,1,0,0,0.23,0.0,0.05,0.0,0.0,0.6092,0.0,22,22,0
0.0,0.6667,0,1.283,355.92,305.48,215,0.167,18,0.6667,0.0,0.1,0,-6.667,0.0,0,1.0,0,0,0,0.0,0.0,456.82,456.82,0,1,0,0,0.42,0.0,0.1,0.6667,0.0,1.0,305.48,18,18,1
0.333,0.0769,0,1.708,276.18,407.73,128,3.103,28,0.0769,0.0,0.07,0,2.564,61.3,0,1.0,0,0,0,0.958,0.0,471.7,471.7,1,2,0,0,3.05,0.33,0.7,0.0769,0.0,0.2449,407.73,28,28,0
0.333,0.3636,0,0.254,197.61,286.06,731,0.459,1,0.3636,0.0,0.08,0,-0.303,3.9,0,0.75,0,0,0,0.0,0.0,50.15,50.15,1,1,0,0,0.45,0.33,0.1,0.3636,0.0,0.5495,286.06,1,1,0
0.0,0.0,0,1.0,47.05,0.0,90,0.492,24,0.0,0.0,0.2,0,0.0,10.0,0,0.0,0,0,0,2.119,0.0,47.05,47.05,0,1,0,0,0.33,0.0,0.08,0.0,0.0,1.0,0.0,24,24,0
0.0,0.0,0,1.618,256.5,0.0,142,0.843,13,0.0,0.0,0.1,0,0.0,10.0,0,0.0,1,0,0,0.0,0.0,415.08,415.08,0,1,0,0,0.42,0.0,0.1,0.0,0.0,0.8091,0.0,13,13,0
0.0,0.0,0,0.73,232.88,0.0,134,0.82,22,0.0,0.0,0.07,0,0.0,10.0,0,0.0,0,0,0,1.256,0.0,169.96,169.96,0,1,0,0,0.45,0.0,0.1,0.0,0.0,0.3649,0.0,22,22,0
0.333,0.3333,0,2.047,217.76,218.32,183,0.959,16,0.3333,0.0,0.05,0,0.0,10.0,0,0.5,0,0,0,1.05,0.0,445.74,445.74,1,2,0,0,0.98,0.33,0.23,0.3333,0.0,0.6753,218.32,16,16,1
0.0,0.25,0,1.14,342.34,360.26,880,0.476,7,0.25,0.0,0.1,0,-2.5,0.0,0,1.0,0,0,0,2.181,0.0,390.34,390.34,1,1,0,0,0.41,0.0,0.09,0.25,0.0,0.3581,360.26,7,7,1
0.0,0.0,0,0.148,214.63,0.0,471,0.602,20,0.0,0.0,0.07,0,0.0,10.0,0,0.0,0,0,0,0.0,0.0,31.66,31.66,0,1,0,0,0.51,0.0,0.12,0.0,0.0,0.0184,0.0,20,20,0
0.0,0.0,0,1.31,241.03,0.0,30,10.0,5,0.0,0.0,0.2,0,0.0,10.0,0,0.0,0,0,0,1.0,0.0,315.87,315.87,2,10,0,0,10.0,0.0,2.31,0.0,0.0,0.131,0.0,5,5,0
0.667,0.4,0,0.814,222.3,242.04,255,0.655,29,0.4,0.0,0.1,0,2.667,63.3,0,0.5,0,0,0,1.592,0.0,180.86,180.86,0,1,0,0,0.59,0.67,0.14,0.4,0.0,0.5982,242.04,29,29,1
0.0,0.0,0,0.697,228.31,0.0,516,0.549,26,0.0,0.0,0.12,0,0.0,10.0,0,0.0,1,0,0,1.879,0.0,159.23,159.23,0,1,0,0,0.64,0.0,0.15,0.0,0.0,0.0634,0.0,26,26,0
0.0,0.0,0,1.0,393.65,0.0,19,0.792,18,0.0,0.0,0.08,0,0.0,10.0,0,0.0,0,0,1,5.875,0.0,393.65,393.65,0,1,0,0,1.58,0.0,0.36,0.0,0.0,1.0,0.0,18,18,0
0.667,0.5,1,0.507,405.27,479.76,158,0.487,28,0.5,0.0,0.07,0,1.667,43.3,0,1.0,0,0,0,0.0,464.14,205.6,205.6,1,2,0,1,0.76,0.67,0.18,0.5,0.5,0.7187,479.76,28,28,1
0.0,0.0,0,1.481,288.05,0.0,767,0.099,30,0.0,0.0,0.12,1,0.0,10.0,0,0.0,0,0,0,0.0,0.0,426.72,426.72,0,1,0,0,0.12,0.0,0.03,0.0,0.0,0.4938,0.0,30,30,1
0.0,0.0,0,1.0,464.3,0.0,64,0.904,17,0.0,0.0,0.1,0,0.0,10.0,0,0.0,0,0,0,2.517,0.0,464.3,464.3,0,1,0,0,0.47,0.0,0.11,0.0,0.0,1.0,0.0,17,17,1
0.333,0.25,1,1.517,209.41,395.63,241,0.616,8,0.25,0.0,0.12,0,0.833,26.7,0,1.0,0,0,0,0.0,395.63,317.66,317.66,0,2,1,1,0.5,0.33,0.11,0.25,0.5,0.8516,395.63,8,8,1
0.0,0.0,0,1.0,358.92,0.0,30,0.329,28,0.0,0.0,0.08,0,0.0,10.0,0,0.0,0,0,0,0.0,0.0,358.92,358.92,0,1,0,0,1.0,0.0,0.23,0.0,0.0,1.0,0.0,28,28,0
0.0,0.0,0,0.35,215.73,0.0,79,1.942,2,0.0,0.0,0.2,0,0.0,10.0,0,0.0,0,0,0,1.817,0.0,75.41,75.41,1,1,0,0,1.52,0.0,0.35,0.0,0.0,0.0874,0.0,2,2,0
0.0,0.1429,0,1.402,259.01,229.05,634,0.31,12,0.1429,0.0,0.03,0,-1.429,0.0,0,1.0,1,0,0,0.0,0.0,363.15,363.15,0,1,0,0,0.33,0.0,0.08,0.1429,0.0,0.3266,229.05,12,12,0
0.0,0.0,0,0.378,281.32,0.0,424,0.55,2,0.0,0.0,0.2,0,0.0,10.0,0,0.0,0,0,0,0.0,0.0,106.24,106.24,2,2,0,0,0.71,0.0,0.16,0.0,0.0,0.0378,0.0,2,2,0
0.667,0.3333,0,1.274,383.46,234.29,71,3.095,12,0.3333,0.3333,0.2,0,3.333,76.7,0,0.5,0,0,0,1.422,0.0,488.48,488.48,2,4,0,0,2.54,0.67,0.59,0.3333,0.0,0.416,234.29,12,12,1
0.333,0.3333,0,0.761,194.52,261.02,319,0.455,30,0.3333,0.0,0.12,0,0.0,10.0,0,0.5,1,0,0,0.0,0.0,148.06,148.06,0,2,0,0,0.56,0.33,0.13,0.3333,0.0,0.5741,261.02,30,30,1
0.0,0.0,0,1.16,416.02,0.0,88,1.442,17,0.0,0.0,0.08,0,0.0,10.0,0,0.0,0,0,0,2.35,0.0,482.64,482.64,0,1,0,0,0.68,0.0,0.16,0.0,0.0,0.5801,0.0,17,17,0
0.0,0.0,0,0.347,274.4,0.0,282,0.512,13,0.0,0.0,0.08,0,0.0,10.0,0,0.0,1,0,0,0.0,0.0,95.18,95.18,0,3,0,0,0.85,0.0,0.2,0.0,0.0,0.0434,0.0,13,13,0
0.0,0.0,0,0.68,352.98,0.0,22,0.586,8,0.0,0.0,0.2,0,0.0,10.0,0,0.0,1,0,1,0.0,0.0,240.1,240.1,1,2,0,0,2.73,0.0,0.63,0.0,0.0,0.3401,0.0,8,8,0
0.333,0.1429,1,1.549,235.41,91.4,101,2.459,6,0.1429,0.0,0.03,0,1.905,48.1,0,0.0,0,0,0,0.785,91.4,364.62,364.62,1,3,0,1,2.08,0.33,0.48,0.1429,0.3333,0.2767,91.4,6,6,1
0.333,0.2,1,0.167,316.62,221.14,521,0.267,29,0.2,0.0,0.03,0,1.333,36.7,0,1.0,0,0,0,0.0,221.14,52.74,52.74,0,1,0,1,0.29,0.33,0.07,0.2,1.0,0.173,221.14,29,29,1
1.0,0.4545,2,0.089,245.25,335.83,306,1.078,9,0.4545,0.0,0.1,0,5.455,100.0,0,0.8,1,0,0,2.044,402.06,21.75,21.75,0,2,0,2,1.08,1.0,0.25,0.4545,1.0,0.6305,335.83,9,9,1
0.0,0.0,0,0.712,272.67,0.0,278,0.951,12,0.0,0.0,0.03,0,0.0,10.0,0,0.0,0,0,0,1.056,0.0,194.27,194.27,0,1,0,0,1.08,0.0,0.25,0.0,0.0,0.0712,0.0,12,12,0
0.0,0.0,0,1.886,204.62,0.0,60,1.226,15,0.0,0.0,0.08,1,0.0,10.0,0,0.0,0,0,0,0.8,0.0,385.95,385.95,1,2,0,0,1.5,0.0,0.35,0.0,0.0,0.6287,0.0,15,15,1
0.0,0.2857,0,0.126,194.8,238.36,528,0.399,21,0.2857,0.5,0.12,1,-2.857,0.0,0,0.5,0,0,0,2.724,0.0,24.59,24.59,1,2,0,0,0.4,0.0,0.09,0.2857,0.0,0.3676,238.36,21,21,1
0.0,0.0,0,0.348,216.43,0.0,146,1.414,26,0.0,0.0,0.1,0,0.0,10.0,0,0.0,0,0,0,0.685,0.0,75.25,75.25,0,3,0,0,1.44,0.0,0.33,0.0,0.0,0.0497,0.0,26,26,1
0.667,0.5833,0,0.262,245.83,212.33,320,1.044,25,0.5833,0.3333,0.05,1,0.833,26.7,0,0.429,0,0,0,0.0,0.0,64.44,64.44,0,1,0,0,1.12,0.67,0.26,0.5833,0.0,0.5257,212.33,25,25,1
0.0,0.0,0,1.445,266.52,0.0,708,0.327,22,0.0,0.0,0.1,0,0.0,10.0,0,0.0,0,0,0,0.0,0.0,385.05,385.05,0,1,0,0,0.38,0.0,0.09,0.0,0.0,0.1605,0.0,22,22,0
0.0,0.0,0,1.918,250.85,0.0,106,0.789,24,0.0,0.0,0.2,0,0.0,10.0,0,0.0,0,0,0,2.971,0.0,481.15,481.15,0,1,0,0,0.57,0.0,0.13,0.0,0.0,0.959,0.0,24,24,1
1.667,0.3571,4,0.403,222.1,297.01,78,5.385,23,0.3571,0.0,0.07,1,13.095,100.0,1,0.8,0,1,0,2.133,1236.79,89.49,89.49,2,8,4,4,5.38,1.67,1.24,0.3571,0.5,0.5064,297.01,23,23,1
0.0,0.0,0,0.68,154.05,0.0,262,0.193,18,0.0,0.0,0.12,0,0.0,10.0,0,0.0,0,0,0,6.217,0.0,104.75,104.75,0,1,0,0,0.23,0.0,0.05,0.0,0.0,0.34,0.0,18,18,0
0.0,0.0,0,1.204,319.86,0.0,579,0.411,1,0.0,0.0,0.2,0,0.0,10.0,0,0.0,0,0,0,0.0,0.0,385.0,385.0,2,3,0,0,0.41,0.0,0.1,0.0,0.0,0.1505,0.0,1,1,0
0.333,0.25,1,0.797,234.0,293.72,106,0.595,19,0.25,0.0,0.2,0,0.833,26.7,0,1.0,0,0,0,0.0,293.72,186.4,186.4,1,2,1,1,1.13,0.33,0.26,0.25,0.5,0.5129,293.72,19,19,1
0.0,0.0,0,0.671,269.76,0.0,621,0.118,21,0.0,0.0,0.12,0,0.0,10.0,0,0.0,1,0,0,12.167,0.0,180.97,180.97,0,1,0,0,0.1,0.0,0.02,0.0,0.0,0.3354,0.0,21,21,0
0.0,0.0,0,1.324,310.35,0.0,720,0.625,15,0.0,0.0,0.2,0,0.0,10.0,0,0.0,0,0,0,3.538,0.0,410.75,410.75,0,2,0,0,0.62,0.0,0.14,0.0,0.0,0.0882,0.0,15,15,0
0.0,0.6667,0,1.333,210.06,175.12,155,0.677,18,0.6667,0.0,0.1,0,-6.667,0.0,0,0.5,0,0,0,0.0,0.0,279.95,279.95,0,1,0,0,0.58,0.0,0.13,0.6667,0.0,1.0,175.12,18,18,1
0.333,0.0909,1,0.884,288.92,76.28,148,2.267,2,0.0909,0.0,0.08,0,2.424,58.5,0,0.0,0,0,0,2.104,76.28,255.35,255.35,2,3,0,1,2.23,0.33,0.51,0.0909,0.3333,0.1043,76.28,2,2,0
0.0,0.0,0,1.585,273.32,0.0,115,0.761,11,0.0,0.0,0.05,1,0.0,10.0,0,0.0,0,0,0,1.342,0.0,433.26,433.26,0,1,0,0,0.52,0.0,0.12,0.0,0.0,0.7926,0.0,11,11,1
0.333,0.5,1,0.357,236.41,388.34,78,1.288,16,0.5,0.0,0.2,1,-1.667,0.0,0,1.0,0,0,0,0.0,388.34,84.48,84.48,0,2,0,1,0.77,0.33,0.18,0.5,0.5,1.0,388.34,16,16,1
0.0,0.0,0,1.19,267.57,0.0,372,1.048,9,0.0,0.0,0.12,0,0.0,10.0,0,0.0,0,0,0,3.42,0.0,318.29,318.29,1,3,0,0,1.05,0.0,0.24,0.0,0.0,0.0915,0.0,9,9,0
2.0,0.4286,6,0.844,272.02,258.96,35,12.0,1,0.4286,0.0,0.07,1,15.714,100.0,1,0.5,0,1,0,0.3,1553.73,229.52,229.52,4,9,3,6,12.0,2.0,2.77,0.4286,0.6667,0.4683,258.96,1,1,1
0.0,0.0,0,0.331,320.66,0.0,176,1.63,11,0.0,0.0,0.1,0,0.0,10.0,0,0.0,0,0,0,1.283,0.0,105.99,105.99,0,3,0,0,1.7,0.0,0.39,0.0,0.0,0.0331,0.0,11,11,0
0.0,0.0,0,1.235,247.43,0.0,154,1.28,30,0.0,0.0,0.2,0,0.0,10.0,0,0.0,0,0,0,0.0,0.0,305.52,305.52,0,1,0,0,1.36,0.0,0.31,0.0,0.0,0.1764,0.0,30,30,0
0.333,0.2857,0,0.194,181.83,288.16,241,0.993,28,0.2857,0.5,0.03,1,0.476,19.5,0,0.5,0,0,0,3.525,0.0,35.23,35.23,0,1,0,0,0.87,0.33,0.2,0.2857,0.0,0.4805,288.16,28,28,1
0.667,0.4286,0,0.891,211.12,176.88,375,0.498,8,0.4286,0.0,0.08,0,2.381,57.6,0,0.333,0,0,0,0.0,0.0,188.09,188.09,0,2,0,0,0.56,0.67,0.13,0.4286,0.0,0.4863,176.88,8,8,1
0.667,0.3333,0,1.347,305.9,168.05,142,1.019,21,0.3333,0.0,0.1,1,3.333,76.7,0,0.5,0,0,0,0.0,0.0,412.18,412.18,0,1,0,0,1.27,0.67,0.29,0.3333,0.0,0.4077,168.05,21,21,1
0.0,0.0,0,1.884,254.35,0.0,930,0.429,27,0.0,0.0,0.12,0,0.0,10.0,0,0.0,0,0,0,2.433,0.0,479.14,479.14,0,1,0,0,0.42,0.0,0.1,0.0,0.0,0.1449,0.0,27,27,0
1.0,0.25,0,0.702,268.77,172.64,88,3.947,2,0.25,0.0,0.07,1,7.5,100.0,0,0.333,0,0,0,1.018,0.0,188.57,188.57,3,5,0,0,4.09,1.0,0.94,0.25,0.0,0.2191,172.64,2,2,1
0.0,0.0,0,1.018,290.35,0.0,79,3.204,6,0.0,0.0,0.2,0,0.0,10.0,0,0.0,0,0,0,2.028,0.0,295.69,295.69,3,5,0,0,3.42,0.0,0.79,0.0,0.0,0.1132,0.0,6,6,0
0.0,0.0,0,1.0,380.82,0.0,11,1.644,1,0.0,0.0,0.08,0,0.0,10.0,0,0.0,0,0,1,2.32,0.0,380.82,380.82,1,1,0,0,2.73,0.0,0.63,0.0,0.0,1.0,0.0,1,1,1
0.333,0.1429,0,0.197,280.51,352.7,222,0.642,3,0.1429,0.0,0.2,0,1.905,48.1,0,1.0,0,0,0,0.0,0.0,55.37,55.37,3,3,0,0,0.95,0.33,0.22,0.1429,0.0,0.2078,352.7,3,3,0
0.0,0.0,0,1.022,305.65,0.0,70,1.675,11,0.0,0.0,0.07,0,0.0,10.0,0,0.0,0,0,0,1.237,0.0,312.47,312.47,0,5,0,0,2.14,0.0,0.49,0.0,0.0,0.2045,0.0,11,11,0
0.0,0.0,0,1.662,267.99,0.0,108,0.562,26,0.0,0.0,0.12,0,0.0,10.0,0,0.0,0,0,0,1.833,0.0,445.27,445.27,0,2,0,0,0.83,0.0,0.19,0.0,0.0,0.5538,0.0,26,26,0
0.667,0.6,0,0.633,311.6,311.4,118,0.83,11,0.6,0.0,0.12,0,0.667,23.3,0,0.667,1,0,0,0.0,0.0,197.21,197.21,0,2,0,0,1.27,0.67,0.29,0.6,0.0,0.7262,311.4,11,11,1
0.333,0.5,1,1.319,293.85,261.78,918,0.376,20,0.5,0.5,0.07,0,-1.667,0.0,0,0.5,0,0,0,0.0,475.01,387.61,387.61,1,3,0,1,0.39,0.33,0.09,0.5,0.3333,0.5553,261.78,20,20,1
0.333,0.5,1,0.818,303.58,358.79,85,0.389,26,0.5,0.0,0.07,1,-1.667,0.0,0,1.0,0,0,0,0.0,358.79,248.37,248.37,0,2,0,1,0.71,0.33,0.16,0.5,0.5,1.0,358.79,26,26,1
0.667,0.4286,0,1.547,179.84,176.01,331,1.03,1,0.4286,0.0,0.1,0,2.381,57.6,0,0.333,0,0,0,0.0,0.0,278.21,278.21,2,3,0,0,1.27,0.67,0.29,0.4286,0.0,0.5299,176.01,1,1,1
0.0,0.0,0,0.242,237.2,0.0,227,1.81,13,0.0,0.0,0.12,0,0.0,10.0,0,0.0,0,0,0,0.518,0.0,57.42,57.42,0,1,0,0,1.85,0.0,0.43,0.0,0.0,0.0173,0.0,13,13,0
0.0,0.0,0,1.0,31.83,0.0,273,0.121,16,0.0,0.0,0.08,1,0.0,10.0,0,0.0,0,0,0,0.0,0.0,31.83,31.83,0,1,0,0,0.11,0.0,0.03,0.0,0.0,1.0,0.0,16,16,1
0.333,0.25,0,1.34,206.57,100.62,554,0.581,6,0.25,0.0,0.07,0,0.833,26.7,0,0.0,0,0,0,3.85,0.0,276.73,276.73,1,1,0,0,0.43,0.33,0.1,0.25,0.0,0.2892,100.62,6,6,1
1.0,0.2727,3,1.243,300.62,306.76,18,18.333,4,0.2727,0.0,0.07,0,7.273,100.0,1,0.667,0,0,1,1.0,920.29,373.56,373.56,5,11,2,3,18.33,1.0,4.23,0.2727,0.2727,0.3913,306.76,4,4,1
0.0,0.0,0,0.817,359.04,0.0,68,0.3,27,0.0,0.0,0.12,0,0.0,10.0,0,0.0,0,0,0,0.0,0.0,293.5,293.5,0,2,0,0,0.88,0.0,0.2,0.0,0.0,0.4087,0.0,27,27,0
0.0,0.0,0,1.813,258.0,0.0,162,0.365,29,0.0,0.0,0.08,0,0.0,10.0,0,0.0,0,0,0,0.0,0.0,467.65,467.65,0,1,0,0,0.37,0.0,0.09,0.0,0.0,0.9063,0.0,29,29,1
0.0,0.0,0,1.0,95.83,0.0,277,0.299,27,0.0,0.0,0.03,0,0.0,10.0,0,0.0,0,0,0,0.0,0.0,95.83,95.83,0,1,0,0,0.11,0.0,0.03,0.0,0.0,1.0,0.0,27,27,0
0.0,0.0,0,0.648,272.98,0.0,396,0.647,16,0.0,0.0,0.1,0,0.0,10.0,0,0.0,0,0,0,0.0,0.0,176.8,176.8,0,3,0,0,0.76,0.0,0.17,0.0,0.0,0.0648,0.0,16,16,0
0.0,0.125,0,0.336,256.66,388.57,427,0.471,14,0.125,0.5,0.2,0,-1.25,0.0,0,1.0,0,0,0,0.0,0.0,86.28,86.28,0,1,0,0,0.56,0.0,0.13,0.125,0.0,0.2313,388.57,14,14,0
0.667,0.2,2,0.235,256.27,159.65,30,6.29,28,0.2,0.0,0.07,0,4.667,100.0,0,0.0,0,0,0,0.32,319.3,60.11,60.11,1,10,1,2,10.0,0.67,2.31,0.2,0.2,0.148,159.65,28,28,1
0.0,0.1667,0,0.913,105.81,169.2,361,0.483,27,0.1667,0.0,0.2,0,-1.667,0.0,0,0.0,0,0,0,2.204,0.0,96.6,96.6,0,1,0,0,0.5,0.0,0.12,0.1667,0.0,0.4187,169.2,27,27,0
0.0,0.0,0,0.387,233.63,0.0,613,0.587,19,0.0,0.0,0.12,0,0.0,10.0,0,0.0,0,0,0,1.767,0.0,90.47,90.47,0,1,0,0,0.59,0.0,0.14,0.0,0.0,0.0323,0.0,19,19,0
0.0,0.0,0,0.977,343.58,0.0,189,0.764,6,0.0,0.0,0.12,0,0.0,10.0,0,0.0,0,0,0,2.94,0.0,335.54,335.54,1,3,0,0,0.95,0.0,0.22,0.0,0.0,0.1628,0.0,6,6,0
0.333,0.3077,1,1.792,246.95,281.8,563,0.599,16,0.3077,0.0,0.1,0,0.256,15.1,0,0.75,0,0,0,0.0,250.78,442.56,442.56,1,2,0,1,0.69,0.33,0.16,0.3077,0.5,0.489,281.8,16,16,1
0.0,0.0,0,0.238,175.53,0.0,51,6.19,8,0.0,0.0,0.1,0,0.0,10.0,0,0.0,0,0,0,1.76,0.0,41.69,41.69,1,11,0,0,7.06,0.0,1.63,0.0,0.0,0.0198,0.0,8,8,0
0.333,0.1818,1,1.208,211.39,113.15,532,0.6,16,0.1818,0.0,0.08,0,1.515,40.3,0,0.0,0,0,0,0.0,76.74,255.32,255.32,0,2,1,1,0.62,0.33,0.14,0.1818,0.5,0.2071,113.15,16,16,1
0.333,0.4545,0,0.657,247.93,243.22,330,1.014,13,0.4545,0.5,0.07,0,-1.212,0.0,0,0.8,0,0,0,0.985,0.0,162.77,162.77,0,1,0,0,1.0,0.33,0.23,0.4545,0.0,0.5056,243.22,13,13,1
0.0,0.0,0,0.577,309.18,0.0,99,3.02,1,0.0,0.0,0.12,0,0.0,10.0,0,0.0,0,0,0,0.992,0.0,178.4,178.4,1,3,0,0,3.03,0.0,0.7,0.0,0.0,0.0577,0.0,1,1,0
0.333,0.2,1,1.254,385.19,479.14,123,1.108,16,0.2,0.0,0.07,0,1.333,36.7,0,1.0,0,0,0,0.894,479.14,482.88,482.88,1,3,0,1,1.22,0.33,0.28,0.2,0.3333,0.4995,479.14,16,16,0
0.0,0.0,0,1.491,319.68,0.0,175,0.69,18,0.0,0.0,0.1,0,0.0,10.0,0,0.0,0,0,0,1.493,0.0,476.77,476.77,0,1,0,0,0.86,0.0,0.2,0.0,0.0,0.2983,0.0,18,18,0
0.0,0.5,0,1.28,340.27,261.72,377,0.21,17,0.5,0.0,0.2,0,-5.0,0.0,0,0.5,0,0,0,5.692,0.0,435.58,435.58,0,1,0,0,0.32,0.0,0.07,0.5,0.0,0.7046,261.72,17,17,1
0.667,0.3333,2,0.336,216.37,274.12,32,5.493,18,0.3333,0.3333,0.12,1,3.333,76.7,0,0.5,0,0,0,1.171,548.23,72.69,72.69,1,5,0,2,5.62,0.67,1.3,0.3333,0.4,0.4783,274.12,18,18,1
0.333,0.3333,1,0.769,343.53,397.45,42,1.607,13,0.3333,0.0,0.1,0,0.0,10.0,0,1.0,0,0,0,1.733,397.45,264.23,264.23,0,3,0,1,2.14,0.33,0.49,0.3333,0.3333,0.642,397.45,13,13,0
0.0,0.0,0,1.241,355.11,0.0,66,0.874,15,0.0,0.0,0.1,0,0.0,10.0,0,0.0,0,0,0,2.933,0.0,440.84,440.84,1,2,0,0,1.36,0.0,0.31,0.0,0.0,0.4138,0.0,15,15,0
0.0,0.5,0,1.57,302.16,154.67,446,0.22,11,0.5,0.5,0.2,0,-5.0,0.0,0,0.0,0,0,0,0.0,0.0,474.47,474.47,0,1,0,0,0.27,0.0,0.06,0.5,0.0,0.6485,154.67,11,11,0
0.0,0.0,0,1.0,446.59,0.0,229,0.338,23,0.0,0.0,0.1,1,0.0,10.0,0,0.0,1,0,0,0.0,0.0,446.59,446.59,0,1,0,0,0.13,0.0,0.03,0.0,0.0,1.0,0.0,23,23,1
0.0,0.0,0,0.882,245.5,0.0,13,7.925,2,0.0,0.0,0.03,0,0.0,10.0,0,0.0,0,0,1,0.426,0.0,216.57,216.57,1,3,0,0,6.92,0.0,1.6,0.0,0.0,0.294,0.0,2,2,0
0.0,0.1,0,0.574,212.36,425.71,538,0.493,16,0.1,0.0,0.03,0,-1.0,0.0,0,1.0,0,0,0,0.0,0.0,121.84,121.84,0,1,0,0,0.56,0.0,0.13,0.1,0.0,0.2578,425.71,16,16,0
0.0,0.0,0,0.372,238.49,0.0,872,0.477,25,0.0,0.0,0.08,0,0.0,10.0,0,0.0,0,0,0,0.0,0.0,88.64,88.64,0,2,0,0,0.52,0.0,0.12,0.0,0.0,0.0248,0.0,25,25,0
0.333,0.5,0,1.24,311.24,294.68,215,0.382,7,0.5,0.0,0.12,0,-1.667,0.0,0,0.5,0,0,0,0.0,0.0,385.9,385.9,1,1,0,0,0.56,0.33,0.13,0.5,0.0,0.7834,294.68,7,7,1
0.0,0.0,0,1.39,220.37,0.0,114,0.286,5,0.0,0.0,0.03,1,0.0,10.0,0,0.0,0,0,0,0.0,0.0,306.33,306.33,1,1,0,0,0.53,0.0,0.12,0.0,0.0,0.695,0.0,5,5,1
2.0,0.5455,2,0.557,193.3,144.29,53,4.787,13,0.5455,0.75,0.2,0,14.545,100.0,0,0.5,0,0,0,0.776,249.13,107.74,107.74,2,4,0,2,6.23,2.0,1.44,0.5455,0.5,0.4578,144.29,13,13,1
0.0,0.0,0,1.0,445.5,0.0,32,0.957,18,0.0,0.0,0.2,0,0.0,10.0,0,0.0,0,0,0,0.0,0.0,445.5,445.5,0,1,0,0,0.94,0.0,0.22,0.0,0.0,1.0,0.0,18,18,1
0.0,0.0,0,0.44,272.87,0.0,251,0.659,5,0.0,0.0,0.2,0,0.0,10.0,0,0.0,0,0,0,3.372,0.0,120.02,120.02,1,2,0,0,0.96,0.0,0.22,0.0,0.0,0.055,0.0,5,5,0
0.333,0.2,1,0.753,186.64,218.44,316,0.359,29,0.2,0.0,0.08,0,1.333,36.7,0,1.0,1,0,0,0.0,218.44,140.61,140.61,0,1,1,1,0.47,0.33,0.11,0.2,1.0,0.3848,218.44,29,29,0
0.0,0.0,0,1.0,485.91,0.0,41,0.608,27,0.0,0.0,0.2,0,0.0,10.0,0,0.0,0,0,0,7.867,0.0,485.91,485.91,0,1,0,0,0.73,0.0,0.17,0.0,0.0,1.0,0.0,27,27,0
0.667,0.4,1,1.229,287.71,132.36,90,1.654,30,0.4,0.5,0.07,0,2.667,63.3,0,0.5,0,0,0,0.0,209.66,353.5,353.5,1,3,1,1,1.67,0.67,0.38,0.4,0.3333,0.4298,132.36,30,30,1
0.0,0.0,0,0.392,285.83,0.0,232,0.19,30,0.0,0.0,0.2,0,0.0,10.0,0,0.0,0,0,0,0.0,0.0,112.16,112.16,0,1,0,0,0.39,0.0,0.09,0.0,0.0,0.1308,0.0,30,30,0
0.0,0.0,0,1.0,394.73,0.0,31,0.763,20,0.0,0.0,0.1,0,0.0,10.0,0,0.0,0,0,0,0.0,0.0,394.73,394.73,0,1,0,0,0.97,0.0,0.22,0.0,0.0,1.0,0.0,20,20,0
0.0,0.2727,0,1.567,204.96,147.39,409,0.666,20,0.2727,0.3333,0.03,0,-2.727,0.0,0,0.0,0,0,0,0.0,0.0,321.18,321.18,0,1,0,0,0.81,0.0,0.19,0.2727,0.0,0.3386,147.39,20,20,0
0.0,0.0,0,1.0,86.39,0.0,42,0.469,8,0.0,0.0,0.07,0,0.0,10.0,0,0.0,0,0,0,0.0,0.0,86.39,86.39,0,1,0,0,0.71,0.0,0.16,0.0,0.0,1.0,0.0,8,8,0
0.333,0.125,0,0.583,294.34,312.47,123,1.675,5,0.125,0.0,0.08,0,2.083,51.7,0,1.0,0,0,0,1.237,0.0,171.46,171.46,1,3,0,0,1.95,0.33,0.45,0.125,0.0,0.2055,312.47,5,5,0
0.0,0.0,0,1.293,377.44,0.0,238,0.336,27,0.0,0.0,0.12,0,0.0,10.0,0,0.0,0,0,0,3.221,0.0,488.1,488.1,0,1,0,0,0.25,0.0,0.06,0.0,0.0,0.6466,0.0,27,27,0
0.333,0.2,1,1.354,101.35,112.15,11,13.636,10,0.2,0.0,0.2,0,1.333,36.7,0,0.0,0,0,1,1.0,112.15,137.24,137.24,3,5,1,1,13.64,0.33,3.15,0.2,0.2,0.4921,112.15,10,10,0
0.0,0.0,0,0.746,261.08,0.0,219,1.505,2,0.0,0.0,0.03,0,0.0,10.0,0,0.0,0,0,0,0.638,0.0,194.86,194.86,2,2,0,0,1.78,0.0,0.41,0.0,0.0,0.0574,0.0,2,2,0
2.0,0.4,3,0.229,269.51,258.18,114,3.947,13,0.4,0.6667,0.2,1,16.0,100.0,1,0.5,0,0,0,1.018,1031.16,61.61,61.61,0,4,2,3,3.95,2.0,0.91,0.4,0.75,0.3984,258.18,13,13,1
0.0,0.0,0,0.596,309.65,0.0,80,0.84,29,0.0,0.0,0.12,0,0.0,10.0,0,0.0,1,0,0,0.0,0.0,184.43,184.43,0,3,0,0,1.5,0.0,0.35,0.0,0.0,0.1489,0.0,29,29,0
0.0,0.2222,0,1.461,246.11,122.07,649,0.499,23,0.2222,0.5,0.2,0,-2.222,0.0,0,0.0,0,0,0,4.674,0.0,359.48,359.48,0,2,0,0,0.42,0.0,0.1,0.2222,0.0,0.2725,122.07,23,23,1
0.0,0.0,0,1.0,261.44,0.0,75,0.436,27,0.0,0.0,0.05,0,0.0,10.0,0,0.0,0,0,0,2.617,0.0,261.44,261.44,0,1,0,0,0.4,0.0,0.09,0.0,0.0,1.0,0.0,27,27,0
0.0,0.4,0,0.49,329.52,344.02,610,0.224,19,0.4,0.3333,0.2,0,-4.0,0.0,0,1.0,0,0,0,0.0,0.0,161.4,161.4,0,1,0,0,0.25,0.0,0.06,0.4,0.0,0.5156,344.02,19,19,1
0.333,0.25,0,0.845,170.53,117.82,226,0.333,1,0.25,0.0,0.12,0,0.833,26.7,0,0.0,0,0,0,7.667,0.0,144.16,144.16,1,1,0,0,0.53,0.33,0.12,0.25,0.0,0.3841,117.82,1,1,1
0.0,0.0,0,0.534,393.09,0.0,454,0.251,5,0.0,0.0,0.1,0,0.0,10.0,0,0.0,0,0,0,0.0,0.0,210.0,210.0,1,1,0,0,0.26,0.0,0.06,0.0,0.0,0.1336,0.0,5,5,0
0.667,0.3333,0,0.811,211.22,221.52,107,2.211,11,0.3333,0.5,0.2,0,3.333,76.7,0,0.5,0,0,0,2.133,0.0,171.2,171.2,1,3,0,0,1.68,0.67,0.39,0.3333,0.0,0.4847,221.52,11,11,1
0.0,0.0,0,1.528,118.97,0.0,70,0.986,11,0.0,0.0,0.05,0,0.0,10.0,0,0.0,0,0,0,1.017,0.0,181.75,181.75,1,2,0,0,0.86,0.0,0.2,0.0,0.0,0.7638,0.0,11,11,0
0.0,0.2,0,0.908,222.05,276.41,508,0.238,11,0.2,0.5,0.03,1,-2.0,0.0,0,1.0,0,0,0,0.0,0.0,201.64,201.64,0,2,0,0,0.3,0.0,0.07,0.2,0.0,0.4306,276.41,11,11,1
0.0,0.0,0,1.873,208.08,0.0,88,0.738,1,0.0,0.0,0.2,0,0.0,10.0,0,0.0,0,0,0,1.533,0.0,389.66,389.66,1,1,0,0,0.68,0.0,0.16,0.0,0.0,0.9363,0.0,1,1,0
0.0,0.1,0,1.091,308.2,333.9,333,0.898,11,0.1,0.0,0.12,0,-1.0,0.0,0,1.0,0,0,0,4.343,0.0,336.26,336.26,0,3,0,0,0.9,0.0,0.21,0.1,0.0,0.2174,333.9,11,11,0
0.0,0.3333,0,1.256,277.24,268.78,279,0.317,29,0.3333,0.0,0.12,0,-3.333,0.0,0,0.5,0,0,0,0.0,0.0,348.33,348.33,1,2,0,0,0.65,0.0,0.15,0.3333,0.0,0.5326,268.78,29,29,1
1.0,0.4167,1,1.241,307.62,340.33,163,1.846,22,0.4167,0.2,0.1,0,5.833,100.0,0,1.0,0,0,0,0.0,450.85,381.68,381.68,0,3,1,1,2.21,1.0,0.51,0.4167,0.3333,0.5644,340.33,22,22,1
0.333,0.5,0,0.892,287.6,283.86,317,1.024,25,0.5,0.5,0.1,0,-1.667,0.0,0,0.833,0,0,0,0.975,0.0,256.57,256.57,0,1,0,0,1.14,0.33,0.26,0.5,0.0,0.5678,283.86,25,25,1
0.0,0.0,0,1.0,483.51,0.0,41,0.439,8,0.0,0.0,0.1,0,0.0,10.0,0,0.0,0,0,0,2.422,0.0,483.51,483.51,0,1,0,0,0.73,0.0,0.17,0.0,0.0,1.0,0.0,8,8,0
0.333,0.125,1,0.822,236.12,111.29,23,10.435,1,0.125,0.0,0.2,0,2.083,51.7,0,0.0,0,0,1,1.0,111.29,194.16,194.16,4,8,1,1,10.43,0.33,2.41,0.125,0.125,0.1617,111.29,1,1,1
0.667,0.6667,2,0.941,383.2,394.45,56,1.304,10,0.6667,0.5,0.03,0,0.0,10.0,0,1.0,0,0,0,0.0,788.9,360.71,360.71,0,1,0,2,1.61,0.67,0.37,0.6667,2.0,1.0,394.45,10,10,1
0.667,0.4,1,0.999,171.43,119.98,126,1.321,7,0.4,0.3333,0.07,0,2.667,63.3,0,0.0,0,0,0,1.72,143.06,171.25,171.25,1,2,0,1,1.19,0.67,0.27,0.4,0.5,0.4797,119.98,7,7,1
0.0,0.0,0,1.051,351.6,0.0,187,0.525,12,0.0,0.0,0.2,0,0.0,10.0,0,0.0,0,0,0,0.0,0.0,369.61,369.61,0,1,0,0,0.48,0.0,0.11,0.0,0.0,0.3504,0.0,12,12,0
0.0,0.0,0,0.351,343.87,0.0,42,0.754,27,0.0,0.0,0.08,0,0.0,10.0,0,0.0,0,0,0,0.0,0.0,120.83,120.83,1,4,0,0,3.57,0.0,0.82,0.0,0.0,0.0703,0.0,27,27,0
0.0,0.0,0,0.968,461.82,0.0,38,0.548,15,0.0,0.0,0.2,0,0.0,10.0,0,0.0,0,0,0,1.887,0.0,446.95,446.95,1,2,0,0,1.58,0.0,0.36,0.0,0.0,0.4839,0.0,15,15,0
0.0,0.0,0,0.473,287.99,0.0,93,1.111,6,0.0,0.0,0.2,0,0.0,10.0,0,0.0,0,0,0,0.89,0.0,136.22,136.22,2,3,0,0,0.97,0.0,0.22,0.0,0.0,0.1577,0.0,6,6,1
0.333,0.3333,1,1.647,287.48,206.66,164,0.364,20,0.3333,0.5,0.2,0,0.0,10.0,0,1.0,0,0,0,0.0,206.66,473.6,473.6,0,3,1,1,0.55,0.33,0.13,0.3333,0.3333,0.7888,206.66,20,20,1
0.0,0.0,0,1.029,228.01,0.0,299,0.42,18,0.0,0.0,0.12,0,0.0,10.0,0,0.0,0,0,0,0.0,0.0,234.73,234.73,0,1,0,0,0.5,0.0,0.12,0.0,0.0,0.2059,0.0,18,18,0
0.333,0.125,0,1.354,271.69,289.48,188,1.471,13,0.125,0.0,0.07,0,2.083,51.7,0,1.0,0,0,0,3.867,0.0,367.85,367.85,1,2,0,0,1.28,0.33,0.29,0.125,0.0,0.3024,289.48,13,13,0
0.0,0.0,0,1.0,147.33,0.0,53,0.156,12,0.0,0.0,0.1,0,0.0,10.0,0,0.0,0,0,0,7.758,0.0,147.33,147.33,0,1,0,0,0.57,0.0,0.13,0.0,0.0,1.0,0.0,12,12,0
1.0,0.5,2,0.57,342.66,370.31,53,2.727,17,0.5,0.5,0.2,0,5.0,100.0,0,1.0,0,0,0,0.692,718.34,195.22,195.22,0,3,0,2,3.4,1.0,0.78,0.5,0.6667,0.6353,370.31,17,17,1
0.333,0.1,0,0.667,222.53,140.94,252,1.025,22,0.1,0.5,0.07,0,2.333,56.7,0,0.0,0,0,0,0.973,0.0,148.33,148.33,0,2,0,0,1.19,0.33,0.27,0.1,0.0,0.13,140.94,22,22,0
0.0,0.0,0,1.106,236.37,0.0,234,1.544,27,0.0,0.0,0.12,0,0.0,10.0,0,0.0,0,0,0,0.0,0.0,261.48,261.48,1,4,0,0,1.79,0.0,0.41,0.0,0.0,0.079,0.0,27,27,0
0.333,0.4,1,1.16,354.86,319.72,298,0.369,13,0.4,0.0,0.07,0,-0.667,0.0,0,0.5,0,0,0,0.0,179.92,411.74,411.74,0,3,0,1,0.5,0.33,0.12,0.4,0.3333,0.5925,319.72,13,13,0
0.0,0.0,0,0.834,269.24,0.0,117,0.812,5,0.0,0.0,0.2,0,0.0,10.0,0,0.0,0,0,0,1.25,0.0,224.64,224.64,1,2,0,0,0.51,0.0,0.12,0.0,0.0,0.4172,0.0,5,5,1
0.0,0.0,0,1.018,268.01,0.0,445,0.876,8,0.0,0.0,0.12,0,0.0,10.0,0,0.0,0,0,0,2.515,0.0,272.91,272.91,0,2,0,0,0.88,0.0,0.2,0.0,0.0,0.0783,0.0,8,8,0
0.667,0.3846,0,2.089,216.23,172.54,472,0.827,26,0.3846,0.5,0.08,0,2.821,66.4,0,0.4,1,0,0,1.224,0.0,451.77,451.77,2,3,0,0,0.83,0.67,0.19,0.3846,0.0,0.4676,172.54,26,26,1
0.667,0.2857,2,1.38,269.96,220.12,55,3.934,15,0.2857,0.5,0.03,0,3.81,86.2,0,0.5,0,0,0,0.344,440.23,372.56,372.56,0,1,0,2,3.82,0.67,0.88,0.2857,2.0,0.4301,220.12,15,15,1
0.0,0.5,0,1.222,375.94,292.34,254,0.253,16,0.5,0.0,0.07,1,-5.0,0.0,0,1.0,1,0,0,4.444,0.0,459.54,459.54,0,1,0,0,0.24,0.0,0.05,0.5,0.0,1.0,292.34,16,16,1
0.0,0.5,0,0.709,270.22,348.72,199,0.305,18,0.5,0.0,0.2,0,-5.0,0.0,0,1.0,0,0,0,3.61,0.0,191.71,191.71,0,1,0,0,0.3,0.0,0.07,0.5,0.0,1.0,348.72,18,18,0
0.0,0.3333,0,0.686,238.08,314.75,245,0.422,23,0.3333,0.0,0.05,1,-3.333,0.0,0,1.0,0,0,0,6.617,0.0,163.23,163.23,0,2,0,0,0.37,0.0,0.08,0.3333,0.0,0.6692,314.75,23,23,1
0.0,0.0909,0,0.846,187.43,242.75,785,0.431,29,0.0909,0.0,0.2,0,-0.909,0.0,0,1.0,0,0,0,2.421,0.0,158.56,158.56,0,2,0,0,0.42,0.0,0.1,0.0909,0.0,0.1946,242.75,29,29,0
0.0,0.0,0,1.035,191.46,0.0,189,0.158,9,0.0,0.0,0.12,0,0.0,10.0,0,0.0,0,0,0,0.0,0.0,198.25,198.25,0,1,0,0,0.32,0.0,0.07,0.0,0.0,0.5177,0.0,9,9,0
0.0,0.0,0,0.439,319.45,0.0,938,0.478,2,0.0,0.0,0.2,0,0.0,10.0,0,0.0,0,0,0,4.672,0.0,140.24,140.24,2,2,0,0,0.48,0.0,0.11,0.0,0.0,0.0293,0.0,2,2,0
0.333,0.3333,0,1.633,104.07,71.06,103,1.613,3,0.3333,0.0,0.1,0,0.0,10.0,0,0.0,0,0,0,2.229,0.0,169.94,169.94,1,2,0,0,0.87,0.33,0.2,0.3333,0.0,0.7719,71.06,3,3,1
0.667,0.4545,0,1.066,241.2,238.82,249,0.87,29,0.4545,0.0,0.03,0,2.121,52.4,0,0.6,0,0,0,1.16,0.0,257.24,257.24,0,1,0,0,1.33,0.67,0.31,0.4545,0.0,0.547,238.82,29,29,1
0.0,0.0,0,1.721,276.52,0.0,8,10.645,2,0.0,0.0,0.08,0,0.0,10.0,0,0.0,1,0,1,1.0,0.0,475.99,475.99,2,2,0,0,7.5,0.0,1.73,0.0,0.0,0.8607,0.0,2,2,0
2.0,0.6,6,0.954,256.27,216.99,35,6.29,28,0.6,0.5,0.2,0,14.0,100.0,1,0.5,0,1,0,0.32,1301.94,244.58,244.58,0,7,4,6,8.57,2.0,1.98,0.6,0.8571,0.6035,216.99,28,28,1
0.0,0.0,0,0.475,253.52,0.0,114,2.074,30,0.0,0.0,0.12,0,0.0,10.0,0,0.0,0,0,0,0.439,0.0,120.51,120.51,1,3,0,0,2.63,0.0,0.61,0.0,0.0,0.0475,0.0,30,30,0
0.0,0.0,0,1.695,262.3,0.0,846,0.213,28,0.0,0.0,0.07,0,0.0,10.0,0,0.0,1,0,0,5.44,0.0,444.62,444.62,0,1,0,0,0.21,0.0,0.05,0.0,0.0,0.2825,0.0,28,28,0
0.0,0.1111,0,0.28,314.8,467.81,901,0.34,21,0.1111,0.0,0.08,0,-1.111,0.0,0,1.0,0,0,0,0.0,0.0,88.05,88.05,0,3,0,0,0.3,0.0,0.07,0.1111,0.0,0.1962,467.81,21,21,0
0.0,0.4167,0,2.13,201.97,167.8,725,0.495,25,0.4167,0.5,0.1,0,-4.167,0.0,0,0.2,1,0,0,2.115,0.0,430.28,430.28,0,1,0,0,0.5,0.0,0.11,0.4167,0.0,0.5237,167.8,25,25,1
0.667,0.3636,1,1.007,273.46,268.32,254,0.943,13,0.3636,0.0,0.03,0,3.03,70.6,0,0.5,0,0,0,0.0,427.95,275.24,275.24,1,3,1,1,1.3,0.67,0.3,0.3636,0.3333,0.4483,268.32,13,13,1
0.333,0.2,1,0.978,311.56,498.11,92,1.284,22,0.2,0.0,0.2,0,1.333,36.7,0,1.0,0,0,0,1.65,498.11,304.78,304.78,1,2,1,1,1.63,0.33,0.38,0.2,0.5,0.5154,498.11,22,22,1
0.0,0.3333,0,1.043,231.08,333.53,427,0.452,20,0.3333,0.0,0.05,0,-3.333,0.0,0,1.0,0,0,0,0.0,0.0,241.05,241.05,0,1,0,0,0.63,0.0,0.15,0.3333,0.0,0.597,333.53,20,20,1
0.0,0.0,0,1.797,141.12,0.0,510,0.195,10,0.0,0.0,0.07,1,0.0,10.0,0,0.0,0,0,0,5.947,0.0,253.65,253.65,0,1,0,0,0.18,0.0,0.04,0.0,0.0,0.5991,0.0,10,10,1
0.333,0.25,0,1.7,261.21,168.62,400,0.483,17,0.25,0.0,0.07,1,0.833,26.7,0,0.5,0,0,0,0.0,0.0,444.0,444.0,0,1,0,0,0.6,0.33,0.14,0.25,0.0,0.3738,168.62,17,17,1
0.667,0.3333,1,0.996,270.9,329.86,49,4.138,20,0.3333,0.0,0.03,1,3.333,76.7,0,0.5,0,0,0,1.357,493.33,269.85,269.85,1,4,0,1,3.67,0.67,0.85,0.3333,0.25,0.5719,329.86,20,20,1
0.0,0.0,0,1.338,270.28,0.0,678,0.377,15,0.0,0.0,0.2,0,0.0,10.0,0,0.0,0,0,0,2.806,0.0,361.67,361.67,0,1,0,0,0.4,0.0,0.09,0.0,0.0,0.1487,0.0,15,15,0
0.0,0.0,0,1.162,246.74,0.0,184,1.31,15,0.0,0.0,0.08,0,0.0,10.0,0,0.0,0,0,0,4.422,0.0,286.73,286.73,0,1,0,0,0.98,0.0,0.23,0.0,0.0,0.1937,0.0,15,15,0
0.0,0.1667,0,1.274,333.85,223.37,522,0.567,7,0.1667,0.3333,0.12,0,-1.667,0.0,0,0.5,0,0,0,3.918,0.0,425.36,425.36,1,1,0,0,0.69,0.0,0.16,0.1667,0.0,0.2177,223.37,7,7,0
0.0,0.3333,0,0.897,234.04,321.17,272,0.397,24,0.3333,0.0,0.07,0,-3.333,0.0,0,1.0,0,0,0,0.0,0.0,209.9,209.9,0,1,0,0,0.33,0.0,0.08,0.3333,0.0,0.7564,321.17,24,24,0
0.0,0.0,0,0.453,215.41,0.0,52,2.838,26,0.0,0.0,0.05,0,0.0,10.0,0,0.0,0,0,0,0.587,0.0,97.64,97.64,1,4,0,0,3.46,0.0,0.8,0.0,0.0,0.0755,0.0,26,26,1
0.0,0.0,0,1.888,243.74,0.0,595,0.368,6,0.0,0.0,0.1,0,0.0,10.0,0,0.0,0,0,0,0.0,0.0,460.12,460.12,1,1,0,0,0.35,0.0,0.08,0.0,0.0,0.2697,0.0,6,6,0
0.0,0.0,0,1.457,264.47,0.0,113,0.701,12,0.0,0.0,0.2,0,0.0,10.0,0,0.0,0,0,0,1.461,0.0,385.24,385.24,1,3,0,0,0.8,0.0,0.18,0.0,0.0,0.4855,0.0,12,12,0
0.0,0.0,0,1.193,397.24,0.0,56,1.5,5,0.0,0.0,0.1,0,0.0,10.0,0,0.0,0,0,0,0.0,0.0,473.77,473.77,1,2,0,0,1.61,0.0,0.37,0.0,0.0,0.3976,0.0,5,5,0
0.0,0.0,0,1.449,198.76,0.0,12,17.5,1,0.0,0.0,0.1,0,0.0,10.0,0,0.0,0,0,1,1.0,0.0,288.01,288.01,5,7,0,0,17.5,0.0,4.04,0.0,0.0,0.207,0.0,1,1,1
0.333,0.6667,0,0.644,163.88,193.04,176,0.406,27,0.6667,0.0,0.03,1,-3.333,0.0,0,0.5,0,0,0,2.61,0.0,105.55,105.55,0,1,0,0,0.51,0.33,0.12,0.6667,0.0,1.0,193.04,27,27,1
0.0,0.0,0,0.881,187.35,0.0,206,0.44,13,0.0,0.0,0.12,0,0.0,10.0,0,0.0,0,0,0,0.0,0.0,165.09,165.09,0,1,0,0,0.87,0.0,0.2,0.0,0.0,0.1469,0.0,13,13,0
0.333,0.6,1,1.6,263.59,253.28,415,0.636,29,0.6,0.0,0.2,0,-2.667,0.0,0,0.667,0,0,0,0.0,38.39,421.78,421.78,0,2,0,1,0.72,0.33,0.17,0.6,0.5,0.7365,253.28,29,29,1
0.333,0.5,1,1.01,187.25,138.53,171,1.03,5,0.5,0.5,0.08,0,-1.667,0.0,0,0.333,0,0,0,0.0,36.89,189.11,189.11,1,3,0,1,1.05,0.33,0.24,0.5,0.3333,0.5382,138.53,5,5,1
0.0,0.0,0,0.587,210.78,0.0,234,1.277,7,0.0,0.0,0.07,0,0.0,10.0,0,0.0,0,0,0,0.764,0.0,123.75,123.75,2,3,0,0,1.28,0.0,0.3,0.0,0.0,0.0587,0.0,7,7,0
0.0,0.0,0,1.0,50.54,0.0,121,0.554,5,0.0,0.0,0.2,1,0.0,10.0,0,0.0,0,0,0,0.0,0.0,50.54,50.54,1,1,0,0,0.25,0.0,0.06,0.0,0.0,1.0,0.0,5,5,1
0.0,0.0,0,0.888,201.54,0.0,225,0.676,16,0.0,0.0,0.2,0,0.0,10.0,0,0.0,0,0,0,1.514,0.0,179.05,179.05,0,1,0,0,0.4,0.0,0.09,0.0,0.0,0.2961,0.0,16,16,0
0.0,0.0,0,0.378,103.56,0.0,515,0.104,18,0.0,0.0,0.12,0,0.0,10.0,0,0.0,0,0,0,0.0,0.0,39.15,39.15,0,1,0,0,0.12,0.0,0.03,0.0,0.0,0.189,0.0,18,18,1
0.333,0.3333,0,0.75,255.04,335.39,234,0.187,26,0.3333,0.0,0.05,0,0.0,10.0,0,1.0,1,0,0,0.0,0.0,191.28,191.28,0,1,0,0,0.38,0.33,0.09,0.3333,0.0,0.6884,335.39,26,26,0
0.333,0.5,1,0.789,291.72,365.22,368,0.761,20,0.5,0.0,0.07,1,-1.667,0.0,0,1.0,0,0,0,1.342,300.8,230.26,230.26,0,3,0,1,0.65,0.33,0.15,0.5,0.3333,0.7247,365.22,20,20,1
0.333,0.125,1,1.001,325.33,308.8,19,10.8,10,0.125,0.0,0.05,0,2.083,51.7,0,1.0,0,0,1,1.0,308.8,325.51,325.51,5,8,1,1,12.63,0.33,2.92,0.125,0.125,0.2437,308.8,10,10,0
0.0,0.0,0,1.442,216.32,0.0,350,0.239,13,0.0,0.0,0.2,0,0.0,10.0,0,0.0,0,0,0,4.983,0.0,311.91,311.91,0,1,0,0,0.17,0.0,0.04,0.0,0.0,0.721,0.0,13,13,0
0.667,0.75,2,0.856,371.58,389.43,242,0.533,11,0.75,0.0,0.08,0,-0.833,0.0,0,1.0,0,0,0,0.0,825.97,318.01,318.01,0,2,0,2,0.5,0.67,0.11,0.75,1.0,1.0,389.43,11,11,1
0.0,0.4545,0,0.668,233.09,196.8,697,0.51,15,0.4545,0.0,0.12,0,-4.545,0.0,0,0.2,0,0,0,2.031,0.0,155.69,155.69,0,1,0,0,0.47,0.0,0.11,0.4545,0.0,0.4445,196.8,15,15,1
1.0,0.375,0,1.659,189.15,200.75,151,0.72,16,0.375,0.25,0.12,0,6.25,100.0,0,0.667,0,0,0,0.0,0.0,313.74,313.74,0,2,0,0,1.59,1.0,0.37,0.375,0.0,0.6053,200.75,16,16,1
0.0,0.6,0,0.824,252.1,241.27,880,0.457,2,0.6,0.75,0.1,0,-6.0,0.0,0,0.556,0,0,0,0.0,0.0,207.83,207.83,1,1,0,0,0.51,0.0,0.12,0.6,0.0,0.6292,241.27,2,2,1
0.0,0.0,0,0.822,191.39,0.0,519,0.226,23,0.0,0.0,0.1,0,0.0,10.0,0,0.0,0,0,0,0.0,0.0,157.28,157.28,0,2,0,0,0.29,0.0,0.07,0.0,0.0,0.1644,0.0,23,23,0
0.0,0.0,0,1.022,244.08,0.0,58,1.37,20,0.0,0.0,0.1,0,0.0,10.0,0,0.0,0,0,0,0.0,0.0,249.49,249.49,0,2,0,0,1.55,0.0,0.36,0.0,0.0,0.3407,0.0,20,20,0
0.0,0.1818,0,1.246,214.63,312.24,550,0.586,18,0.1818,0.0,0.03,0,-1.818,0.0,0,1.0,0,0,0,0.0,0.0,267.52,267.52,0,1,0,0,0.6,0.0,0.14,0.1818,0.0,0.3778,312.24,18,18,0
0.0,0.0,0,1.695,182.06,0.0,155,0.211,1,0.0,0.0,0.07,0,0.0,10.0,0,0.0,0,0,0,0.0,0.0,308.59,308.59,1,2,0,0,0.58,0.0,0.13,0.0,0.0,0.565,0.0,1,1,0
0.0,0.0,0,0.845,252.78,0.0,444,0.123,16,0.0,0.0,0.03,1,0.0,10.0,0,0.0,0,0,0,0.0,0.0,213.7,213.7,1,2,0,0,0.14,0.0,0.03,0.0,0.0,0.4227,0.0,16,16,1
0.333,0.3636,1,0.773,316.57,394.54,852,0.345,10,0.3636,0.0,0.03,1,-0.303,3.9,0,1.0,0,0,0,0.0,476.23,244.78,244.78,0,2,1,1,0.39,0.33,0.09,0.3636,0.5,0.5235,394.54,10,10,1
0.0,0.0,0,1.044,315.81,0.0,193,0.445,5,0.0,0.0,0.1,0,0.0,10.0,0,0.0,0,0,0,2.35,0.0,329.81,329.81,1,1,0,0,0.31,0.0,0.07,0.0,0.0,0.5222,0.0,5,5,1
0.667,0.3846,2,1.028,267.23,268.86,220,1.654,5,0.3846,0.3333,0.2,0,2.821,66.4,0,0.8,0,0,0,0.0,726.1,274.65,274.65,1,5,1,2,1.77,0.67,0.41,0.3846,0.4,0.466,268.86,5,5,1
0.333,0.4444,0,1.421,277.12,307.11,444,0.548,24,0.4444,0.0,0.2,0,-1.111,0.0,0,0.75,1,0,0,0.0,0.0,393.77,393.77,0,1,0,0,0.61,0.33,0.14,0.4444,0.0,0.6504,307.11,24,24,1
0.667,0.5,1,1.305,333.28,392.0,98,1.373,5,0.5,0.5,0.08,0,1.667,43.3,0,1.0,0,0,0,0.683,454.43,435.1,435.1,1,2,0,1,1.22,0.67,0.28,0.5,0.5,0.9145,392.0,5,5,1
0.0,0.0,0,0.634,354.6,0.0,21,0.483,16,0.0,0.0,0.12,0,0.0,10.0,0,0.0,0,0,1,0.0,0.0,224.95,224.95,0,2,0,0,2.86,0.0,0.66,0.0,0.0,0.3172,0.0,16,16,1
0.0,0.0,0,1.053,352.56,0.0,123,0.551,30,0.0,0.0,0.03,0,0.0,10.0,0,0.0,0,0,0,1.95,0.0,371.14,371.14,0,1,0,0,0.49,0.0,0.11,0.0,0.0,0.5264,0.0,30,30,1
0.0,0.0,0,0.213,273.45,0.0,157,0.678,13,0.0,0.0,0.2,0,0.0,10.0,0,0.0,0,0,0,1.633,0.0,58.16,58.16,0,1,0,0,0.57,0.0,0.13,0.0,0.0,0.0709,0.0,13,13,0
0.0,0.2222,0,0.568,242.49,249.62,445,0.482,23,0.2222,0.0,0.2,0,-2.222,0.0,0,0.5,0,0,0,0.0,0.0,137.79,137.79,0,2,0,0,0.61,0.0,0.14,0.2222,0.0,0.2919,249.62,23,23,0
1.0,0.75,1,0.762,222.49,240.11,92,1.429,1,0.75,0.0,0.03,0,2.5,60.0,0,0.667,0,0,0,2.467,253.21,169.65,169.65,1,2,1,1,1.3,1.0,0.3,0.75,0.5,1.0,240.11,1,1,1
0.0,0.0,0,1.0,434.95,0.0,239,0.155,6,0.0,0.0,0.2,0,0.0,10.0,0,0.0,0,0,0,0.0,0.0,434.95,434.95,1,1,0,0,0.13,0.0,0.03,0.0,0.0,1.0,0.0,6,6,1
0.0,0.0,0,1.228,249.43,0.0,161,1.402,17,0.0,0.0,0.07,0,0.0,10.0,0,0.0,0,0,0,0.681,0.0,306.24,306.24,1,3,0,0,1.68,0.0,0.39,0.0,0.0,0.1364,0.0,17,17,0
0.0,0.2857,0,0.56,252.77,158.98,176,1.038,4,0.2857,0.5,0.07,0,-2.857,0.0,0,0.5,0,0,0,0.958,0.0,141.56,141.56,1,1,0,0,1.19,0.0,0.28,0.2857,0.0,0.2597,158.98,4,4,1
0.0,0.6,0,0.146,251.25,338.59,941,0.152,25,0.6,0.0,0.07,1,-6.0,0.0,0,1.0,0,0,0,0.0,0.0,36.7,36.7,0,1,0,0,0.16,0.0,0.04,0.6,0.0,0.8378,338.59,25,25,1
0.667,0.6667,1,0.949,152.22,156.12,75,0.809,30,0.6667,0.0,0.1,0,0.0,10.0,0,0.5,0,0,0,0.0,37.32,144.43,144.43,0,2,0,1,1.2,0.67,0.28,0.6667,0.5,1.0,156.12,30,30,1
0.0,0.2222,0,1.741,233.58,337.83,535,0.462,8,0.2222,0.0,0.03,0,-2.222,0.0,0,1.0,0,0,0,0.0,0.0,406.73,406.73,0,2,0,0,0.5,0.0,0.12,0.2222,0.0,0.5149,337.83,8,8,0
0.0,0.4,0,1.254,235.28,296.46,543,0.62,7,0.4,0.25,0.1,0,-4.0,0.0,0,1.0,0,0,0,3.594,0.0,294.93,294.93,1,2,0,0,0.55,0.0,0.13,0.4,0.0,0.6294,296.46,7,7,1
0.0,0.0,0,0.56,196.73,0.0,426,0.675,5,0.0,0.0,0.2,0,0.0,10.0,0,0.0,0,0,0,0.0,0.0,110.2,110.2,1,2,0,0,0.77,0.0,0.18,0.0,0.0,0.0509,0.0,5,5,0
0.0,0.0,0,1.604,170.94,0.0,10,1.348,4,0.0,0.0,0.2,0,0.0,10.0,0,0.0,0,0,1,0.0,0.0,274.26,274.26,2,2,0,0,6.0,0.0,1.39,0.0,0.0,0.8022,0.0,4,4,0
0.0,0.4,0,0.874,284.08,322.93,682,0.448,10,0.4,0.0,0.05,0,-4.0,0.0,0,1.0,0,0,0,0.0,0.0,248.24,248.24,0,1,0,0,0.44,0.0,0.1,0.4,0.0,0.5421,322.93,10,10,1
0.333,0.0909,1,1.9,254.71,240.08,32,9.574,6,0.0909,0.3333,0.12,0,2.424,58.5,0,1.0,1,0,0,1.133,240.08,484.02,484.02,5,11,1,1,10.31,0.33,2.38,0.0909,0.0909,0.2584,240.08,6,6,1
0.0,0.5,0,1.167,265.66,239.53,477,0.483,6,0.5,0.5,0.08,0,-5.0,0.0,0,0.6,0,0,0,0.0,0.0,310.08,310.08,1,1,0,0,0.63,0.0,0.15,0.5,0.0,0.5675,239.53,6,6,1
0.0,0.0,0,1.282,303.88,0.0,114,1.613,12,0.0,0.0,0.07,0,0.0,10.0,0,0.0,1,0,0,1.277,0.0,389.57,389.57,0,3,0,0,2.11,0.0,0.49,0.0,0.0,0.1602,0.0,12,12,0
0.0,0.0,0,0.518,228.47,0.0,210,0.359,26,0.0,0.0,0.03,0,0.0,10.0,0,0.0,0,0,0,0.0,0.0,118.45,118.45,0,1,0,0,0.57,0.0,0.13,0.0,0.0,0.1296,0.0,26,26,0
0.0,0.2,0,1.638,299.63,256.91,502,0.261,10,0.2,0.0,0.05,0,-2.0,0.0,0,1.0,0,0,0,0.0,0.0,490.91,490.91,0,1,0,0,0.3,0.0,0.07,0.2,0.0,0.4992,256.91,10,10,1
0.0,0.5455,0,1.013,259.44,230.5,625,0.527,20,0.5455,0.5,0.05,0,-5.455,0.0,0,0.667,0,0,0,4.415,0.0,262.71,262.71,0,2,0,0,0.53,0.0,0.12,0.5455,0.0,0.5767,230.5,20,20,1
0.0,0.0,0,1.306,196.52,0.0,75,1.107,24,0.0,0.0,0.05,0,0.0,10.0,0,0.0,0,0,0,0.0,0.0,256.72,256.72,0,2,0,0,1.2,0.0,0.28,0.0,0.0,0.4354,0.0,24,24,0
0.667,0.4,1,0.822,278.24,322.2,62,0.828,10,0.4,0.0,0.03,1,2.667,63.3,0,0.5,0,0,0,0.0,487.99,228.79,228.79,0,2,0,1,2.42,0.67,0.56,0.4,0.5,0.6277,322.2,10,10,1
0.0,0.25,0,1.792,243.37,363.2,360,0.571,8,0.25,0.0,0.05,1,-2.5,0.0,0,1.0,0,0,0,1.833,0.0,436.14,436.14,0,1,0,0,0.33,0.0,0.08,0.25,0.0,0.8211,363.2,8,8,1
0.0,0.3333,0,0.547,219.95,490.53,171,0.575,26,0.3333,0.0,0.2,0,-3.333,0.0,0,1.0,0,0,0,1.797,0.0,120.35,120.35,0,1,0,0,0.53,0.0,0.12,0.3333,0.0,0.9258,490.53,26,26,1
0.333,0.3333,0,0.807,213.94,88.73,727,0.104,17,0.3333,0.0,0.12,1,0.0,10.0,0,0.0,1,0,0,0.0,0.0,172.62,172.62,0,1,0,0,0.12,0.33,0.03,0.3333,0.0,0.4072,88.73,17,17,1
0.667,0.25,0,0.16,335.57,337.28,85,2.407,30,0.25,0.0,0.07,1,4.167,93.3,0,1.0,0,0,0,1.32,0.0,53.65,53.65,1,2,0,0,2.82,0.67,0.65,0.25,0.0,0.2713,337.28,30,30,1
0.667,0.4,1,1.75,236.6,169.72,121,0.955,1,0.4,0.0,0.12,0,2.667,63.3,0,0.0,0,0,0,0.0,199.11,413.97,413.97,1,4,1,1,1.24,0.67,0.29,0.4,0.25,0.6369,169.72,1,1,1
0.0,0.0,0,1.868,179.47,0.0,87,2.105,10,0.0,0.0,0.12,0,0.0,10.0,0,0.0,0,0,0,1.68,0.0,335.19,335.19,1,4,0,0,2.07,0.0,0.48,0.0,0.0,0.3113,0.0,10,10,1
0.0,0.0,0,1.427,327.34,0.0,80,0.575,4,0.0,0.0,0.1,0,0.0,10.0,0,0.0,0,0,0,1.813,0.0,467.2,467.2,1,1,0,0,1.12,0.0,0.26,0.0,0.0,0.4758,0.0,4,4,0
0.0,0.0,0,1.721,269.76,0.0,201,0.408,10,0.0,0.0,0.2,0,0.0,10.0,0,0.0,0,0,0,0.0,0.0,464.23,464.23,0,1,0,0,0.3,0.0,0.07,0.0,0.0,0.8605,0.0,10,10,0
0.0,0.25,0,0.168,289.4,420.44,395,0.36,18,0.25,0.0,0.2,0,-2.5,0.0,0,1.0,0,0,0,0.0,0.0,48.65,48.65,1,2,0,0,0.3,0.0,0.07,0.25,0.0,0.4052,420.44,18,18,0
0.0,0.0,0,1.366,230.76,0.0,480,0.185,9,0.0,0.0,0.2,0,0.0,10.0,0,0.0,0,0,0,0.0,0.0,315.32,315.32,0,1,0,0,0.25,0.0,0.06,0.0,0.0,0.3416,0.0,9,9,0
0.0,0.0,0,0.682,253.55,0.0,442,0.646,10,0.0,0.0,0.08,0,0.0,10.0,0,0.0,0,0,0,0.0,0.0,172.82,172.82,2,3,0,0,0.75,0.0,0.17,0.0,0.0,0.062,0.0,10,10,0
0.667,0.1538,0,1.051,219.56,95.25,169,2.295,18,0.1538,0.0,0.07,0,5.128,100.0,0,0.0,0,0,0,0.392,0.0,230.66,230.66,0,1,0,0,2.31,0.67,0.53,0.1538,0.0,0.1476,95.25,18,18,0
0.667,0.375,0,1.316,336.16,324.71,377,0.637,2,0.375,0.0,0.08,0,2.917,68.3,0,0.667,0,0,0,1.652,0.0,442.48,442.48,1,1,0,0,0.64,0.67,0.15,0.375,0.0,0.5268,324.71,2,2,1
0.333,0.1667,1,0.4,258.79,226.8,71,3.103,17,0.1667,0.0,0.05,1,1.667,43.3,0,1.0,1,0,0,1.433,226.8,103.6,103.6,0,3,1,1,2.54,0.33,0.59,0.1667,0.3333,0.2128,226.8,17,17,1
0.0,0.0,0,1.256,255.07,0.0,616,0.334,5,0.0,0.0,0.12,0,0.0,10.0,0,0.0,0,0,0,7.41,0.0,320.25,320.25,2,2,0,0,0.24,0.0,0.06,0.0,0.0,0.2511,0.0,5,5,0
0.0,0.0,0,1.781,266.45,0.0,26,12.0,24,0.0,0.0,0.1,0,0.0,10.0,0,0.0,1,0,1,2.167,0.0,474.66,474.66,4,10,0,0,11.54,0.0,2.66,0.0,0.0,0.1781,0.0,24,24,0
0.0,0.2,0,1.519,278.3,67.51,180,1.648,18,0.2,0.0,0.1,0,-2.0,0.0,0,0.0,0,0,0,1.267,0.0,422.75,422.75,1,2,0,0,1.67,0.0,0.38,0.2,0.0,0.2004,67.51,18,18,0
0.333,0.4,0,0.505,231.44,227.26,227,0.71,18,0.4,0.0,0.12,1,-0.667,0.0,0,0.5,0,0,0,1.467,0.0,116.97,116.97,0,1,0,0,0.66,0.33,0.15,0.4,0.0,0.4939,227.26,18,18,1
0.0,0.0,0,0.898,365.46,0.0,400,0.347,30,0.0,0.0,0.2,0,0.0,10.0,0,0.0,1,0,0,6.822,0.0,328.22,328.22,0,1,0,0,0.22,0.0,0.05,0.0,0.0,0.2994,0.0,30,30,1
0.0,0.1111,0,1.0,215.87,353.26,277,0.72,8,0.1111,0.0,0.12,0,-1.111,0.0,0,1.0,0,0,0,0.0,0.0,215.82,215.82,0,1,0,0,0.97,0.0,0.23,0.1111,0.0,0.2929,353.26,8,8,0
0.333,0.5,1,1.195,301.65,363.08,484,0.745,14,0.5,0.0,0.05,1,-1.667,0.0,0,0.833,0,0,0,1.367,356.16,360.61,360.61,1,3,0,1,0.74,0.33,0.17,0.5,0.3333,0.7015,363.08,14,14,1
1.333,0.5,2,1.763,207.05,199.13,175,1.613,27,0.5,0.3333,0.2,0,8.333,100.0,0,0.4,0,0,0,2.229,683.44,365.12,365.12,1,6,1,2,1.71,1.33,0.4,0.5,0.3333,0.6572,199.13,27,27,1
0.333,0.2,1,1.381,118.48,20.71,50,2.516,30,0.2,0.0,0.12,0,1.333,36.7,0,0.0,0,0,0,1.852,20.71,163.59,163.59,1,4,1,1,3.0,0.33,0.69,0.2,0.25,0.3111,20.71,30,30,0
1.0,0.5,2,1.613,266.81,296.84,783,0.442,16,0.5,0.3333,0.03,0,5.0,100.0,0,0.833,0,0,0,2.359,394.5,430.25,430.25,0,2,0,2,0.46,1.0,0.11,0.5,1.0,0.6907,296.84,16,16,1
0.0,0.0,0,0.912,128.05,0.0,38,0.926,28,0.0,0.0,0.03,0,0.0,10.0,0,0.0,1,0,0,1.086,0.0,116.79,116.79,0,3,0,0,2.37,0.0,0.55,0.0,0.0,0.304,0.0,28,28,0
0.667,0.1429,2,1.03,291.74,292.3,78,4.839,22,0.1429,0.3333,0.1,1,5.238,100.0,0,1.0,0,0,0,0.764,584.61,300.4,300.4,3,6,0,2,5.38,0.67,1.24,0.1429,0.3333,0.2167,292.3,22,22,1
0.0,0.4667,0,1.643,275.89,289.26,788,0.569,5,0.4667,0.3333,0.1,0,-4.667,0.0,0,0.857,0,0,0,1.812,0.0,453.29,453.29,1,1,0,0,0.57,0.0,0.13,0.4667,0.0,0.5988,289.26,5,5,1
0.0,0.0,0,0.669,346.18,0.0,46,0.21,5,0.0,0.0,0.12,0,0.0,10.0,0,0.0,0,0,0,0.0,0.0,231.76,231.76,1,1,0,0,1.3,0.0,0.3,0.0,0.0,0.3347,0.0,5,5,0
0.333,0.4,0,1.109,212.13,179.68,421,0.498,5,0.4,0.5,0.1,0,-0.667,0.0,0,0.25,1,0,0,0.0,0.0,235.31,235.31,2,3,0,0,0.71,0.33,0.16,0.4,0.0,0.4497,179.68,5,5,1
0.0,0.0,0,0.267,290.21,0.0,194,1.227,14,0.0,0.0,0.07,0,0.0,10.0,0,0.0,0,0,0,0.0,0.0,77.6,77.6,0,3,0,0,1.39,0.0,0.32,0.0,0.0,0.0297,0.0,14,14,0
0.667,0.2,2,0.544,304.72,393.84,31,8.125,24,0.2,0.3333,0.07,0,4.667,100.0,0,1.0,0,0,0,0.375,787.69,165.85,165.85,1,9,0,2,9.68,0.67,2.23,0.2,0.2222,0.3129,393.84,24,24,1
0.0,0.2,0,1.414,264.85,293.4,305,0.477,7,0.2,0.0,0.2,0,-2.0,0.0,0,1.0,0,0,0,2.252,0.0,374.43,374.43,1,1,0,0,0.49,0.0,0.11,0.2,0.0,0.5043,293.4,7,7,1
0.333,0.2222,1,1.529,305.84,420.78,115,2.126,7,0.2222,0.0,0.07,0,1.111,32.2,0,1.0,1,0,0,1.617,469.99,467.77,467.77,2,5,0,1,2.35,0.33,0.54,0.2222,0.2,0.4757,420.78,7,7,1
0.0,0.0,0,1.718,160.54,0.0,60,0.455,5,0.0,0.0,0.12,0,0.0,10.0,0,0.0,0,0,0,2.281,0.0,275.74,275.74,1,2,0,0,1.0,0.0,0.23,0.0,0.0,0.8588,0.0,5,5,1
0.0,0.25,0,0.694,314.25,424.1,119,0.591,28,0.25,0.0,0.07,0,-2.5,0.0,0,1.0,0,0,0,1.867,0.0,218.04,218.04,0,2,0,0,1.01,0.0,0.23,0.25,0.0,0.5108,424.1,28,28,0
0.667,0.1538,0,0.629,283.84,381.12,92,4.0,29,0.1538,0.3333,0.08,0,5.128,100.0,0,1.0,0,0,0,0.682,0.0,178.56,178.56,1,5,0,0,4.24,0.67,0.98,0.1538,0.0,0.255,381.12,29,29,0
0.0,0.3333,0,1.425,312.14,372.2,266,0.233,20,0.3333,0.0,0.07,0,-3.333,0.0,0,1.0,0,0,0,0.0,0.0,444.72,444.72,0,1,0,0,0.34,0.0,0.08,0.3333,0.0,0.8724,372.2,20,20,1
0.0,0.0,0,0.972,366.08,0.0,129,0.662,6,0.0,0.0,0.1,0,0.0,10.0,0,0.0,0,0,0,1.567,0.0,355.91,355.91,1,1,0,0,0.47,0.0,0.11,0.0,0.0,0.4861,0.0,6,6,0
0.0,0.6667,0,0.916,254.51,222.32,346,0.594,29,0.6667,0.5,0.12,0,-6.667,0.0,0,0.75,0,0,0,0.0,0.0,233.05,233.05,0,1,0,0,0.52,0.0,0.12,0.6667,0.0,0.735,222.32,29,29,1
0.667,0.5,0,0.122,276.93,452.66,185,0.948,21,0.5,0.0,0.1,1,1.667,43.3,0,1.0,0,0,0,1.06,0.0,33.8,33.8,0,2,0,0,0.65,0.67,0.15,0.5,0.0,0.8478,452.66,21,21,1
0.667,0.4286,0,1.886,226.96,104.07,151,1.613,22,0.4286,0.0,0.05,0,2.381,57.6,0,0.0,0,0,0,2.229,0.0,427.93,427.93,3,4,0,0,1.39,0.67,0.32,0.4286,0.0,0.4659,104.07,22,22,1
0.667,0.2308,1,0.627,258.04,321.07,178,2.217,13,0.2308,0.0,0.1,0,4.359,97.2,0,0.667,0,0,0,0.887,466.55,161.85,161.85,1,5,1,1,2.19,0.67,0.51,0.2308,0.2,0.3354,321.07,13,13,1
0.0,0.0,0,0.582,181.43,0.0,205,0.766,23,0.0,0.0,0.2,0,0.0,10.0,0,0.0,0,0,0,0.0,0.0,105.52,105.52,0,3,0,0,0.88,0.0,0.2,0.0,0.0,0.0969,0.0,23,23,0
0.333,0.0833,0,0.722,250.48,348.07,522,0.596,28,0.0833,0.0,0.08,0,2.5,60.0,0,1.0,0,0,0,0.0,0.0,180.77,180.77,0,1,0,0,0.69,0.33,0.16,0.0833,0.0,0.1759,348.07,28,28,0
0.0,0.0,0,0.685,244.62,0.0,64,1.622,17,0.0,0.0,0.05,0,0.0,10.0,0,0.0,0,0,0,0.587,0.0,167.45,167.45,0,2,0,0,1.88,0.0,0.43,0.0,0.0,0.1711,0.0,17,17,0
1.333,0.4444,1,1.49,275.83,315.66,142,1.284,6,0.4444,0.3333,0.12,0,8.889,100.0,0,1.0,0,0,0,1.65,212.32,411.0,411.0,2,2,0,1,1.9,1.33,0.44,0.4444,0.5,0.6742,315.66,6,6,1
0.0,0.0,0,0.267,241.16,0.0,35,12.857,6,0.0,0.0,0.1,0,0.0,10.0,0,0.0,0,0,0,2.333,0.0,64.5,64.5,5,14,0,0,12.86,0.0,2.97,0.0,0.0,0.0178,0.0,6,6,0
0.0,0.2,0,0.092,233.18,452.68,542,0.342,19,0.2,0.0,0.12,0,-2.0,0.0,0,1.0,0,0,0,0.0,0.0,21.36,21.36,0,1,0,0,0.28,0.0,0.06,0.2,0.0,0.4066,452.68,19,19,0
0.0,0.0,0,1.0,490.53,0.0,26,0.833,2,0.0,0.0,0.1,0,0.0,10.0,0,0.0,0,0,1,5.2,0.0,490.53,490.53,1,1,0,0,1.15,0.0,0.27,0.0,0.0,1.0,0.0,2,2,1
0.0,0.3333,0,0.68,248.76,284.9,442,0.291,12,0.3333,0.0,0.2,0,-3.333,0.0,0,0.5,0,0,0,0.0,0.0,169.16,169.16,0,2,0,0,0.41,0.0,0.09,0.3333,0.0,0.4951,284.9,12,12,1
0.0,0.0,0,1.082,285.52,0.0,257,0.906,20,0.0,0.0,0.07,0,0.0,10.0,0,0.0,0,0,0,1.119,0.0,308.91,308.91,0,1,0,0,0.93,0.0,0.22,0.0,0.0,0.1352,0.0,20,20,0
0.0,0.0,0,0.822,320.96,0.0,78,1.096,25,0.0,0.0,0.12,0,0.0,10.0,0,0.0,1,0,0,0.903,0.0,263.98,263.98,0,2,0,0,1.15,0.0,0.27,0.0,0.0,0.2742,0.0,25,25,0
0.0,0.0,0,0.837,343.66,0.0,66,1.019,30,0.0,0.0,0.03,1,0.0,10.0,0,0.0,0,0,0,0.0,0.0,287.49,287.49,1,3,0,0,1.82,0.0,0.42,0.0,0.0,0.2091,0.0,30,30,1
0.0,0.0,0,0.914,252.14,0.0,276,1.139,16,0.0,0.0,0.08,0,0.0,10.0,0,0.0,0,0,0,0.0,0.0,230.56,230.56,0,2,0,0,1.3,0.0,0.3,0.0,0.0,0.0762,0.0,16,16,0
0.0,0.0,0,0.649,205.57,0.0,14,6.429,4,0.0,0.0,0.12,1,0.0,10.0,0,0.0,0,0,1,1.0,0.0,133.45,133.45,2,3,0,0,6.43,0.0,1.48,0.0,0.0,0.2164,0.0,4,4,1
0.0,0.5,0,1.143,339.02,278.1,524,0.44,26,0.5,0.0,0.07,0,-5.0,0.0,0,0.5,1,0,0,5.133,0.0,387.65,387.65,0,1,0,0,0.23,0.0,0.05,0.5,0.0,0.696,278.1,26,26,1
0.0,0.0,0,1.439,277.7,0.0,356,0.36,7,0.0,0.0,0.1,0,0.0,10.0,0,0.0,0,0,0,0.0,0.0,399.63,399.63,1,2,0,0,0.42,0.0,0.1,0.0,0.0,0.2878,0.0,7,7,0
0.0,0.0,0,1.726,183.53,0.0,498,0.383,27,0.0,0.0,0.07,0,0.0,10.0,0,0.0,0,0,0,2.878,0.0,316.87,316.87,0,1,0,0,0.36,0.0,0.08,0.0,0.0,0.2877,0.0,27,27,0
0.333,0.5,0,0.997,419.42,420.56,140,0.441,6,0.5,0.0,0.08,0,-1.667,0.0,0,1.0,0,0,0,0.0,0.0,418.29,418.29,1,1,0,0,0.43,0.33,0.1,0.5,0.0,1.0,420.56,6,6,1
0.0,0.0,0,1.587,259.14,0.0,292,0.505,8,0.0,0.0,0.05,0,0.0,10.0,0,0.0,0,0,0,4.503,0.0,411.18,411.18,0,1,0,0,0.62,0.0,0.14,0.0,0.0,0.2645,0.0,8,8,0
0.0,0.5833,0,0.384,263.22,255.62,548,0.664,12,0.5833,0.5,0.03,0,-5.833,0.0,0,0.714,0,0,0,3.323,0.0,101.2,101.2,0,1,0,0,0.66,0.0,0.15,0.5833,0.0,0.5985,255.62,12,12,1
0.333,0.5,0,0.637,36.61,49.9,112,0.486,16,0.5,0.0,0.08,0,-1.667,0.0,0,0.0,0,0,0,10.05,0.0,23.33,23.33,0,1,0,0,0.54,0.33,0.12,0.5,0.0,1.0,49.9,16,16,1
0.0,0.0,0,1.0,236.86,0.0,86,0.348,11,0.0,0.0,0.12,0,0.0,10.0,0,0.0,0,0,0,3.342,0.0,236.86,236.86,0,1,0,0,0.35,0.0,0.08,0.0,0.0,1.0,0.0,11,11,1
0.0,0.0833,0,0.684,251.53,411.56,409,0.746,23,0.0833,0.0,0.1,0,-0.833,0.0,0,1.0,0,0,0,0.0,0.0,172.13,172.13,0,3,0,0,0.88,0.0,0.2,0.0833,0.0,0.1934,411.56,23,23,0
0.0,0.0,0,0.624,286.23,0.0,47,0.499,7,0.0,0.0,0.2,0,0.0,10.0,0,0.0,1,0,0,2.079,0.0,178.54,178.54,1,1,0,0,1.28,0.0,0.29,0.0,0.0,0.3119,0.0,7,7,0
1.0,0.5,2,1.522,320.66,338.38,190,0.785,21,0.5,0.6667,0.2,1,5.0,100.0,0,1.0,0,0,0,1.293,652.61,488.04,488.04,0,2,1,2,0.95,1.0,0.22,0.5,1.0,0.7813,338.38,21,21,1
0.0,0.0,0,1.551,311.19,0.0,251,0.423,8,0.0,0.0,0.08,0,0.0,10.0,0,0.0,0,0,0,0.0,0.0,482.54,482.54,1,2,0,0,0.48,0.0,0.11,0.0,0.0,0.3877,0.0,8,8,0
0.0,0.2857,0,0.36,299.56,403.21,734,0.279,17,0.2857,0.25,0.1,1,-2.857,0.0,0,1.0,0,0,0,0.0,0.0,107.93,107.93,0,1,0,0,0.29,0.0,0.07,0.2857,0.0,0.436,403.21,17,17,1
0.0,0.0,0,0.958,280.88,0.0,225,0.855,11,0.0,0.0,0.2,0,0.0,10.0,0,0.0,0,0,0,1.183,0.0,269.17,269.17,0,2,0,0,0.93,0.0,0.22,0.0,0.0,0.1369,0.0,11,11,0
0.333,0.1429,0,1.656,273.6,342.21,57,3.889,18,0.1429,0.0,0.12,0,1.905,48.1,0,1.0,0,0,0,1.95,0.0,452.97,452.97,2,4,0,0,3.68,0.33,0.85,0.1429,0.0,0.4152,342.21,18,18,0
1.333,0.5,1,1.356,308.51,353.72,282,1.531,6,0.5,0.0,0.2,0,8.333,100.0,0,1.0,0,0,0,2.2,434.81,418.27,418.27,1,2,1,1,1.49,1.33,0.34,0.5,0.5,0.6701,353.72,6,6,1
0.333,0.3333,1,0.536,389.7,377.22,212,0.449,19,0.3333,0.0,0.07,1,0.0,10.0,0,1.0,0,0,0,2.363,431.21,208.77,208.77,0,1,0,1,0.85,0.33,0.2,0.3333,1.0,0.4119,377.22,19,19,1
0.0,0.0,0,1.707,143.91,0.0,418,0.157,18,0.0,0.0,0.08,0,0.0,10.0,0,0.0,0,0,0,0.0,0.0,245.59,245.59,0,1,0,0,0.22,0.0,0.05,0.0,0.0,0.5688,0.0,18,18,0
0.333,0.3,0,0.18,311.67,242.73,131,2.407,9,0.3,0.2,0.08,1,0.333,16.7,0,0.667,0,0,0,1.32,0.0,56.17,56.17,0,1,0,0,2.29,0.33,0.53,0.3,0.0,0.2517,242.73,9,9,1
0.0,0.0,0,0.774,364.59,0.0,28,1.268,7,0.0,0.0,0.1,0,0.0,10.0,0,0.0,0,0,1,0.747,0.0,282.37,282.37,2,2,0,0,2.14,0.0,0.49,0.0,0.0,0.3872,0.0,7,7,0
0.0,0.375,0,0.689,231.11,369.74,207,1.398,26,0.375,0.0,0.2,1,-3.75,0.0,0,1.0,0,0,0,3.689,0.0,159.32,159.32,0,1,0,0,1.16,0.0,0.27,0.375,0.0,0.6861,369.74,26,26,1
0.667,0.4167,1,0.495,216.4,258.64,234,0.72,26,0.4167,0.3333,0.07,0,2.5,60.0,0,0.8,0,0,0,0.0,377.23,107.02,107.02,0,3,0,1,1.54,0.67,0.36,0.4167,0.3333,0.5392,258.64,26,26,1
0.333,0.0714,0,0.502,271.89,273.72,501,0.82,10,0.0714,0.0,0.07,0,2.619,62.4,0,1.0,1,0,0,2.678,0.0,136.53,136.53,0,3,0,0,0.84,0.33,0.19,0.0714,0.0,0.1078,273.72,10,10,0
0.0,0.4,0,1.102,267.19,212.44,258,0.42,28,0.4,0.0,0.1,0,-4.0,0.0,0,0.5,1,0,0,0.0,0.0,294.31,294.31,0,1,0,0,0.58,0.0,0.13,0.4,0.0,0.5383,212.44,28,28,1
0.0,0.0,0,1.718,157.47,0.0,333,0.419,25,0.0,0.0,0.1,0,0.0,10.0,0,0.0,0,0,0,0.0,0.0,270.52,270.52,0,1,0,0,0.63,0.0,0.15,0.0,0.0,0.2454,0.0,25,25,0
0.333,0.375,1,1.97,164.89,85.63,386,0.827,11,0.375,0.5,0.08,0,-0.417,1.7,0,0.0,1,0,0,1.224,118.88,324.84,324.84,0,2,1,1,0.62,0.33,0.14,0.375,0.5,0.441,85.63,11,11,1
1.333,0.4286,1,1.369,209.64,143.14,247,1.288,17,0.4286,0.4,0.05,1,9.048,100.0,0,0.333,0,0,0,0.0,36.18,287.04,287.04,1,4,1,1,1.7,1.33,0.39,0.4286,0.25,0.3904,143.14,17,17,1
0.0,0.0,0,1.893,261.72,0.0,103,0.21,23,0.0,0.0,0.12,0,0.0,10.0,0,0.0,0,0,0,5.692,0.0,495.45,495.45,1,2,0,0,0.58,0.0,0.13,0.0,0.0,0.9465,0.0,23,23,1
0.0,0.0,0,1.0,264.95,0.0,34,0.66,11,0.0,0.0,0.2,0,0.0,10.0,0,0.0,0,0,0,1.567,0.0,264.95,264.95,0,1,0,0,0.88,0.0,0.2,0.0,0.0,1.0,0.0,11,11,0
0.667,0.4286,1,1.321,344.44,377.94,307,0.624,13,0.4286,0.0,0.12,0,2.381,57.6,0,1.0,0,0,0,0.0,254.9,455.02,455.02,0,1,1,1,0.68,0.67,0.16,0.4286,1.0,0.659,377.94,13,13,1
0.0,0.4,0,0.776,258.97,260.44,486,0.497,14,0.4,0.0,0.1,0,-4.0,0.0,0,0.5,0,0,0,0.0,0.0,200.84,200.84,0,2,0,0,0.62,0.0,0.14,0.4,0.0,0.4798,260.44,14,14,1
0.0,0.0,0,1.0,473.41,0.0,116,0.993,1,0.0,0.0,0.07,1,0.0,10.0,0,0.0,0,0,0,3.525,0.0,473.41,473.41,1,1,0,0,0.26,0.0,0.06,0.0,0.0,1.0,0.0,1,1,1
0.0,0.0,0,0.3,284.2,0.0,65,1.765,22,0.0,0.0,0.03,0,0.0,10.0,0,0.0,0,0,0,2.12,0.0,85.24,85.24,1,4,0,0,2.31,0.0,0.53,0.0,0.0,0.06,0.0,22,22,1
0.333,0.5,1,1.089,456.09,415.35,29,0.829,21,0.5,0.0,0.12,0,-1.667,0.0,0,1.0,0,0,1,0.0,415.35,496.83,496.83,0,2,1,1,2.07,0.33,0.48,0.5,0.5,1.0,415.35,21,21,0
0.0,0.0,0,1.526,230.19,0.0,268,0.169,11,0.0,0.0,0.2,0,0.0,10.0,0,0.0,0,0,0,0.0,0.0,351.31,351.31,0,1,0,0,0.22,0.0,0.05,0.0,0.0,0.7631,0.0,11,11,0
0.0,0.1667,0,0.897,326.18,271.67,240,0.422,21,0.1667,0.0,0.05,0,-1.667,0.0,0,1.0,0,0,0,0.0,0.0,292.53,292.53,0,1,0,0,0.75,0.0,0.17,0.1667,0.0,0.2883,271.67,21,21,0
0.0,0.0,0,1.206,395.19,0.0,69,0.434,6,0.0,0.0,0.12,0,0.0,10.0,0,0.0,0,0,0,0.0,0.0,476.74,476.74,1,2,0,0,1.3,0.0,0.3,0.0,0.0,0.4021,0.0,6,6,0
0.333,0.1111,1,0.501,263.58,337.91,42,4.33,6,0.1111,0.0,0.2,0,2.222,54.4,0,1.0,0,0,0,0.609,337.91,132.15,132.15,2,5,0,1,6.43,0.33,1.48,0.1111,0.2,0.1981,337.91,6,6,0
0.333,0.3,1,0.102,222.05,270.68,260,1.169,4,0.3,0.5,0.07,0,0.333,16.7,0,0.667,0,0,0,1.821,267.92,22.68,22.68,2,3,0,1,1.15,0.33,0.27,0.3,0.3333,0.3759,270.68,4,4,1
0.0,0.0,0,1.102,384.25,0.0,370,0.314,23,0.0,0.0,0.2,0,0.0,10.0,0,0.0,0,0,0,0.0,0.0,423.61,423.61,0,1,0,0,0.49,0.0,0.11,0.0,0.0,0.1837,0.0,23,23,0
0.0,0.0,0,1.223,231.86,0.0,421,0.113,10,0.0,0.0,0.07,0,0.0,10.0,0,0.0,0,0,0,0.0,0.0,283.65,283.65,0,1,0,0,0.14,0.0,0.03,0.0,0.0,0.6117,0.0,10,10,0
0.333,0.1667,1,0.617,293.31,475.23,148,1.096,2,0.1667,0.0,0.08,1,1.667,43.3,0,1.0,0,0,0,3.26,475.23,180.86,180.86,1,2,0,1,1.22,0.33,0.28,0.1667,0.5,0.3728,475.23,2,2,1
0.333,0.625,0,1.314,271.98,283.86,676,0.359,23,0.625,0.5,0.2,0,-2.917,0.0,0,0.8,0,0,0,0.0,0.0,357.28,357.28,0,1,0,0,0.36,0.33,0.08,0.625,0.0,0.8165,283.86,23,23,1
0.333,0.125,0,1.713,266.98,111.69,117,2.017,11,0.125,0.0,0.05,0,2.083,51.7,0,0.0,0,0,0,1.78,0.0,457.39,457.39,0,3,0,0,2.05,0.33,0.47,0.125,0.0,0.2664,111.69,11,11,0
0.0,0.0,0,0.856,376.41,0.0,69,0.47,28,0.0,0.0,0.2,0,0.0,10.0,0,0.0,0,0,0,0.0,0.0,322.04,322.04,0,1,0,0,1.3,0.0,0.3,0.0,0.0,0.2852,0.0,28,28,0
0.667,0.4615,1,0.616,257.85,258.66,394,0.977,19,0.4615,0.0,0.2,0,2.051,51.0,0,0.667,0,0,0,2.236,203.95,158.94,158.94,0,2,1,1,0.99,0.67,0.23,0.4615,0.5,0.5104,258.66,19,19,1
0.0,0.0,0,1.854,266.68,0.0,26,1.711,11,0.0,0.0,0.2,0,0.0,10.0,0,0.0,1,0,1,1.195,0.0,494.53,494.53,0,3,0,0,3.46,0.0,0.8,0.0,0.0,0.6181,0.0,11,11,0
0.0,0.4444,0,0.096,239.14,333.18,455,0.637,30,0.4444,0.0,0.2,0,-4.444,0.0,0,0.75,0,0,0,1.61,0.0,22.99,22.99,1,2,0,0,0.59,0.0,0.14,0.4444,0.0,0.6299,333.18,30,30,1
0.667,0.6154,0,0.452,273.41,240.42,315,1.197,22,0.6154,0.5,0.03,0,0.513,20.3,0,0.5,1,0,0,0.824,0.0,123.58,123.58,1,3,0,0,1.24,0.67,0.29,0.6154,0.0,0.5759,240.42,22,22,1
0.333,0.5,1,0.766,363.42,448.36,62,0.701,8,0.5,0.0,0.1,0,-1.667,0.0,0,1.0,0,0,0,1.533,448.36,278.47,278.47,0,1,0,1,0.97,0.33,0.22,0.5,1.0,1.0,448.36,8,8,1
0.0,0.0,0,2.261,188.48,0.0,280,0.811,5,0.0,0.0,0.07,0,0.0,10.0,0,0.0,0,0,0,1.257,0.0,426.11,426.11,2,2,0,0,0.86,0.0,0.2,0.0,0.0,0.2826,0.0,5,5,0
0.333,0.3846,0,0.539,221.56,257.1,209,1.494,25,0.3846,0.4,0.07,1,-0.513,0.0,0,0.8,1,0,0,0.0,0.0,119.49,119.49,0,1,0,0,1.87,0.33,0.43,0.3846,0.0,0.4878,257.1,25,25,1
0.0,0.0,0,1.075,382.34,0.0,34,3.309,7,0.0,0.0,0.12,0,0.0,10.0,0,0.0,0,0,0,2.356,0.0,411.04,411.04,1,3,0,0,2.65,0.0,0.61,0.0,0.0,0.3584,0.0,7,7,0
0.0,0.0,0,1.342,190.98,0.0,87,0.428,30,0.0,0.0,0.2,1,0.0,10.0,0,0.0,0,0,0,2.45,0.0,256.31,256.31,1,2,0,0,0.69,0.0,0.16,0.0,0.0,0.671,0.0,30,30,1
0.333,0.3333,0,0.401,260.22,323.92,654,0.369,6,0.3333,0.5,0.2,0,0.0,10.0,0,0.667,0,0,0,0.0,0.0,104.4,104.4,1,1,0,0,0.41,0.33,0.1,0.3333,0.0,0.4595,323.92,6,6,1
0.0,0.125,0,0.265,211.36,112.64,659,0.397,18,0.125,0.0,0.1,0,-1.25,0.0,0,0.0,0,0,0,2.67,0.0,56.05,56.05,0,1,0,0,0.36,0.0,0.08,0.125,0.0,0.0998,112.64,18,18,0
0.0,0.0,0,1.755,160.28,0.0,495,0.125,29,0.0,0.0,0.2,0,0.0,10.0,0,0.0,0,0,0,0.0,0.0,281.26,281.26,0,1,0,0,0.18,0.0,0.04,0.0,0.0,0.5849,0.0,29,29,0
0.0,0.0,0,1.339,232.4,0.0,286,0.375,21,0.0,0.0,0.12,0,0.0,10.0,0,0.0,0,0,0,0.0,0.0,311.19,311.19,0,1,0,0,0.42,0.0,0.1,0.0,0.0,0.3348,0.0,21,21,0
0.0,0.1111,0,0.858,285.88,379.05,180,1.284,19,0.1111,0.0,0.05,0,-1.111,0.0,0,1.0,0,0,0,0.757,0.0,245.32,245.32,1,2,0,0,1.5,0.0,0.35,0.1111,0.0,0.2427,379.05,19,19,0
0.333,0.2,1,0.535,201.37,370.7,61,1.642,24,0.2,0.0,0.12,0,1.333,36.7,0,1.0,0,0,0,2.138,370.7,107.76,107.76,0,3,0,1,2.46,0.33,0.57,0.2,0.3333,0.4752,370.7,24,24,0
0.0,0.4,0,0.309,356.59,361.48,665,0.449,19,0.4,0.0,0.1,1,-4.0,0.0,0,1.0,0,0,0,2.363,0.0,110.29,110.29,0,1,0,0,0.45,0.0,0.1,0.4,0.0,0.4364,361.48,19,19,1
0.333,0.25,0,1.377,166.97,146.34,89,1.268,30,0.25,0.0,0.08,0,0.833,26.7,0,0.0,0,0,0,0.747,0.0,229.86,229.86,0,2,0,0,1.35,0.33,0.31,0.25,0.0,0.5633,146.34,30,30,0
0.0,0.0,0,0.981,268.27,0.0,22,15.0,4,0.0,0.0,0.2,0,0.0,10.0,0,0.0,0,0,1,1.0,0.0,263.3,263.3,4,11,0,0,15.0,0.0,3.46,0.0,0.0,0.0892,0.0,4,4,0
0.0,0.0,0,1.203,291.88,0.0,153,0.551,4,0.0,0.0,0.2,0,0.0,10.0,0,0.0,1,0,0,0.0,0.0,351.06,351.06,1,1,0,0,0.98,0.0,0.23,0.0,0.0,0.2406,0.0,4,4,0
0.333,0.1429,0,0.931,379.87,423.61,422,0.314,5,0.1429,0.3333,0.2,0,1.905,48.1,0,1.0,0,0,0,0.0,0.0,353.64,353.64,1,1,0,0,0.5,0.33,0.11,0.1429,0.0,0.2923,423.61,5,5,0
0.0,0.0,0,1.106,336.54,0.0,227,0.817,10,0.0,0.0,0.12,0,0.0,10.0,0,0.0,0,0,0,0.0,0.0,372.14,372.14,0,2,0,0,1.06,0.0,0.24,0.0,0.0,0.1382,0.0,10,10,0
0.667,0.4286,0,0.319,301.39,381.24,448,0.431,18,0.4286,0.0,0.1,0,2.381,57.6,0,1.0,0,0,0,0.0,0.0,96.1,96.1,0,2,0,0,0.47,0.67,0.11,0.4286,0.0,0.5877,381.24,18,18,1
0.667,0.2857,1,1.049,376.49,489.94,44,2.222,1,0.2857,0.0,0.1,0,3.81,86.2,0,1.0,0,0,0,0.4,481.25,394.8,394.8,1,4,0,1,4.77,0.67,1.1,0.2857,0.25,0.5216,489.94,1,1,1
0.0,0.0,0,1.353,266.52,0.0,48,8.75,15,0.0,0.0,0.2,0,0.0,10.0,0,0.0,0,0,0,1.08,0.0,360.61,360.61,1,9,0,0,8.75,0.0,2.02,0.0,0.0,0.0966,0.0,15,15,0
0.0,0.0,0,0.557,281.92,0.0,106,0.584,20,0.0,0.0,0.1,0,0.0,10.0,0,0.0,0,0,0,2.067,0.0,157.12,157.12,0,1,0,0,0.57,0.0,0.13,0.0,0.0,0.2787,0.0,20,20,0
0.0,0.0,0,0.559,122.33,0.0,82,0.593,17,0.0,0.0,0.12,1,0.0,10.0,0,0.0,0,0,0,1.738,0.0,68.32,68.32,0,2,0,0,1.1,0.0,0.25,0.0,0.0,0.1862,0.0,17,17,1
0.333,0.4545,1,0.251,184.59,252.93,537,0.42,25,0.4545,0.0,0.05,0,-1.212,0.0,0,0.6,0,0,0,0.0,155.62,46.33,46.33,0,2,1,1,0.61,0.33,0.14,0.4545,0.5,0.6456,252.93,25,25,1
0.333,0.25,1,2.427,193.98,21.06,81,1.353,11,0.25,0.0,0.1,1,0.833,26.7,0,0.0,0,0,0,0.0,21.06,470.75,470.75,1,2,0,1,1.48,0.33,0.34,0.25,0.5,0.6338,21.06,11,11,1
0.0,0.0,0,0.47,298.64,0.0,127,0.567,21,0.0,0.0,0.12,0,0.0,10.0,0,0.0,0,0,0,3.918,0.0,140.34,140.34,0,1,0,0,0.71,0.0,0.16,0.0,0.0,0.1566,0.0,21,21,0
0.0,0.0,0,0.254,216.78,0.0,190,0.652,25,0.0,0.0,0.12,0,0.0,10.0,0,0.0,0,0,0,0.0,0.0,55.04,55.04,0,1,0,0,0.95,0.0,0.22,0.0,0.0,0.0423,0.0,25,25,0
0.0,0.2,0,0.701,260.95,339.71,306,0.637,30,0.2,0.0,0.03,0,-2.0,0.0,0,1.0,0,0,0,1.652,0.0,182.91,182.91,0,1,0,0,0.49,0.0,0.11,0.2,0.0,0.4006,339.71,30,30,1
0.333,0.25,1,1.009,225.88,50.95,60,1.237,15,0.25,0.0,0.12,0,0.833,26.7,0,0.0,0,0,0,0.0,50.95,227.89,227.89,1,3,1,1,2.0,0.33,0.46,0.25,0.3333,0.3086,50.95,15,15,0
0.333,0.2,0,1.68,269.22,33.82,81,1.082,27,0.2,0.0,0.03,0,1.333,36.7,0,0.0,1,0,0,0.918,0.0,452.33,452.33,0,3,0,0,1.85,0.33,0.43,0.2,0.0,0.3612,33.82,27,27,1
0.0,0.0,0,0.586,241.26,0.0,767,0.133,13,0.0,0.0,0.2,0,0.0,10.0,0,0.0,0,0,0,0.0,0.0,141.31,141.31,0,1,0,0,0.16,0.0,0.04,0.0,0.0,0.1464,0.0,13,13,0
0.0,0.0,0,2.325,190.8,0.0,345,0.476,14,0.0,0.0,0.2,0,0.0,10.0,0,0.0,0,0,0,2.179,0.0,443.53,443.53,1,2,0,0,0.7,0.0,0.16,0.0,0.0,0.2906,0.0,14,14,0
0.0,0.6667,0,1.281,288.92,248.27,311,0.264,23,0.6667,0.0,0.05,0,-6.667,0.0,0,0.5,0,0,0,4.711,0.0,370.22,370.22,0,1,0,0,0.29,0.0,0.07,0.6667,0.0,1.0,248.27,23,23,1
0.0,0.0,0,1.073,289.75,0.0,696,0.262,26,0.0,0.0,0.08,0,0.0,10.0,0,0.0,0,0,0,0.0,0.0,310.84,310.84,0,1,0,0,0.3,0.0,0.07,0.0,0.0,0.1533,0.0,26,26,0
0.0,0.1538,0,1.762,249.98,304.85,364,0.897,3,0.1538,0.0,0.07,1,-1.538,0.0,0,1.0,0,0,0,0.0,0.0,440.41,440.41,3,3,0,0,1.07,0.0,0.25,0.1538,0.0,0.3231,304.85,3,3,1
0.0,0.0,0,0.272,270.66,0.0,469,0.372,5,0.0,0.0,0.12,0,0.0,10.0,0,0.0,0,0,0,2.842,0.0,73.69,73.69,1,1,0,0,0.51,0.0,0.12,0.0,0.0,0.034,0.0,5,5,0
0.0,0.5,0,1.246,326.56,344.62,736,0.394,19,0.5,0.25,0.1,1,-5.0,0.0,0,0.8,0,0,0,0.0,0.0,406.89,406.89,0,1,0,0,0.41,0.0,0.09,0.5,0.0,0.6523,344.62,19,19,1
0.333,0.5,1,1.274,366.78,266.22,92,0.429,25,0.5,0.0,0.1,1,-1.667,0.0,0,1.0,0,0,0,0.0,266.22,467.33,467.33,1,2,1,1,0.65,0.33,0.15,0.5,0.5,1.0,266.22,25,25,1
0.333,0.7143,0,1.55,243.75,256.6,463,0.455,16,0.7143,0.5,0.2,0,-3.81,0.0,0,0.8,0,0,0,2.281,0.0,377.89,377.89,0,1,0,0,0.45,0.33,0.1,0.7143,0.0,0.9734,256.6,16,16,1
0.0,0.0,0,1.0,261.41,0.0,65,0.291,28,0.0,0.0,0.2,1,0.0,10.0,0,0.0,0,0,0,0.0,0.0,261.41,261.41,0,1,0,0,0.46,0.0,0.11,0.0,0.0,1.0,0.0,28,28,1
0.0,0.1429,0,1.206,258.53,169.57,193,0.767,1,0.1429,0.0,0.1,0,-1.429,0.0,0,0.0,0,0,0,0.0,0.0,311.68,311.68,2,2,0,0,1.09,0.0,0.25,0.1429,0.0,0.2659,169.57,1,1,0
0.667,0.4286,2,0.133,255.65,210.2,271,0.799,25,0.4286,0.0,0.12,0,2.381,57.6,0,0.667,0,0,0,0.0,406.87,33.89,33.89,0,3,0,2,0.77,0.67,0.18,0.4286,0.6667,0.3713,210.2,25,25,0
0.333,0.1,0,0.557,276.11,260.54,223,1.237,9,0.1,0.3333,0.12,0,2.333,56.7,0,1.0,0,0,0,0.791,0.0,153.77,153.77,0,1,0,0,1.35,0.33,0.31,0.1,0.0,0.1501,260.54,9,9,0
0.0,0.0,0,1.011,320.72,0.0,35,3.451,20,0.0,0.0,0.1,0,0.0,10.0,0,0.0,1,0,0,3.228,0.0,324.23,324.23,1,2,0,0,1.71,0.0,0.4,0.0,0.0,0.5055,0.0,20,20,1
0.0,0.0,0,1.245,376.92,0.0,52,1.961,28,0.0,0.0,0.12,0,0.0,10.0,0,0.0,0,0,0,1.025,0.0,469.2,469.2,1,4,0,0,2.88,0.0,0.67,0.0,0.0,0.249,0.0,28,28,0
0.333,0.3333,0,2.004,245.26,326.55,146,1.284,17,0.3333,0.3333,0.08,0,0.0,10.0,0,1.0,0,0,0,1.65,0.0,491.48,491.48,1,2,0,0,1.23,0.33,0.28,0.3333,0.0,0.7778,326.55,17,17,1
0.0,0.0,0,1.013,453.68,0.0,17,4.235,5,0.0,0.0,0.05,0,0.0,10.0,0,0.0,0,0,1,0.367,0.0,459.43,459.43,1,2,0,0,3.53,0.0,0.82,0.0,0.0,0.5063,0.0,5,5,0
0.0,0.3333,0,0.265,263.52,236.41,178,1.288,22,0.3333,0.0,0.05,1,-3.333,0.0,0,0.5,0,0,0,0.0,0.0,69.74,69.74,1,2,0,0,1.01,0.0,0.23,0.3333,0.0,0.3431,236.41,22,22,1
0.333,0.0833,0,1.647,301.69,75.25,219,1.414,23,0.0833,0.0,0.03,0,2.5,60.0,0,0.0,0,0,0,0.685,0.0,497.01,497.01,1,4,0,0,1.64,0.33,0.38,0.0833,0.0,0.1581,75.25,23,23,1
0.333,0.5,1,0.429,326.55,374.37,224,1.419,6,0.5,0.3333,0.1,0,-1.667,0.0,0,1.0,0,0,0,0.682,262.21,140.16,140.16,1,2,0,1,1.34,0.33,0.31,0.5,0.5,0.6161,374.37,6,6,1
0.0,0.4167,0,1.007,199.06,226.02,622,0.579,7,0.4167,0.5,0.12,1,-4.167,0.0,0,0.4,0,0,0,3.947,0.0,200.37,200.37,2,2,0,0,0.58,0.0,0.13,0.4167,0.0,0.557,226.02,7,7,1
0.0,0.0,0,0.324,212.22,0.0,31,4.327,5,0.0,0.0,0.08,0,0.0,10.0,0,0.0,0,0,0,2.158,0.0,68.8,68.8,2,2,0,0,1.94,0.0,0.45,0.0,0.0,0.1621,0.0,5,5,1
0.0,0.0,0,1.482,264.93,0.0,404,0.693,3,0.0,0.0,0.2,0,0.0,10.0,0,0.0,0,0,0,1.487,0.0,392.72,392.72,1,1,0,0,0.67,0.0,0.15,0.0,0.0,0.1647,0.0,3,3,0
0.0,0.4286,0,0.885,279.17,333.22,899,0.448,6,0.4286,0.5,0.05,0,-4.286,0.0,0,1.0,0,0,0,0.0,0.0,247.01,247.01,1,2,0,0,0.47,0.0,0.11,0.4286,0.0,0.5748,333.22,6,6,1
0.333,0.3333,0,1.433,166.82,46.93,173,0.299,29,0.3333,0.0,0.07,0,0.0,10.0,0,0.0,0,0,0,0.0,0.0,238.99,238.99,0,2,0,0,0.52,0.33,0.12,0.3333,0.0,0.5713,46.93,29,29,1
0.667,0.4444,1,1.378,280.74,238.32,217,0.998,11,0.4444,0.3333,0.1,0,2.222,54.4,0,0.75,0,0,0,1.003,222.32,386.73,386.73,0,2,0,1,1.24,0.67,0.29,0.4444,0.5,0.5303,238.32,11,11,1
0.667,0.6667,1,1.286,166.82,142.96,175,0.299,23,0.6667,0.5,0.03,0,0.0,10.0,0,0.5,0,0,0,0.0,238.99,214.54,214.54,0,1,1,1,0.51,0.67,0.12,0.6667,1.0,1.0,142.96,23,23,1
0.0,0.0,0,0.351,206.62,0.0,465,0.213,11,0.0,0.0,0.2,0,0.0,10.0,0,0.0,0,0,0,5.427,0.0,72.59,72.59,0,1,0,0,0.26,0.0,0.06,0.0,0.0,0.0878,0.0,11,11,0
0.0,0.0909,0,1.96,228.48,107.78,191,1.728,15,0.0909,0.0,0.2,0,-0.909,0.0,0,0.0,0,0,0,3.067,0.0,447.86,447.86,0,4,0,0,1.73,0.0,0.4,0.0909,0.0,0.2211,107.78,15,15,0
0.0,0.5,0,0.16,141.55,211.33,142,1.644,11,0.5,0.0,0.12,0,-5.0,0.0,0,0.5,0,0,0,2.32,0.0,22.58,22.58,1,4,0,0,1.69,0.0,0.39,0.5,0.0,0.7665,211.33,11,11,1
0.0,0.1111,0,0.8,317.83,367.61,372,0.542,14,0.1111,0.0,0.2,0,-1.111,0.0,0,1.0,0,0,0,0.0,0.0,254.35,254.35,0,2,0,0,0.73,0.0,0.17,0.1111,0.0,0.2174,367.61,14,14,0
0.0,0.0,0,1.839,191.52,0.0,251,0.674,19,0.0,0.0,0.12,0,0.0,10.0,0,0.0,1,0,0,3.272,0.0,352.15,352.15,0,1,0,0,0.6,0.0,0.14,0.0,0.0,0.3677,0.0,19,19,0
0.333,0.2857,0,0.166,218.67,134.73,259,0.607,26,0.2857,0.0,0.07,0,0.476,19.5,0,0.0,0,0,0,0.0,0.0,36.35,36.35,0,1,0,0,0.81,0.33,0.19,0.2857,0.0,0.1998,134.73,26,26,1
0.667,0.1818,1,1.383,294.56,354.47,68,4.557,1,0.1818,0.0,0.03,0,4.848,100.0,0,1.0,0,0,0,3.267,410.57,407.39,407.39,2,7,0,1,4.85,0.67,1.12,0.1818,0.1429,0.3445,354.47,1,1,1
0.0,0.0,0,1.38,242.25,0.0,442,0.507,4,0.0,0.0,0.1,0,0.0,10.0,0,0.0,0,0,0,4.395,0.0,334.32,334.32,1,2,0,0,0.68,0.0,0.16,0.0,0.0,0.138,0.0,4,4,0
0.0,0.0,0,0.964,274.67,0.0,526,0.696,17,0.0,0.0,0.05,0,0.0,10.0,0,0.0,0,0,0,0.0,0.0,264.69,264.69,1,3,0,0,0.74,0.0,0.17,0.0,0.0,0.0741,0.0,17,17,0
0.0,0.0,0,0.757,59.6,0.0,102,0.165,18,0.0,0.0,0.2,1,0.0,10.0,0,0.0,0,0,0,0.0,0.0,45.14,45.14,1,2,0,0,0.59,0.0,0.14,0.0,0.0,0.3787,0.0,18,18,1
0.0,0.0,0,1.0,469.7,0.0,27,0.867,18,0.0,0.0,0.12,0,0.0,10.0,0,0.0,0,0,1,2.567,0.0,469.7,469.7,0,1,0,0,1.11,0.0,0.26,0.0,0.0,1.0,0.0,18,18,0
0.333,0.4545,1,0.991,220.79,125.37,315,0.938,27,0.4545,0.0,0.03,1,-1.212,0.0,0,0.2,0,0,0,0.0,63.0,218.91,218.91,1,2,0,1,1.05,0.33,0.24,0.4545,0.5,0.3482,125.37,27,27,1
0.0,0.1667,0,1.122,259.79,258.86,448,0.471,29,0.1667,0.0,0.05,0,-1.667,0.0,0,1.0,0,0,0,5.171,0.0,291.44,291.44,0,1,0,0,0.4,0.0,0.09,0.1667,0.0,0.353,258.86,29,29,0
0.0,0.0,0,0.989,464.66,0.0,97,0.369,5,0.0,0.0,0.12,0,0.0,10.0,0,0.0,0,0,0,0.0,0.0,459.53,459.53,1,1,0,0,0.62,0.0,0.14,0.0,0.0,0.4945,0.0,5,5,0
0.0,0.0,0,1.532,277.71,0.0,231,0.397,17,0.0,0.0,0.2,0,0.0,10.0,0,0.0,0,0,0,0.0,0.0,425.5,425.5,0,1,0,0,0.26,0.0,0.06,0.0,0.0,0.7661,0.0,17,17,0
0.0,0.0,0,1.0,472.36,0.0,11,0.548,5,0.0,0.0,0.1,0,0.0,10.0,0,0.0,0,0,1,0.0,0.0,472.36,472.36,1,1,0,0,2.73,0.0,0.63,0.0,0.0,1.0,0.0,5,5,1
0.0,0.0,0,1.0,121.74,0.0,66,0.401,24,0.0,0.0,0.08,0,0.0,10.0,0,0.0,0,0,0,0.0,0.0,121.74,121.74,0,1,0,0,0.45,0.0,0.1,0.0,0.0,1.0,0.0,24,24,0
0.0,0.0,0,0.991,286.02,0.0,354,0.293,19,0.0,0.0,0.08,0,0.0,10.0,0,0.0,0,0,0,0.0,0.0,283.41,283.41,0,1,0,0,0.51,0.0,0.12,0.0,0.0,0.1651,0.0,19,19,0
0.333,0.625,1,0.821,269.9,334.48,632,0.372,4,0.625,0.0,0.12,0,-2.917,0.0,0,0.8,0,0,0,2.933,168.97,221.61,221.61,1,2,0,1,0.38,0.33,0.09,0.625,0.5,0.8772,334.48,4,4,1
1.0,0.5,1,0.588,256.61,213.14,184,1.304,9,0.5,0.5,0.1,1,5.0,100.0,0,0.5,0,0,0,0.733,171.8,150.78,150.78,0,1,0,1,1.3,1.0,0.3,0.5,1.0,0.4887,213.14,9,9,1
0.0,0.6,0,1.189,377.87,327.92,564,0.256,26,0.6,0.5,0.12,0,-6.0,0.0,0,0.667,1,0,0,0.0,0.0,449.4,449.4,0,1,0,0,0.27,0.0,0.06,0.6,0.0,0.7586,327.92,26,26,1
0.0,0.1667,0,1.443,286.18,441.53,527,0.259,17,0.1667,0.0,0.1,0,-1.667,0.0,0,1.0,0,0,0,0.0,0.0,413.09,413.09,0,1,0,0,0.34,0.0,0.08,0.1667,0.0,0.4977,441.53,17,17,0
0.0,0.0,0,0.443,231.85,0.0,219,0.569,14,0.0,0.0,0.2,0,0.0,10.0,0,0.0,0,0,0,1.812,0.0,102.65,102.65,1,3,0,0,0.68,0.0,0.16,0.0,0.0,0.0885,0.0,14,14,0
0.667,0.5455,0,0.22,112.76,131.09,581,0.505,24,0.5455,0.4,0.05,0,1.212,34.2,0,0.333,0,0,0,0.0,0.0,24.77,24.77,0,1,0,0,0.57,0.67,0.13,0.5455,0.0,0.6541,131.09,24,24,1
1.0,0.5,1,0.43,216.3,237.4,84,1.586,3,0.5,0.5,0.07,0,5.0,100.0,0,0.667,0,0,0,0.0,304.92,92.94,92.94,1,3,0,1,2.14,1.0,0.49,0.5,0.3333,0.6204,237.4,3,3,1
0.0,0.0,0,1.005,292.99,0.0,341,0.343,23,0.0,0.0,0.1,0,0.0,10.0,0,0.0,0,0,0,0.0,0.0,294.48,294.48,0,2,0,0,0.53,0.0,0.12,0.0,0.0,0.1675,0.0,23,23,0
0.333,0.0909,1,0.501,220.92,265.13,99,2.419,12,0.0909,0.0,0.2,0,2.424,58.5,0,1.0,0,0,0,0.8,265.13,110.65,110.65,0,5,0,1,3.33,0.33,0.77,0.0909,0.2,0.1546,265.13,12,12,0
0.0,0.0,0,1.121,237.63,0.0,159,0.755,19,0.0,0.0,0.07,0,0.0,10.0,0,0.0,0,0,0,4.3,0.0,266.42,266.42,0,2,0,0,0.75,0.0,0.17,0.0,0.0,0.2803,0.0,19,19,1
0.0,0.0,0,0.79,408.98,0.0,63,0.449,30,0.0,0.0,0.08,1,0.0,10.0,0,0.0,0,0,0,2.363,0.0,323.22,323.22,0,1,0,0,0.95,0.0,0.22,0.0,0.0,0.3952,0.0,30,30,1
0.0,0.0,0,0.444,264.42,0.0,22,9.13,2,0.0,0.0,0.12,1,0.0,10.0,0,0.0,0,0,1,1.333,0.0,117.48,117.48,2,6,0,0,8.18,0.0,1.89,0.0,0.0,0.074,0.0,2,2,1
0.0,0.75,0,0.139,249.78,321.47,725,0.161,25,0.75,0.0,0.08,1,-7.5,0.0,0,1.0,0,0,0,0.0,0.0,34.72,34.72,0,1,0,0,0.17,0.0,0.04,0.75,0.0,1.0,321.47,25,25,1
0.0,0.0,0,0.614,228.21,0.0,292,0.581,13,0.0,0.0,0.1,0,0.0,10.0,0,0.0,0,0,0,3.85,0.0,140.08,140.08,0,1,0,0,0.51,0.0,0.12,0.0,0.0,0.1228,0.0,13,13,1
0.0,0.0,0,1.0,389.63,0.0,91,0.289,21,0.0,0.0,0.2,0,0.0,10.0,0,0.0,0,0,0,0.0,0.0,389.63,389.63,0,1,0,0,0.33,0.0,0.08,0.0,0.0,1.0,0.0,21,21,0
0.0,0.0,0,0.767,304.71,0.0,150,0.239,10,0.0,0.0,0.1,0,0.0,10.0,0,0.0,0,0,0,0.0,0.0,233.76,233.76,0,1,0,0,0.4,0.0,0.09,0.0,0.0,0.3836,0.0,10,10,0
0.0,0.0,0,1.284,268.82,0.0,799,0.329,17,0.0,0.0,0.08,0,0.0,10.0,0,0.0,0,0,0,3.27,0.0,345.11,345.11,0,1,0,0,0.26,0.0,0.06,0.0,0.0,0.1834,0.0,17,17,0
1.333,0.4167,2,1.067,240.63,207.39,205,1.532,5,0.4167,0.0,0.03,1,9.167,100.0,0,0.4,0,0,0,0.0,248.5,256.73,256.73,3,4,1,2,1.76,1.33,0.41,0.4167,0.5,0.448,207.39,5,5,1
0.0,0.1429,0,0.5,245.31,464.23,673,0.408,18,0.1429,0.0,0.08,0,-1.429,0.0,0,1.0,0,0,0,0.0,0.0,122.76,122.76,0,1,0,0,0.31,0.0,0.07,0.1429,0.0,0.3418,464.23,18,18,0
0.0,0.0,0,0.832,332.04,0.0,35,6.667,21,0.0,0.0,0.2,0,0.0,10.0,0,0.0,0,0,0,2.4,0.0,276.29,276.29,3,8,0,0,6.86,0.0,1.58,0.0,0.0,0.104,0.0,21,21,1
0.333,0.4667,1,0.916,228.49,227.31,608,0.738,12,0.4667,0.5,0.1,1,-1.333,0.0,0,0.571,0,0,0,2.974,172.11,209.39,209.39,0,3,0,1,0.74,0.33,0.17,0.4667,0.3333,0.5253,227.31,12,12,1
0.333,0.2,0,1.361,343.87,364.93,59,1.694,5,0.2,0.0,0.07,1,1.333,36.7,0,1.0,0,0,0,0.522,0.0,468.07,468.07,3,4,0,0,2.54,0.33,0.59,0.2,0.0,0.4845,364.93,5,5,1
0.0,0.2,0,0.739,221.38,156.86,773,0.165,6,0.2,0.0,0.2,0,-2.0,0.0,0,0.0,0,0,0,0.0,0.0,163.52,163.52,1,1,0,0,0.19,0.0,0.04,0.2,0.0,0.2894,156.86,6,6,1
0.0,0.0,0,1.239,290.87,0.0,470,0.5,27,0.0,0.0,0.2,0,0.0,10.0,0,0.0,0,0,0,0.0,0.0,360.26,360.26,2,3,0,0,0.57,0.0,0.13,0.0,0.0,0.1376,0.0,27,27,0
0.0,0.0,0,0.981,232.7,0.0,272,0.736,10,0.0,0.0,0.12,0,0.0,10.0,0,0.0,0,0,0,0.0,0.0,228.24,228.24,0,1,0,0,0.99,0.0,0.23,0.0,0.0,0.109,0.0,10,10,0
1.0,0.8,1,0.636,163.13,177.96,134,0.559,18,0.8,0.5,0.1,1,2.0,50.0,0,0.5,0,0,0,1.845,155.22,103.79,103.79,0,1,0,1,1.12,1.0,0.26,0.8,1.0,1.0,177.96,18,18,1
0.0,0.3333,0,1.01,316.86,325.09,450,0.304,29,0.3333,0.0,0.2,1,-3.333,0.0,0,1.0,0,0,0,3.579,0.0,319.95,319.95,0,1,0,0,0.2,0.0,0.05,0.3333,0.0,0.6786,325.09,29,29,1
0.0,0.0909,0,0.15,271.98,475.64,342,0.916,13,0.0909,0.0,0.07,0,-0.909,0.0,0,1.0,0,0,0,0.0,0.0,40.72,40.72,0,1,0,0,0.96,0.0,0.22,0.0909,0.0,0.1726,475.64,13,13,0
0.333,0.3333,0,0.406,279.79,324.48,219,0.75,11,0.3333,0.3333,0.2,1,0.0,10.0,0,1.0,0,0,0,1.364,0.0,113.71,113.71,1,2,0,0,0.82,0.33,0.19,0.3333,0.0,0.4543,324.48,11,11,1
0.0,0.0,0,0.191,244.62,0.0,76,3.564,29,0.0,0.0,0.03,0,0.0,10.0,0,0.0,0,0,0,0.789,0.0,46.67,46.67,0,2,0,0,3.55,0.0,0.82,0.0,0.0,0.0212,0.0,29,29,0
0.0,0.0,0,0.907,383.96,0.0,14,0.746,2,0.0,0.0,0.12,0,0.0,10.0,0,0.0,0,0,1,0.0,0.0,348.06,348.06,1,2,0,0,4.29,0.0,0.99,0.0,0.0,0.4533,0.0,2,2,0
0.0,0.1667,0,0.457,205.13,386.52,496,0.353,13,0.1667,0.0,0.05,0,-1.667,0.0,0,1.0,0,0,0,0.0,0.0,93.68,93.68,0,1,0,0,0.36,0.0,0.08,0.1667,0.0,0.3902,386.52,13,13,0
0.0,0.0,0,0.469,341.83,0.0,263,0.393,24,0.0,0.0,0.08,0,0.0,10.0,0,0.0,0,0,0,2.719,0.0,160.3,160.3,0,1,0,0,0.46,0.0,0.11,0.0,0.0,0.1172,0.0,24,24,0
0.0,0.0,0,1.578,200.68,0.0,156,0.769,2,0.0,0.0,0.12,0,0.0,10.0,0,0.0,0,0,0,4.2,0.0,316.61,316.61,2,2,0,0,0.77,0.0,0.18,0.0,0.0,0.3944,0.0,2,2,0
0.0,0.0,0,1.197,305.98,0.0,498,0.344,14,0.0,0.0,0.07,0,0.0,10.0,0,0.0,0,0,0,0.0,0.0,366.2,366.2,0,2,0,0,0.36,0.0,0.08,0.0,0.0,0.1995,0.0,14,14,0
0.667,0.2222,2,1.636,297.47,245.28,17,15.882,17,0.2222,0.0,0.2,0,4.444,98.9,0,0.5,1,0,1,1.0,490.56,486.55,486.55,4,9,1,2,15.88,0.67,3.67,0.2222,0.2222,0.365,245.28,17,17,1
0.0,0.0,0,0.511,224.92,0.0,612,0.156,29,0.0,0.0,0.07,0,0.0,10.0,0,0.0,0,0,0,8.222,0.0,114.99,114.99,0,1,0,0,0.1,0.0,0.02,0.0,0.0,0.2556,0.0,29,29,1
0.333,0.0769,1,1.478,255.24,29.74,394,0.714,4,0.0769,0.2,0.2,0,2.564,61.3,0,0.0,0,0,0,0.0,29.74,377.23,377.23,1,3,0,1,0.99,0.33,0.23,0.0769,0.3333,0.1227,29.74,4,4,0
0.0,0.0,0,1.249,394.47,0.0,52,2.258,18,0.0,0.0,0.1,0,0.0,10.0,0,0.0,0,0,0,0.84,0.0,492.78,492.78,0,2,0,0,2.88,0.0,0.67,0.0,0.0,0.2498,0.0,18,18,0
0.0,0.5455,0,0.703,224.67,199.99,689,0.452,11,0.5455,0.5,0.07,0,-5.455,0.0,0,0.5,0,0,0,0.0,0.0,157.99,157.99,0,1,0,0,0.48,0.0,0.11,0.5455,0.0,0.5495,199.99,11,11,1
0.0,0.3333,0,0.987,280.48,313.37,422,0.176,29,0.3333,0.5,0.2,0,-3.333,0.0,0,1.0,0,0,0,0.0,0.0,276.72,276.72,0,1,0,0,0.21,0.0,0.05,0.3333,0.0,0.7013,313.37,29,29,1
0.333,0.0833,0,0.105,297.21,423.36,236,1.439,13,0.0833,0.0,0.2,0,2.5,60.0,0,1.0,0,0,0,0.669,0.0,31.1,31.1,0,2,0,0,1.53,0.33,0.35,0.0833,0.0,0.1274,423.36,13,13,0
0.0,0.0,0,1.703,158.61,0.0,117,0.28,24,0.0,0.0,0.1,0,0.0,10.0,0,0.0,0,0,0,0.0,0.0,270.08,270.08,0,1,0,0,0.51,0.0,0.12,0.0,0.0,0.8514,0.0,24,24,0
0.667,0.5833,1,1.673,238.62,203.97,274,1.123,8,0.5833,0.5,0.07,0,0.833,26.7,0,0.429,0,0,0,0.0,472.43,399.14,399.14,0,1,0,1,1.31,0.67,0.3,0.5833,1.0,0.638,203.97,8,8,1
0.0,0.0,0,0.188,270.2,0.0,381,0.918,5,0.0,0.0,0.05,0,0.0,10.0,0,0.0,0,0,0,2.394,0.0,50.93,50.93,2,3,0,0,0.87,0.0,0.2,0.0,0.0,0.0171,0.0,5,5,0
0.0,0.1429,0,0.905,225.42,186.56,360,0.471,12,0.1429,0.0,0.03,0,-1.429,0.0,0,0.0,0,0,0,0.0,0.0,204.03,204.03,0,2,0,0,0.58,0.0,0.13,0.1429,0.0,0.2475,186.56,12,12,1
0.0,0.125,0,0.986,201.16,177.89,207,0.71,27,0.125,0.0,0.05,1,-1.25,0.0,0,0.0,0,0,0,0.0,0.0,198.39,198.39,0,4,0,0,1.16,0.0,0.27,0.125,0.0,0.2338,177.89,27,27,1
0.0,0.0,0,0.878,356.86,0.0,251,0.315,23,0.0,0.0,0.05,0,0.0,10.0,0,0.0,0,0,0,3.613,0.0,313.45,313.45,0,1,0,0,0.36,0.0,0.08,0.0,0.0,0.2928,0.0,23,23,1
0.0,0.3571,0,0.926,312.12,328.28,481,0.896,30,0.3571,0.0,0.07,1,-3.571,0.0,0,0.8,0,0,0,1.124,0.0,289.14,289.14,0,1,0,0,0.87,0.0,0.2,0.3571,0.0,0.4418,328.28,30,30,1
0.667,0.3333,0,0.415,291.76,346.75,165,1.658,17,0.3333,0.2,0.05,0,3.333,76.7,0,0.667,0,0,0,1.252,0.0,121.19,121.19,1,2,0,0,1.64,0.67,0.38,0.3333,0.0,0.4423,346.75,17,17,1
1.0,0.5455,1,1.006,313.03,347.6,302,1.125,5,0.5455,0.0,0.07,0,4.545,100.0,0,1.0,0,0,0,1.897,448.86,314.77,314.77,1,1,0,1,1.09,1.0,0.25,0.5455,1.0,0.6971,347.6,5,5,1
0.0,0.0,0,1.0,138.85,0.0,41,0.131,18,0.0,0.0,0.2,0,0.0,10.0,0,0.0,0,0,0,0.0,0.0,138.85,138.85,0,1,0,0,0.73,0.0,0.17,0.0,0.0,1.0,0.0,18,18,0
0.0,0.0,0,0.796,347.84,0.0,111,1.218,6,0.0,0.0,0.08,0,0.0,10.0,0,0.0,0,0,0,0.0,0.0,276.79,276.79,1,3,0,0,1.62,0.0,0.37,0.0,0.0,0.1326,0.0,6,6,0
0.0,0.0,0,0.576,244.78,0.0,64,5.915,24,0.0,0.0,0.1,0,0.0,10.0,0,0.0,1,0,0,0.759,0.0,141.03,141.03,1,4,0,0,5.16,0.0,1.19,0.0,0.0,0.0524,0.0,24,24,0
0.667,0.3333,1,1.345,304.62,241.82,73,1.846,4,0.3333,0.0,0.12,0,3.333,76.7,0,1.0,0,0,0,0.0,269.07,409.85,409.85,1,4,0,1,2.47,0.67,0.57,0.3333,0.25,0.4889,241.82,4,4,1
0.0,0.4444,0,1.336,249.77,235.1,730,0.349,20,0.4444,0.0,0.08,0,-4.444,0.0,0,0.5,0,0,0,0.0,0.0,333.73,333.73,0,1,0,0,0.37,0.0,0.09,0.4444,0.0,0.5668,235.1,20,20,1
0.0,0.0,0,1.968,230.9,0.0,268,0.339,1,0.0,0.0,0.03,0,0.0,10.0,0,0.0,0,0,0,0.0,0.0,454.32,454.32,1,1,0,0,0.45,0.0,0.1,0.0,0.0,0.4919,0.0,1,1,0
0.667,0.4,0,0.158,193.3,240.06,142,0.595,6,0.4,0.0,0.03,0,2.667,63.3,0,0.5,0,0,0,0.0,0.0,30.5,30.5,1,1,0,0,1.06,0.67,0.24,0.4,0.0,0.5283,240.06,6,6,1
0.0,0.0,0,0.239,315.33,0.0,155,0.732,2,0.0,0.0,0.12,0,0.0,10.0,0,0.0,0,0,0,0.0,0.0,75.51,75.51,1,1,0,0,0.97,0.0,0.22,0.0,0.0,0.0479,0.0,2,2,1
0.333,0.1429,0,1.982,244.5,95.68,82,2.473,4,0.1429,0.0,0.03,0,1.905,48.1,0,0.0,0,0,0,2.533,0.0,484.53,484.53,4,5,0,0,2.56,0.33,0.59,0.1429,0.0,0.339,95.68,4,4,1
0.333,0.2,0,1.754,278.24,156.4,54,0.828,5,0.2,0.0,0.07,1,1.333,36.7,0,0.0,1,0,0,0.0,0.0,487.99,487.99,2,2,0,0,2.78,0.33,0.64,0.2,0.0,0.4632,156.4,5,5,1
0.0,0.0,0,1.0,482.95,0.0,88,0.438,8,0.0,0.0,0.07,0,0.0,10.0,0,0.0,1,0,0,5.212,0.0,482.95,482.95,0,1,0,0,0.34,0.0,0.08,0.0,0.0,1.0,0.0,8,8,0
0.0,0.0,0,0.967,300.56,0.0,11,3.082,3,0.0,0.0,0.07,1,0.0,10.0,0,0.0,0,0,1,0.595,0.0,290.56,290.56,1,2,0,0,5.45,0.0,1.26,0.0,0.0,0.4834,0.0,3,3,1
0.0,0.0,0,1.102,218.24,0.0,93,0.757,30,0.0,0.0,0.08,0,0.0,10.0,0,0.0,0,0,0,0.0,0.0,240.59,240.59,0,1,0,0,1.61,0.0,0.37,0.0,0.0,0.2205,0.0,30,30,0
0.0,0.0,0,0.791,197.77,0.0,17,0.828,12,0.0,0.0,0.08,1,0.0,10.0,0,0.0,0,0,1,0.0,0.0,156.4,156.4,0,2,0,0,3.53,0.0,0.82,0.0,0.0,0.3954,0.0,12,12,1
0.333,0.5,0,0.298,297.75,342.1,187,1.197,7,0.5,0.0,0.03,0,-1.667,0.0,0,0.667,0,0,0,0.824,0.0,88.73,88.73,1,3,0,0,0.96,0.33,0.22,0.5,0.0,0.6241,342.1,7,7,1
1.667,0.625,1,1.29,227.2,264.45,127,1.612,14,0.625,0.5,0.1,1,10.417,100.0,0,0.6,1,0,0,0.589,279.05,293.07,293.07,0,2,0,1,1.89,1.67,0.44,0.625,0.5,0.8887,264.45,14,14,1
0.0,0.0,0,0.884,409.17,0.0,245,0.334,10,0.0,0.0,0.08,0,0.0,10.0,0,0.0,0,0,0,0.0,0.0,361.57,361.57,0,1,0,0,0.24,0.0,0.06,0.0,0.0,0.4418,0.0,10,10,1
0.0,0.0,0,1.464,218.38,0.0,103,0.523,16,0.0,0.0,0.2,0,0.0,10.0,0,0.0,0,0,0,2.367,0.0,319.73,319.73,1,2,0,0,0.58,0.0,0.13,0.0,0.0,0.7321,0.0,16,16,0
0.333,0.4286,0,0.266,239.41,259.51,158,1.054,10,0.4286,0.5,0.03,0,-0.952,0.0,0,0.333,0,0,0,0.945,0.0,63.67,63.67,0,2,0,0,1.33,0.33,0.31,0.4286,0.0,0.5026,259.51,10,10,1
0.333,0.1111,1,0.553,237.43,187.97,26,6.29,5,0.1111,0.0,0.05,0,2.222,54.4,0,0.0,0,0,1,0.32,187.97,131.33,131.33,2,9,0,1,10.38,0.33,2.4,0.1111,0.1111,0.1494,187.97,5,5,1
0.333,0.3333,0,0.768,190.18,291.08,154,0.579,16,0.3333,0.5,0.2,1,0.0,10.0,0,0.5,0,0,0,3.947,0.0,146.08,146.08,2,3,0,0,1.17,0.33,0.27,0.3333,0.0,0.6382,291.08,16,16,1
0.333,0.625,0,0.65,185.42,229.09,381,0.767,13,0.625,0.5,0.2,0,-2.917,0.0,0,0.4,1,0,0,5.0,0.0,120.48,120.48,0,1,0,0,0.63,0.33,0.15,0.625,0.0,0.8534,229.09,13,13,1
0.0,0.0,0,0.891,318.73,0.0,648,0.598,5,0.0,0.0,0.2,0,0.0,10.0,0,0.0,0,0,0,0.0,0.0,284.1,284.1,1,1,0,0,0.56,0.0,0.13,0.0,0.0,0.0743,0.0,5,5,0
0.333,0.1818,0,1.313,304.28,365.64,500,0.53,21,0.1818,0.3333,0.2,0,1.515,40.3,0,1.0,0,0,0,0.0,0.0,399.66,399.66,1,2,0,0,0.66,0.33,0.15,0.1818,0.0,0.3379,365.64,21,21,0
0.333,0.2,1,1.589,258.46,159.81,58,2.344,21,0.2,0.0,0.05,0,1.333,36.7,0,0.0,0,0,0,0.756,159.81,410.65,410.65,0,3,0,1,2.59,0.33,0.6,0.2,0.3333,0.4414,159.81,21,21,0
0.333,0.5,0,1.262,215.62,159.04,111,0.738,8,0.5,0.0,0.12,1,-1.667,0.0,0,0.0,0,0,0,2.974,0.0,272.2,272.2,0,1,0,0,0.54,0.33,0.12,0.5,0.0,1.0,159.04,8,8,1
0.0,0.0,0,1.259,340.89,0.0,55,2.601,16,0.0,0.0,0.05,0,0.0,10.0,0,0.0,0,0,0,1.192,0.0,429.27,429.27,0,2,0,0,1.64,0.0,0.38,0.0,0.0,0.4198,0.0,16,16,0
0.0,0.0,0,0.443,113.58,0.0,169,0.499,16,0.0,0.0,0.08,0,0.0,10.0,0,0.0,0,0,0,2.089,0.0,50.27,50.27,0,1,0,0,0.36,0.0,0.08,0.0,0.0,0.2213,0.0,16,16,0
0.0,0.0,0,1.0,261.62,0.0,40,0.898,8,0.0,0.0,0.2,0,0.0,10.0,0,0.0,0,0,0,0.0,0.0,261.62,261.62,0,1,0,0,0.75,0.0,0.17,0.0,0.0,1.0,0.0,8,8,0
0.667,0.6,1,1.607,207.2,182.49,225,1.121,9,0.6,0.6667,0.12,0,0.667,23.3,0,0.333,0,0,0,0.0,292.23,332.9,332.9,0,1,0,1,1.33,0.67,0.31,0.6,1.0,0.6891,182.49,9,9,1
0.333,0.5,0,1.172,316.97,262.33,64,0.721,9,0.5,0.0,0.1,0,-1.667,0.0,0,1.0,0,0,0,1.414,0.0,371.61,371.61,0,1,0,0,0.94,0.33,0.22,0.5,0.0,1.0,262.33,9,9,0
0.0,0.0,0,1.018,280.79,0.0,132,0.915,14,0.0,0.0,0.08,0,0.0,10.0,0,0.0,0,0,0,0.0,0.0,285.82,285.82,0,1,0,0,0.91,0.0,0.21,0.0,0.0,0.2545,0.0,14,14,1
0.0,0.0,0,0.711,320.88,0.0,456,0.823,6,0.0,0.0,0.12,0,0.0,10.0,0,0.0,0,0,0,2.651,0.0,227.99,227.99,2,2,0,0,0.72,0.0,0.17,0.0,0.0,0.0646,0.0,6,6,0
0.0,0.0,0,1.06,263.75,0.0,87,5.172,3,0.0,0.0,0.1,0,0.0,10.0,0,0.0,0,0,0,0.691,0.0,279.6,279.6,2,4,0,0,5.17,0.0,1.19,0.0,0.0,0.0707,0.0,3,3,0
0.0,0.2222,0,1.313,320.59,333.4,441,0.484,29,0.2222,0.0,0.12,1,-2.222,0.0,0,1.0,0,0,0,0.0,0.0,420.82,420.82,0,1,0,0,0.61,0.0,0.14,0.2222,0.0,0.377,333.4,29,29,1
1.0,0.4,2,0.093,306.86,392.57,100,3.514,7,0.4,0.5,0.08,0,6.0,100.0,0,1.0,0,0,0,2.314,819.13,28.48,28.48,1,3,1,2,3.0,1.0,0.69,0.4,0.6667,0.521,392.57,7,7,1
0.0,0.1111,0,0.587,204.91,243.82,416,0.435,4,0.1111,0.0,0.1,0,-1.111,0.0,0,1.0,0,0,0,0.0,0.0,120.32,120.32,1,1,0,0,0.65,0.0,0.15,0.1111,0.0,0.1975,243.82,4,4,0
0.0,0.1111,0,1.284,258.65,61.11,153,1.875,2,0.1111,0.0,0.1,0,-1.111,0.0,0,0.0,1,0,0,0.491,0.0,332.2,332.2,1,1,0,0,1.76,0.0,0.41,0.1111,0.0,0.169,61.11,2,2,0
1.333,0.7778,2,0.975,269.41,244.14,145,1.329,17,0.7778,0.0,0.2,1,5.556,100.0,0,0.429,0,0,0,0.0,878.55,262.72,262.72,0,3,1,2,1.86,1.33,0.43,0.7778,0.6667,0.8132,244.14,17,17,1
0.0,0.2,0,0.739,146.46,87.51,437,0.225,28,0.2,0.3333,0.2,1,-2.0,0.0,0,0.0,0,0,0,0.0,0.0,108.2,108.2,0,2,0,0,0.34,0.0,0.08,0.2,0.0,0.2673,87.51,28,28,1
0.333,0.3333,0,1.593,243.02,190.93,67,0.506,9,0.3333,0.0,0.05,1,0.0,10.0,0,0.0,1,0,0,0.0,0.0,387.11,387.11,0,1,0,0,1.34,0.33,0.31,0.3333,0.0,0.7928,190.93,9,9,1
0.0,0.0,0,0.909,244.84,0.0,718,0.178,22,0.0,0.0,0.03,0,0.0,10.0,0,0.0,0,0,0,0.0,0.0,222.55,222.55,0,1,0,0,0.17,0.0,0.04,0.0,0.0,0.2272,0.0,22,22,0
0.0,0.0,0,1.44,190.28,0.0,514,0.105,17,0.0,0.0,0.2,0,0.0,10.0,0,0.0,0,0,0,0.0,0.0,274.03,274.03,0,1,0,0,0.12,0.0,0.03,0.0,0.0,0.7201,0.0,17,17,0
0.0,0.0,0,1.0,360.14,0.0,75,0.845,27,0.0,0.0,0.2,0,0.0,10.0,0,0.0,0,0,0,1.204,0.0,360.14,360.14,0,1,0,0,0.4,0.0,0.09,0.0,0.0,1.0,0.0,27,27,0
0.0,0.0909,0,0.312,278.62,424.94,493,0.494,12,0.0909,0.0,0.05,0,-0.909,0.0,0,1.0,0,0,0,0.0,0.0,86.96,86.96,1,2,0,0,0.67,0.0,0.15,0.0909,0.0,0.167,424.94,12,12,0
0.0,0.0,0,0.152,163.29,0.0,120,0.352,29,0.0,0.0,0.05,0,0.0,10.0,0,0.0,0,0,0,0.0,0.0,24.75,24.75,0,1,0,0,0.75,0.0,0.17,0.0,0.0,0.0505,0.0,29,29,0
0.0,0.0,0,1.0,327.61,0.0,102,0.266,14,0.0,0.0,0.2,0,0.0,10.0,0,0.0,0,0,0,0.0,0.0,327.61,327.61,0,1,0,0,0.29,0.0,0.07,0.0,0.0,1.0,0.0,14,14,0
1.333,0.4545,1,0.406,252.13,289.54,152,1.654,17,0.4545,0.5,0.2,0,8.788,100.0,0,0.8,0,0,0,0.0,347.81,102.49,102.49,1,3,0,1,2.17,1.33,0.5,0.4545,0.3333,0.5589,289.54,17,17,1
0.0,0.0,0,1.0,189.67,0.0,21,0.662,5,0.0,0.0,0.03,0,0.0,10.0,0,0.0,0,0,1,0.0,0.0,189.67,189.67,1,1,0,0,1.43,0.0,0.33,0.0,0.0,1.0,0.0,5,5,1
0.0,0.0,0,0.942,205.89,0.0,600,0.188,4,0.0,0.0,0.07,0,0.0,10.0,0,0.0,0,0,0,0.0,0.0,193.86,193.86,1,2,0,0,0.25,0.0,0.06,0.0,0.0,0.1883,0.0,4,4,0
0.0,0.0,0,1.182,303.58,0.0,61,0.389,6,0.0,0.0,0.05,1,0.0,10.0,0,0.0,1,0,0,0.0,0.0,358.79,358.79,2,2,0,0,0.98,0.0,0.23,0.0,0.0,0.5909,0.0,6,6,1
0.333,0.1429,1,0.212,223.06,481.54,70,3.0,4,0.1429,0.5,0.2,0,1.905,48.1,0,1.0,0,0,0,1.0,481.54,47.34,47.34,3,7,1,1,3.0,0.33,0.69,0.1429,0.1429,0.3387,481.54,4,4,0
0.0,0.0,0,0.719,286.88,0.0,456,0.783,24,0.0,0.0,0.1,0,0.0,10.0,0,0.0,0,0,0,2.867,0.0,206.19,206.19,0,2,0,0,0.79,0.0,0.18,0.0,0.0,0.0599,0.0,24,24,0
0.333,0.25,0,1.139,289.42,234.12,282,0.542,20,0.25,0.0,0.08,0,0.833,26.7,0,0.5,0,0,0,0.0,0.0,329.58,329.58,1,3,0,0,0.85,0.33,0.2,0.25,0.0,0.3446,234.12,20,20,0
0.0,0.0,0,0.518,352.16,0.0,649,0.29,19,0.0,0.0,0.2,0,0.0,10.0,0,0.0,0,0,0,0.0,0.0,182.34,182.34,0,1,0,0,0.18,0.0,0.04,0.0,0.0,0.1294,0.0,19,19,0
0.333,0.125,0,0.633,268.22,353.14,58,3.846,5,0.125,0.0,0.1,0,2.083,51.7,0,1.0,0,0,0,1.6,0.0,169.68,169.68,3,5,0,0,4.14,0.33,0.96,0.125,0.0,0.2437,353.14,5,5,0
0.0,0.1111,0,0.684,229.24,344.73,321,0.522,28,0.1111,0.0,0.2,0,-1.111,0.0,0,1.0,1,0,0,0.0,0.0,156.75,156.75,0,1,0,0,0.84,0.0,0.19,0.1111,0.0,0.2431,344.73,28,28,1
0.0,0.0,0,1.626,254.6,0.0,106,0.339,14,0.0,0.0,0.07,1,0.0,10.0,0,0.0,0,0,0,0.0,0.0,413.89,413.89,0,1,0,0,0.57,0.0,0.13,0.0,0.0,0.8128,0.0,14,14,1
0.0,0.0,0,1.14,319.0,0.0,47,0.714,14,0.0,0.0,0.2,0,0.0,10.0,0,0.0,0,0,0,0.0,0.0,363.55,363.55,1,3,0,0,2.55,0.0,0.59,0.0,0.0,0.2849,0.0,14,14,0
0.0,0.0,0,0.953,348.8,0.0,286,0.364,24,0.0,0.0,0.07,0,0.0,10.0,0,0.0,0,0,0,0.0,0.0,332.43,332.43,0,1,0,0,0.31,0.0,0.07,0.0,0.0,0.3177,0.0,24,24,0
0.0,0.2,0,1.637,244.46,315.1,711,0.269,9,0.2,0.0,0.05,0,-2.0,0.0,0,1.0,0,0,0,10.027,0.0,400.13,400.13,0,1,0,0,0.21,0.0,0.05,0.2,0.0,0.5852,315.1,9,9,0
0.0,0.0714,0,0.492,225.75,440.86,418,0.921,23,0.0714,0.0,0.12,0,-0.714,0.0,0,1.0,0,0,0,0.0,0.0,111.12,111.12,1,3,0,0,1.0,0.0,0.23,0.0714,0.0,0.1746,440.86,23,23,0
0.333,0.3333,1,0.96,254.45,176.95,36,1.452,22,0.3333,0.0,0.2,0,0.0,10.0,0,0.0,0,0,0,0.0,176.95,244.19,244.19,0,3,0,1,2.5,0.33,0.58,0.3333,0.3333,0.5517,176.95,22,22,0
0.0,0.3333,0,1.014,393.85,400.75,810,0.107,25,0.3333,0.0,0.08,0,-3.333,0.0,0,1.0,0,0,0,0.0,0.0,399.48,399.48,0,1,0,0,0.11,0.0,0.03,0.3333,0.0,0.6773,400.75,25,25,0
0.0,0.6,0,1.202,216.59,112.37,704,0.285,25,0.6,0.0,0.1,0,-6.0,0.0,0,0.0,0,0,0,0.0,0.0,260.33,260.33,0,1,0,0,0.21,0.0,0.05,0.6,0.0,0.5517,112.37,25,25,1
1.0,0.4615,2,1.327,266.77,256.46,136,2.868,3,0.4615,0.0,0.03,0,5.385,100.0,0,0.5,0,0,0,1.06,692.64,354.05,354.05,1,3,0,2,2.87,1.0,0.66,0.4615,0.6667,0.5458,256.46,3,3,1
0.0,0.0,0,0.143,263.79,0.0,439,0.552,27,0.0,0.0,0.03,0,0.0,10.0,0,0.0,0,0,0,0.0,0.0,37.69,37.69,0,1,0,0,0.48,0.0,0.11,0.0,0.0,0.0204,0.0,27,27,1
0.0,0.0,0,0.766,299.06,0.0,29,10.465,6,0.0,0.0,0.03,0,0.0,10.0,0,0.0,0,0,1,6.067,0.0,229.15,229.15,2,10,0,0,10.34,0.0,2.39,0.0,0.0,0.0766,0.0,6,6,0
0.0,0.0,0,1.09,298.64,0.0,223,0.159,4,0.0,0.0,0.1,0,0.0,10.0,0,0.0,0,0,0,0.0,0.0,325.64,325.64,1,1,0,0,0.27,0.0,0.06,0.0,0.0,0.5452,0.0,4,4,1
0.0,0.0,0,1.0,73.94,0.0,168,0.156,17,0.0,0.0,0.08,0,0.0,10.0,0,0.0,0,0,0,0.0,0.0,73.94,73.94,0,1,0,0,0.18,0.0,0.04,0.0,0.0,1.0,0.0,17,17,1
0.0,0.0,0,0.991,230.86,0.0,78,0.707,7,0.0,0.0,0.2,0,0.0,10.0,0,0.0,0,0,0,0.0,0.0,228.83,228.83,1,2,0,0,1.15,0.0,0.27,0.0,0.0,0.3304,0.0,7,7,0
0.333,0.1429,0,0.925,199.07,386.9,204,0.959,30,0.1429,0.0,0.2,0,1.905,48.1,0,1.0,0,0,0,0.0,0.0,184.05,184.05,0,1,0,0,1.03,0.33,0.24,0.1429,0.0,0.4097,386.9,30,30,1
0.0,0.6667,0,0.542,272.91,335.4,230,0.536,15,0.6667,0.0,0.2,0,-6.667,0.0,0,1.0,0,0,0,0.0,0.0,147.93,147.93,0,1,0,0,0.39,0.0,0.09,0.6667,0.0,1.0,335.4,15,15,1
0.0,0.0,0,1.0,398.77,0.0,18,0.628,5,0.0,0.0,0.05,0,0.0,10.0,0,0.0,1,0,1,0.0,0.0,398.77,398.77,1,1,0,0,1.67,0.0,0.38,0.0,0.0,1.0,0.0,5,5,1
0.0,0.0,0,1.455,307.34,0.0,227,0.677,5,0.0,0.0,0.1,0,0.0,10.0,0,0.0,0,0,0,1.512,0.0,447.22,447.22,1,1,0,0,0.66,0.0,0.15,0.0,0.0,0.291,0.0,5,5,0
0.0,0.0,0,1.828,173.39,0.0,56,0.219,11,0.0,0.0,0.07,0,0.0,10.0,0,0.0,0,0,0,0.0,0.0,316.97,316.97,0,1,0,0,1.07,0.0,0.25,0.0,0.0,0.9141,0.0,11,11,0
0.333,0.375,1,1.122,263.76,206.69,632,0.363,17,0.375,0.5,0.12,0,-0.417,1.7,0,0.333,0,0,0,0.0,79.6,295.95,295.95,0,2,0,1,0.38,0.33,0.09,0.375,0.5,0.4341,206.69,17,17,1
0.0,0.0,0,1.0,495.37,0.0,101,0.487,13,0.0,0.0,0.12,0,0.0,10.0,0,0.0,0,0,0,0.0,0.0,495.37,495.37,0,1,0,0,0.3,0.0,0.07,0.0,0.0,1.0,0.0,13,13,1
0.0,0.4615,0,0.841,241.78,200.56,732,0.539,9,0.4615,0.0,0.2,1,-4.615,0.0,0,0.5,0,0,0,1.917,0.0,203.36,203.36,0,1,0,0,0.53,0.0,0.12,0.4615,0.0,0.4475,200.56,9,9,1
0.0,0.0,0,1.625,252.44,0.0,42,1.985,2,0.0,0.0,0.12,1,0.0,10.0,0,0.0,1,0,0,0.442,0.0,410.29,410.29,1,3,0,0,2.14,0.0,0.49,0.0,0.0,0.5418,0.0,2,2,1
0.0,0.6667,0,1.231,297.98,263.61,300,0.304,23,0.6667,0.0,0.08,0,-6.667,0.0,0,1.0,0,0,0,0.0,0.0,366.71,366.71,0,1,0,0,0.3,0.0,0.07,0.6667,0.0,1.0,263.61,23,23,1
0.0,0.0,0,2.483,149.72,0.0,86,0.553,21,0.0,0.0,0.12,0,0.0,10.0,0,0.0,0,0,0,0.0,0.0,371.71,371.71,0,1,0,0,1.05,0.0,0.24,0.0,0.0,0.8276,0.0,21,21,0
0.333,0.3333,1,1.224,387.58,352.87,68,1.018,27,0.3333,0.0,0.12,0,0.0,10.0,0,1.0,0,0,0,0.981,352.87,474.57,474.57,1,2,0,1,1.32,0.33,0.31,0.3333,0.5,0.7116,352.87,27,27,1
0.0,0.0,0,1.657,258.05,0.0,225,0.886,22,0.0,0.0,0.07,0,0.0,10.0,0,0.0,0,0,0,0.0,0.0,427.56,427.56,0,1,0,0,0.93,0.0,0.22,0.0,0.0,0.2367,0.0,22,22,0
1.333,0.4,2,0.925,192.43,141.71,83,3.614,16,0.4,0.0,0.05,1,9.333,100.0,0,0.5,0,0,0,4.122,293.74,178.07,178.07,3,7,0,2,3.61,1.33,0.83,0.4,0.2857,0.3871,141.71,16,16,1
0.0,0.0,0,1.0,311.99,0.0,13,4.432,3,0.0,0.0,0.12,0,0.0,10.0,0,0.0,0,0,1,2.256,0.0,311.99,311.99,1,1,0,0,2.31,0.0,0.53,0.0,0.0,1.0,0.0,3,3,0
0.0,0.0909,0,1.093,272.05,276.13,584,0.483,21,0.0909,0.0,0.12,0,-0.909,0.0,0,1.0,0,0,0,2.151,0.0,297.23,297.23,0,1,0,0,0.57,0.0,0.13,0.0909,0.0,0.1916,276.13,21,21,0
0.667,0.2667,1,1.242,234.15,168.33,178,2.473,12,0.2667,0.3333,0.07,0,4.0,90.0,0,0.25,0,0,0,2.533,39.34,290.76,290.76,1,5,0,1,2.53,0.67,0.58,0.2667,0.2,0.2745,168.33,12,12,1
0.0,0.0,0,1.377,359.55,0.0,96,0.559,22,0.0,0.0,0.2,0,0.0,10.0,0,0.0,0,0,0,1.878,0.0,495.14,495.14,0,1,0,0,1.25,0.0,0.29,0.0,0.0,0.3443,0.0,22,22,0
0.0,0.0,0,1.077,430.31,0.0,87,0.306,7,0.0,0.0,0.2,0,0.0,10.0,0,0.0,0,0,0,0.0,0.0,463.57,463.57,1,2,0,0,0.69,0.0,0.16,0.0,0.0,0.5386,0.0,7,7,1
0.333,0.5,0,0.879,313.56,351.51,205,0.84,4,0.5,0.0,0.1,0,-1.667,0.0,0,1.0,1,0,0,0.0,0.0,275.61,275.61,1,1,0,0,0.29,0.33,0.07,0.5,0.0,1.0,351.51,4,4,1
0.0,0.0909,0,0.592,216.52,153.85,218,1.398,14,0.0909,0.0,0.12,0,-0.909,0.0,0,0.0,0,0,0,0.692,0.0,128.18,128.18,0,1,0,0,1.51,0.0,0.35,0.0909,0.0,0.1184,153.85,14,14,0
0.0,0.0833,0,0.235,250.76,473.19,614,0.66,22,0.0833,0.0,0.1,0,-0.833,0.0,0,1.0,0,0,0,1.552,0.0,58.99,58.99,0,2,0,0,0.59,0.0,0.14,0.0833,0.0,0.1769,473.19,22,22,1
0.0,0.0,0,1.0,132.86,0.0,5,5.455,5,0.0,0.0,0.05,1,0.0,10.0,0,0.0,0,0,1,0.5,0.0,132.86,132.86,1,1,0,0,6.0,0.0,1.39,0.0,0.0,1.0,0.0,5,5,1
0.0,0.0,0,0.801,296.44,0.0,21,3.947,5,0.0,0.0,0.2,0,0.0,10.0,0,0.0,0,0,1,0.383,0.0,237.53,237.53,1,4,0,0,5.71,0.0,1.32,0.0,0.0,0.2003,0.0,5,5,0
0.333,0.3333,0,1.503,297.74,261.52,235,1.125,30,0.3333,0.5,0.2,0,0.0,10.0,0,1.0,0,0,0,1.897,0.0,447.56,447.56,0,2,0,0,1.15,0.33,0.27,0.3333,0.0,0.4598,261.52,30,30,1
0.0,0.0,0,0.739,303.42,0.0,126,0.478,25,0.0,0.0,0.12,0,0.0,10.0,0,0.0,0,0,0,2.456,0.0,224.32,224.32,1,2,0,0,0.48,0.0,0.11,0.0,0.0,0.3697,0.0,25,25,1
0.0,0.0,0,0.335,235.2,0.0,532,0.265,4,0.0,0.0,0.08,0,0.0,10.0,0,0.0,0,0,0,4.167,0.0,78.88,78.88,1,1,0,0,0.34,0.0,0.08,0.0,0.0,0.0559,0.0,4,4,0
1.0,0.4545,2,0.878,273.46,269.7,264,0.943,16,0.4545,0.5,0.12,0,5.455,100.0,0,0.6,0,0,0,0.0,703.19,240.0,240.0,0,3,0,2,1.25,1.0,0.29,0.4545,0.6667,0.5281,269.7,16,16,1
0.333,0.1429,1,1.835,261.67,129.22,26,6.154,3,0.1429,0.0,0.1,1,1.905,48.1,0,0.0,0,0,1,0.9,129.22,480.05,480.05,4,7,1,1,8.08,0.33,1.87,0.1429,0.1429,0.3326,129.22,3,3,1
1.0,0.2727,2,1.699,256.07,189.2,46,6.207,19,0.2727,0.0,0.2,0,7.273,100.0,0,0.667,0,0,0,0.667,356.82,435.03,435.03,2,6,0,2,7.17,1.0,1.66,0.2727,0.3333,0.356,189.2,19,19,0
0.333,0.125,1,0.556,329.15,340.6,40,4.545,7,0.125,0.0,0.2,0,2.083,51.7,0,1.0,0,0,0,0.836,340.6,183.12,183.12,2,8,0,1,6.0,0.33,1.39,0.125,0.125,0.1989,340.6,7,7,0
0.333,0.3333,1,1.436,331.87,446.95,61,0.548,27,0.3333,0.5,0.2,0,0.0,10.0,0,1.0,0,0,0,1.887,446.95,476.7,476.7,1,2,0,1,1.48,0.33,0.34,0.3333,0.5,0.9277,446.95,27,27,0
0.333,0.2,1,1.008,177.06,139.24,611,0.299,13,0.2,0.0,0.05,1,1.333,36.7,0,0.0,0,0,0,0.0,139.24,178.45,178.45,0,2,1,1,0.25,0.33,0.06,0.2,0.5,0.3589,139.24,13,13,1
0.333,0.6,0,0.75,150.78,147.33,189,0.796,26,0.6,0.0,0.05,0,-2.667,0.0,0,0.333,0,0,0,1.307,0.0,113.13,113.13,0,2,0,0,0.79,0.33,0.18,0.6,0.0,0.7364,147.33,26,26,1
0.0,0.1,0,0.663,238.73,446.86,297,1.007,15,0.1,0.0,0.07,0,-1.0,0.0,0,1.0,0,0,0,2.233,0.0,158.23,158.23,0,2,0,0,1.01,0.0,0.23,0.1,0.0,0.2535,446.86,15,15,0
0.667,0.7,0,1.663,281.97,245.9,730,0.375,21,0.7,0.3333,0.03,0,-0.333,3.3,0,0.429,0,0,0,0.0,0.0,468.8,468.8,0,1,0,0,0.41,0.67,0.09,0.7,0.0,0.7767,245.9,21,21,1
0.0,0.1429,0,1.462,260.2,204.93,373,0.738,30,0.1429,0.5,0.05,0,-1.429,0.0,0,1.0,0,0,0,1.382,0.0,380.34,380.34,1,3,0,0,0.56,0.0,0.13,0.1429,0.0,0.3213,204.93,30,30,1
0.333,0.2,0,1.393,348.49,434.9,362,0.573,1,0.2,0.3333,0.1,0,1.333,36.7,0,1.0,0,0,0,0.0,0.0,485.47,485.47,2,3,0,0,0.83,0.33,0.19,0.2,0.0,0.3889,434.9,1,1,0
0.333,0.4,0,0.868,207.86,151.17,249,1.03,17,0.4,0.0,0.07,0,-0.667,0.0,0,0.25,0,0,0,0.0,0.0,180.35,180.35,0,4,0,0,1.2,0.33,0.28,0.4,0.0,0.3777,151.17,17,17,1
0.0,0.0833,0,1.329,264.54,196.73,316,1.139,11,0.0833,0.0,0.08,0,-0.833,0.0,0,0.0,0,0,0,1.907,0.0,351.55,351.55,0,2,0,0,1.14,0.0,0.26,0.0833,0.0,0.1727,196.73,11,11,0
0.0,0.4167,0,1.672,230.72,204.09,583,0.575,16,0.4167,0.3333,0.08,0,-4.167,0.0,0,0.4,0,0,0,1.797,0.0,385.76,385.76,1,3,0,0,0.62,0.0,0.14,0.4167,0.0,0.5079,204.09,16,16,1
0.0,0.0,0,0.685,223.37,0.0,755,0.233,2,0.0,0.0,0.08,0,0.0,10.0,0,0.0,0,0,0,0.0,0.0,153.06,153.06,1,2,0,0,0.24,0.0,0.06,0.0,0.0,0.1142,0.0,2,2,0
0.0,0.0,0,0.183,208.53,0.0,398,0.528,1,0.0,0.0,0.2,0,0.0,10.0,0,0.0,0,0,0,0.0,0.0,38.26,38.26,1,2,0,0,0.45,0.0,0.1,0.0,0.0,0.0306,0.0,1,1,0
0.0,0.0,0,0.79,217.76,0.0,196,0.508,16,0.0,0.0,0.1,0,0.0,10.0,0,0.0,0,0,0,4.675,0.0,172.12,172.12,0,1,0,0,0.46,0.0,0.11,0.0,0.0,0.2635,0.0,16,16,0
0.333,0.2727,1,1.467,261.12,234.02,320,1.09,10,0.2727,0.0,0.08,1,0.606,22.1,0,0.333,0,0,0,0.0,167.67,383.09,383.09,0,2,1,1,1.03,0.33,0.24,0.2727,0.5,0.3778,234.02,10,10,1
0.667,0.3333,1,1.519,295.09,328.42,156,2.209,3,0.3333,0.5,0.2,0,3.333,76.7,0,1.0,1,0,0,1.478,491.22,448.24,448.24,3,4,1,1,2.31,0.67,0.53,0.3333,0.25,0.4976,328.42,3,3,1
0.333,0.0769,1,0.838,229.33,254.46,123,2.903,10,0.0769,0.0,0.2,0,2.564,61.3,0,1.0,0,0,0,0.641,254.46,192.2,192.2,0,2,0,1,3.17,0.33,0.73,0.0769,0.5,0.1498,254.46,10,10,0
0.333,0.5,0,0.199,193.04,347.63,109,0.406,21,0.5,0.0,0.12,1,-1.667,0.0,0,1.0,0,0,0,2.61,0.0,38.45,38.45,0,1,0,0,0.55,0.33,0.13,0.5,0.0,1.0,347.63,21,21,1
2.0,0.5,3,1.644,248.43,165.53,116,3.103,13,0.5,0.0,0.08,1,15.0,100.0,0,0.333,0,0,0,1.433,483.52,408.54,408.54,0,4,1,3,3.1,2.0,0.72,0.5,0.75,0.4702,165.53,13,13,1
0.333,0.4286,0,0.973,284.94,313.04,221,0.948,6,0.4286,0.0,0.12,1,-0.952,0.0,0,0.667,0,0,0,1.06,0.0,277.21,277.21,1,2,0,0,0.95,0.33,0.22,0.4286,0.0,0.6098,313.04,6,6,1
0.333,0.25,0,1.681,233.79,246.17,322,0.369,28,0.25,0.0,0.08,0,0.833,26.7,0,1.0,1,0,0,0.0,0.0,392.94,392.94,0,1,0,0,0.37,0.33,0.09,0.25,0.0,0.6834,246.17,28,28,0
0.0,0.1429,0,0.741,164.18,370.92,516,0.401,30,0.1429,0.0,0.08,0,-1.429,0.0,0,1.0,0,0,0,0.0,0.0,121.7,121.7,0,2,0,0,0.41,0.0,0.09,0.1429,0.0,0.4286,370.92,30,30,1
0.667,0.6667,2,0.552,185.77,215.6,252,0.594,27,0.6667,0.0,0.2,0,0.0,10.0,0,0.25,0,0,0,0.0,370.88,102.47,102.47,0,2,1,2,0.71,0.67,0.16,0.6667,1.0,0.8657,215.6,27,27,1
0.0,0.0,0,1.308,198.86,0.0,457,0.546,22,0.0,0.0,0.2,0,0.0,10.0,0,0.0,0,0,0,1.895,0.0,260.05,260.05,1,2,0,0,0.26,0.0,0.06,0.0,0.0,0.3269,0.0,22,22,0
0.0,0.4,0,1.88,255.13,195.96,622,0.451,16,0.4,0.5,0.1,0,-4.0,0.0,0,0.25,0,0,0,0.0,0.0,479.55,479.55,0,1,0,0,0.48,0.0,0.11,0.4,0.0,0.4952,195.96,16,16,1
0.0,0.0,0,0.277,151.93,0.0,272,0.438,18,0.0,0.0,0.2,0,0.0,10.0,0,0.0,1,0,0,5.28,0.0,42.02,42.02,0,1,0,0,0.22,0.0,0.05,0.0,0.0,0.1383,0.0,18,18,0
0.0,0.0,0,0.281,187.11,0.0,26,1.209,20,0.0,0.0,0.2,0,0.0,10.0,0,0.0,0,0,1,0.81,0.0,52.52,52.52,1,2,0,0,2.31,0.0,0.53,0.0,0.0,0.1403,0.0,20,20,1
0.0,0.0,0,0.807,108.8,0.0,79,0.708,1,0.0,0.0,0.1,0,0.0,10.0,0,0.0,0,0,0,3.23,0.0,87.8,87.8,1,2,0,0,1.52,0.0,0.35,0.0,0.0,0.2017,0.0,1,1,0
0.0,0.0,0,1.314,293.25,0.0,102,3.529,1,0.0,0.0,0.08,0,0.0,10.0,0,0.0,0,0,0,1.2,0.0,385.3,385.3,1,4,0,0,3.53,0.0,0.82,0.0,0.0,0.1095,0.0,1,1,0
0.333,0.5714,0,0.593,235.63,238.98,733,0.376,30,0.5714,0.0,0.07,0,-2.381,0.0,0,0.5,0,0,0,0.0,0.0,139.77,139.77,0,1,0,0,0.29,0.33,0.07,0.5714,0.0,0.6643,238.98,30,30,1
0.0,0.0,0,1.31,380.42,0.0,177,0.714,3,0.0,0.0,0.1,0,0.0,10.0,0,0.0,0,0,0,0.0,0.0,498.16,498.16,1,2,0,0,1.02,0.0,0.23,0.0,0.0,0.2183,0.0,3,3,0
0.0,0.0,0,1.06,304.01,0.0,85,2.231,27,0.0,0.0,0.08,0,0.0,10.0,0,0.0,0,0,0,0.867,0.0,322.31,322.31,0,2,0,0,2.12,0.0,0.49,0.0,0.0,0.1767,0.0,27,27,0
0.0,0.0,0,1.31,226.39,0.0,262,0.429,23,0.0,0.0,0.2,0,0.0,10.0,0,0.0,0,0,0,0.0,0.0,296.68,296.68,0,1,0,0,0.46,0.0,0.11,0.0,0.0,0.3276,0.0,23,23,0
0.0,0.0,0,0.884,219.55,0.0,204,0.383,8,0.0,0.0,0.05,0,0.0,10.0,0,0.0,0,0,0,0.0,0.0,193.99,193.99,0,1,0,0,0.44,0.0,0.1,0.0,0.0,0.2945,0.0,8,8,0
0.0,0.0,0,0.676,141.56,0.0,51,0.749,24,0.0,0.0,0.12,0,0.0,10.0,0,0.0,0,0,0,2.928,0.0,95.68,95.68,1,2,0,0,1.76,0.0,0.41,0.0,0.0,0.2253,0.0,24,24,0
0.0,0.0,0,1.545,306.38,0.0,213,0.769,27,0.0,0.0,0.08,0,0.0,10.0,0,0.0,1,0,0,1.33,0.0,473.43,473.43,0,1,0,0,0.56,0.0,0.13,0.0,0.0,0.3863,0.0,27,27,1
0.0,0.0769,0,0.229,217.54,78.42,648,0.54,26,0.0769,0.0,0.12,0,-0.769,0.0,0,0.0,0,0,0,0.0,0.0,49.78,49.78,0,2,0,0,0.6,0.0,0.14,0.0769,0.0,0.0453,78.42,26,26,0
0.333,0.25,0,1.755,255.39,285.11,109,0.676,25,0.25,0.0,0.05,1,0.833,26.7,0,1.0,0,0,0,5.725,0.0,448.29,448.29,0,1,0,0,1.1,0.33,0.25,0.25,0.0,0.7179,285.11,25,25,1
0.667,0.6667,0,1.842,247.15,264.98,347,0.588,3,0.6667,0.3333,0.03,1,0.0,10.0,0,0.667,0,0,0,0.0,0.0,455.36,455.36,1,1,0,0,0.78,0.67,0.18,0.6667,0.0,0.9195,264.98,3,3,1
0.333,0.5714,0,0.542,310.66,339.5,407,0.467,4,0.5714,0.0,0.12,0,-2.381,0.0,0,1.0,0,0,0,2.283,0.0,168.52,168.52,1,1,0,0,0.52,0.33,0.12,0.5714,0.0,0.702,339.5,4,4,1
0.0,0.2,0,1.534,177.39,286.3,405,0.701,8,0.2,0.4,0.2,0,-2.0,0.0,0,0.5,1,0,0,1.461,0.0,272.13,272.13,0,2,0,0,0.74,0.0,0.17,0.2,0.0,0.4762,286.3,8,8,0
0.333,0.0714,1,1.732,262.47,474.66,35,12.0,8,0.0714,0.0,0.2,0,2.619,62.4,0,1.0,0,0,0,2.167,474.66,454.65,454.65,3,13,0,1,12.0,0.33,2.77,0.0714,0.0769,0.2529,474.66,8,8,0
0.0,0.0,0,0.35,205.59,0.0,123,1.72,13,0.0,0.0,0.1,0,0.0,10.0,0,0.0,0,0,0,0.0,0.0,71.94,71.94,0,4,0,0,2.2,0.0,0.51,0.0,0.0,0.0389,0.0,13,13,0
1.333,0.3636,2,0.147,267.63,268.51,59,4.0,16,0.3636,0.3333,0.05,1,9.697,100.0,1,0.5,1,0,0,0.682,564.14,39.33,39.33,3,8,2,2,5.59,1.33,1.29,0.3636,0.25,0.3782,268.51,16,16,1
0.667,0.3333,1,0.566,304.44,419.8,98,1.373,24,0.3333,0.0,0.2,0,3.333,76.7,0,1.0,0,0,0,0.0,478.52,172.34,172.34,1,3,1,1,1.84,0.67,0.42,0.3333,0.3333,0.554,419.8,24,24,1
0.333,0.0833,0,1.48,292.52,89.67,702,0.516,13,0.0833,0.0,0.08,0,2.5,60.0,0,0.0,0,0,0,0.0,0.0,432.91,432.91,0,1,0,0,0.51,0.33,0.12,0.0833,0.0,0.1489,89.67,13,13,0
0.667,0.3333,0,1.796,244.08,337.1,177,1.701,9,0.3333,0.0,0.2,0,3.333,76.7,0,1.0,0,0,0,2.05,0.0,438.35,438.35,0,1,0,0,1.53,0.67,0.35,0.3333,0.0,0.6599,337.1,9,9,1
1.0,0.4,0,1.776,246.7,189.8,145,1.818,4,0.4,0.6667,0.07,1,6.0,100.0,0,0.25,0,0,0,1.12,0.0,438.14,438.14,3,3,0,0,2.07,1.0,0.48,0.4,0.0,0.4853,189.8,4,4,1
0.0,0.0,0,0.51,342.85,0.0,54,0.708,3,0.0,0.0,0.2,0,0.0,10.0,0,0.0,0,0,0,0.0,0.0,174.69,174.69,1,2,0,0,2.22,0.0,0.51,0.0,0.0,0.1274,0.0,3,3,0
0.333,0.5,1,0.784,398.46,484.45,79,0.743,9,0.5,0.0,0.07,0,-1.667,0.0,0,1.0,0,0,0,2.972,484.45,312.47,312.47,0,1,0,1,0.76,0.33,0.18,0.5,1.0,1.0,484.45,9,9,0
0.333,0.3333,0,1.538,216.9,277.3,136,0.6,11,0.3333,0.0,0.2,0,0.0,10.0,0,1.0,0,0,0,0.0,0.0,333.49,333.49,0,1,0,0,0.66,0.33,0.15,0.3333,0.0,0.9387,277.3,11,11,1
0.0,0.0,0,1.0,114.59,0.0,24,1.658,10,0.0,0.0,0.03,0,0.0,10.0,0,0.0,0,0,1,1.252,0.0,114.59,114.59,0,1,0,0,1.25,0.0,0.29,0.0,0.0,1.0,0.0,10,10,1
0.0,0.0,0,1.434,284.64,0.0,75,0.504,19,0.0,0.0,0.2,0,0.0,10.0,0,0.0,0,0,0,2.052,0.0,408.29,408.29,0,2,0,0,0.8,0.0,0.18,0.0,0.0,0.7172,0.0,19,19,0
0.333,0.2,0,0.539,315.61,282.37,109,1.268,23,0.2,0.5,0.1,0,1.333,36.7,0,1.0,0,0,0,0.747,0.0,170.21,170.21,1,2,0,0,1.38,0.33,0.32,0.2,0.0,0.2868,282.37,23,23,0
0.0,0.125,0,2.546,190.0,103.03,711,0.278,13,0.125,0.0,0.2,0,-1.25,0.0,0,0.0,0,0,0,0.0,0.0,483.67,483.67,0,1,0,0,0.34,0.0,0.08,0.125,0.0,0.386,103.03,13,13,0
0.0,0.0909,0,1.134,315.23,276.09,205,1.647,8,0.0909,0.0,0.08,0,-0.909,0.0,0,1.0,0,0,0,1.25,0.0,357.38,357.38,1,5,0,0,1.61,0.0,0.37,0.0909,0.0,0.1827,276.09,8,8,0
0.0,0.2727,0,1.483,268.05,267.47,227,1.226,23,0.2727,0.6667,0.08,1,-2.727,0.0,0,0.667,0,0,0,0.8,0.0,397.45,397.45,0,2,0,0,1.45,0.0,0.34,0.2727,0.0,0.4069,267.47,23,23,1
0.0,0.0,0,0.987,352.36,0.0,107,0.466,8,0.0,0.0,0.05,0,0.0,10.0,0,0.0,0,0,0,0.0,0.0,347.87,347.87,0,3,0,0,0.84,0.0,0.19,0.0,0.0,0.3291,0.0,8,8,1
0.0,0.0,0,1.196,321.86,0.0,156,0.636,24,0.0,0.0,0.03,0,0.0,10.0,0,0.0,0,0,0,1.624,0.0,385.02,385.02,0,1,0,0,1.15,0.0,0.27,0.0,0.0,0.1994,0.0,24,24,0
0.667,0.5,0,0.182,186.24,162.44,517,0.4,14,0.5,0.4,0.12,0,1.667,43.3,0,0.25,0,0,0,0.0,0.0,33.89,33.89,0,1,0,0,0.46,0.67,0.11,0.5,0.0,0.4589,162.44,14,14,1
0.0,0.0,0,1.677,259.63,0.0,42,1.893,10,0.0,0.0,0.1,0,0.0,10.0,0,0.0,0,0,0,0.489,0.0,435.35,435.35,1,3,0,0,4.29,0.0,0.99,0.0,0.0,0.2795,0.0,10,10,0
0.0,0.0,0,1.484,303.5,0.0,306,0.608,7,0.0,0.0,0.2,0,0.0,10.0,0,0.0,0,0,0,0.0,0.0,450.28,450.28,1,1,0,0,0.39,0.0,0.09,0.0,0.0,0.3709,0.0,7,7,0
0.333,0.4545,1,1.319,213.32,190.35,523,0.526,17,0.4545,0.0,0.03,0,-1.212,0.0,0,0.4,0,0,0,0.0,40.55,281.29,281.29,0,1,0,1,0.63,0.33,0.15,0.4545,1.0,0.5255,190.35,17,17,1
0.0,0.0,0,0.729,272.83,0.0,232,1.25,16,0.0,0.0,0.2,0,0.0,10.0,0,0.0,0,0,0,1.72,0.0,198.95,198.95,0,1,0,0,1.29,0.0,0.3,0.0,0.0,0.0729,0.0,16,16,0
0.333,0.4,0,0.423,177.15,163.96,143,0.452,16,0.4,0.3333,0.1,0,-0.667,0.0,0,0.5,1,0,0,0.0,0.0,75.01,75.01,0,1,0,0,1.05,0.33,0.24,0.4,0.0,0.4549,163.96,16,16,1
0.0,0.0,0,1.052,438.26,0.0,81,1.721,8,0.0,0.0,0.2,0,0.0,10.0,0,0.0,0,0,0,1.945,0.0,460.87,460.87,0,2,0,0,0.74,0.0,0.17,0.0,0.0,0.5258,0.0,8,8,0
0.0,0.0,0,1.286,182.96,0.0,267,0.214,4,0.0,0.0,0.2,0,0.0,10.0,0,0.0,0,0,0,0.0,0.0,235.26,235.26,2,2,0,0,0.22,0.0,0.05,0.0,0.0,0.6429,0.0,4,4,0
0.0,0.0,0,0.94,294.77,0.0,467,0.306,23,0.0,0.0,0.1,0,0.0,10.0,0,0.0,0,0,0,0.0,0.0,277.19,277.19,0,2,0,0,0.39,0.0,0.09,0.0,0.0,0.1567,0.0,23,23,0
0.0,0.0,0,1.246,373.95,0.0,76,1.205,24,0.0,0.0,0.2,0,0.0,10.0,0,0.0,0,0,0,0.808,0.0,465.89,465.89,1,2,0,0,1.58,0.0,0.36,0.0,0.0,0.3115,0.0,24,24,0
0.0,0.0,0,1.131,438.68,0.0,258,0.234,11,0.0,0.0,0.1,0,0.0,10.0,0,0.0,1,0,0,0.0,0.0,496.15,496.15,0,1,0,0,0.23,0.0,0.05,0.0,0.0,0.5655,0.0,11,11,1
0.0,0.0,0,0.696,306.86,0.0,41,3.047,30,0.0,0.0,0.07,0,0.0,10.0,0,0.0,0,0,0,0.272,0.0,213.45,213.45,0,3,0,0,2.93,0.0,0.68,0.0,0.0,0.1739,0.0,30,30,0
0.0,0.0,0,0.375,294.29,0.0,13,9.231,8,0.0,0.0,0.12,0,0.0,10.0,0,0.0,0,0,1,1.0,0.0,110.3,110.3,1,4,0,0,9.23,0.0,2.13,0.0,0.0,0.0937,0.0,8,8,0
0.0,0.75,0,0.613,115.48,130.36,311,0.505,20,0.75,0.5,0.08,0,-7.5,0.0,0,0.333,0,0,0,0.0,0.0,70.83,70.83,0,1,0,0,0.39,0.0,0.09,0.75,0.0,1.0,130.36,20,20,1
0.333,0.1429,0,0.538,230.47,372.78,104,2.217,7,0.1429,0.0,0.05,0,1.905,48.1,0,1.0,0,0,0,0.887,0.0,123.89,123.89,1,1,0,0,2.02,0.33,0.47,0.1429,0.0,0.3079,372.78,7,7,1
0.333,0.2,0,0.286,261.24,86.76,259,0.758,21,0.2,0.0,0.08,1,1.333,36.7,0,0.0,0,0,0,0.0,0.0,74.79,74.79,1,2,0,0,0.58,0.33,0.13,0.2,0.0,0.1237,86.76,21,21,1
0.0,0.0,0,1.743,190.76,0.0,181,1.414,22,0.0,0.0,0.07,0,0.0,10.0,0,0.0,0,0,0,1.533,0.0,332.53,332.53,1,2,0,0,1.33,0.0,0.31,0.0,0.0,0.2179,0.0,22,22,0
0.0,0.0,0,0.827,259.2,0.0,52,3.462,20,0.0,0.0,0.08,0,0.0,10.0,0,0.0,0,0,0,0.367,0.0,214.37,214.37,0,2,0,0,3.46,0.0,0.8,0.0,0.0,0.1378,0.0,20,20,0
0.0,0.0,0,0.839,315.24,0.0,93,0.606,7,0.0,0.0,0.2,1,0.0,10.0,0,0.0,0,0,0,3.815,0.0,264.57,264.57,1,2,0,0,1.29,0.0,0.3,0.0,0.0,0.2098,0.0,7,7,1
0.667,0.2222,1,1.629,276.61,192.14,149,1.8,29,0.2222,0.0,0.05,1,4.444,98.9,0,0.5,0,0,0,5.0,114.27,450.5,450.5,1,5,0,1,1.81,0.67,0.42,0.2222,0.2,0.3353,192.14,29,29,1
0.333,0.3333,0,1.708,290.48,253.07,496,0.401,9,0.3333,0.5,0.2,0,0.0,10.0,0,0.333,1,0,0,2.63,0.0,496.14,496.14,0,2,0,0,0.54,0.33,0.13,0.3333,0.0,0.4802,253.07,9,9,1
0.0,0.0,0,1.146,88.71,0.0,184,0.243,29,0.0,0.0,0.08,0,0.0,10.0,0,0.0,0,0,0,4.74,0.0,101.62,101.62,1,2,0,0,0.33,0.0,0.08,0.0,0.0,0.5728,0.0,29,29,1
0.0,0.0,0,1.433,311.57,0.0,31,3.929,8,0.0,0.0,0.07,0,0.0,10.0,0,0.0,0,0,0,1.5,0.0,446.52,446.52,2,5,0,0,4.84,0.0,1.12,0.0,0.0,0.2866,0.0,8,8,0
0.0,0.0,0,1.24,354.94,0.0,122,0.382,12,0.0,0.0,0.05,0,0.0,10.0,0,0.0,0,0,0,0.0,0.0,440.18,440.18,0,1,0,0,0.49,0.0,0.11,0.0,0.0,0.6201,0.0,12,12,1
0.0,0.0,0,0.145,161.15,0.0,167,0.458,1,0.0,0.0,0.05,0,0.0,10.0,0,0.0,0,0,0,2.269,0.0,23.37,23.37,1,1,0,0,0.54,0.0,0.12,0.0,0.0,0.0483,0.0,1,1,0
0.333,0.6923,0,1.881,231.94,253.77,641,0.588,25,0.6923,0.0,0.08,1,-3.59,0.0,0,0.556,0,0,0,0.0,0.0,436.37,436.37,0,1,0,0,0.61,0.33,0.14,0.6923,0.0,0.9022,253.77,25,25,1
0.0,0.1667,0,0.925,243.93,309.63,315,0.349,26,0.1667,0.0,0.1,1,-1.667,0.0,0,1.0,0,0,0,0.0,0.0,225.68,225.68,0,2,0,0,0.57,0.0,0.13,0.1667,0.0,0.3658,309.63,26,26,1
0.0,0.0,0,1.0,222.22,0.0,47,0.75,15,0.0,0.0,0.2,1,0.0,10.0,0,0.0,0,0,0,1.364,0.0,222.22,222.22,0,1,0,0,0.64,0.0,0.15,0.0,0.0,1.0,0.0,15,15,1
0.0,0.3333,0,0.891,167.53,233.81,544,0.366,10,0.3333,0.0,0.05,0,-3.333,0.0,0,0.333,0,0,0,0.0,0.0,149.22,149.22,0,1,0,0,0.5,0.0,0.11,0.3333,0.0,0.5642,233.81,10,10,1
0.333,0.1111,1,1.054,252.32,85.37,17,17.143,13,0.1111,0.25,0.12,0,2.222,54.4,0,0.0,0,0,1,1.0,85.37,266.0,266.0,3,9,1,1,15.88,0.33,3.67,0.1111,0.1111,0.1547,85.37,13,13,0
0.0,0.0,0,0.173,122.85,0.0,9,2.553,3,0.0,0.0,0.05,1,0.0,10.0,0,0.0,0,0,1,1.233,0.0,21.31,21.31,3,3,0,0,10.0,0.0,2.31,0.0,0.0,0.0578,0.0,3,3,1
0.333,0.2857,1,0.727,228.82,247.87,257,0.765,21,0.2857,0.0,0.2,0,0.476,19.5,0,1.0,0,0,0,4.8,280.43,166.34,166.34,0,2,0,1,0.82,0.33,0.19,0.2857,0.5,0.4134,247.87,21,21,0
0.0,0.0,0,1.12,313.01,0.0,433,0.389,29,0.0,0.0,0.1,1,0.0,10.0,0,0.0,0,0,0,0.0,0.0,350.46,350.46,0,1,0,0,0.28,0.0,0.06,0.0,0.0,0.2799,0.0,29,29,1
0.333,0.5556,1,0.475,204.9,276.87,411,0.812,11,0.5556,0.3333,0.07,0,-2.222,0.0,0,0.8,0,0,0,1.25,395.12,97.27,97.27,1,3,0,1,0.66,0.33,0.15,0.5556,0.3333,0.8034,276.87,11,11,1
0.0,0.0,0,1.143,245.09,0.0,57,6.176,20,0.0,0.0,0.08,0,0.0,10.0,0,0.0,0,0,0,1.267,0.0,280.07,280.07,3,8,0,0,6.84,0.0,1.58,0.0,0.0,0.0879,0.0,20,20,0
0.0,0.0,0,1.203,322.02,0.0,56,2.045,29,0.0,0.0,0.2,0,0.0,10.0,0,0.0,0,0,0,0.387,0.0,387.4,387.4,0,4,0,0,2.68,0.0,0.62,0.0,0.0,0.2406,0.0,29,29,0
0.333,0.0769,0,1.815,258.11,214.84,76,5.065,19,0.0769,0.0,0.1,0,2.564,61.3,0,1.0,1,0,0,1.828,0.0,468.5,468.5,3,7,0,0,5.13,0.33,1.19,0.0769,0.0,0.2037,214.84,19,19,0
0.0,0.0,0,0.288,279.53,0.0,120,1.216,14,0.0,0.0,0.1,0,0.0,10.0,0,0.0,0,0,0,0.0,0.0,80.57,80.57,0,2,0,0,1.25,0.0,0.29,0.0,0.0,0.0576,0.0,14,14,1
0.0,0.375,0,0.916,175.8,188.13,351,0.67,5,0.375,0.0,0.2,0,-3.75,0.0,0,0.333,0,0,0,3.644,0.0,161.04,161.04,2,2,0,0,0.68,0.0,0.16,0.375,0.0,0.5158,188.13,5,5,1
0.333,0.4545,0,0.729,328.95,296.73,948,0.348,4,0.4545,0.5,0.12,0,-1.212,0.0,0,0.8,0,0,0,3.06,0.0,239.84,239.84,1,1,0,0,0.35,0.33,0.08,0.4545,0.0,0.4763,296.73,4,4,1
0.333,0.0667,1,0.259,262.56,20.34,197,2.228,13,0.0667,0.0,0.03,0,2.667,63.3,0,0.0,0,0,0,2.085,20.34,68.09,68.09,1,4,0,1,2.28,0.33,0.53,0.0667,0.25,0.0225,20.34,13,13,0
0.0,0.125,0,1.029,182.07,385.24,266,0.701,12,0.125,0.3333,0.2,0,-1.25,0.0,0,1.0,1,0,0,1.461,0.0,187.37,187.37,0,1,0,0,0.9,0.0,0.21,0.125,0.0,0.3931,385.24,12,12,0
0.0,0.0,0,1.185,329.98,0.0,320,0.27,4,0.0,0.0,0.2,0,0.0,10.0,0,0.0,0,0,0,4.6,0.0,391.1,391.1,1,1,0,0,0.19,0.0,0.04,0.0,0.0,0.5926,0.0,4,4,0
0.0,0.0,0,1.0,373.34,0.0,51,0.504,22,0.0,0.0,0.2,0,0.0,10.0,0,0.0,0,0,0,0.0,0.0,373.34,373.34,0,1,0,0,0.59,0.0,0.14,0.0,0.0,1.0,0.0,22,22,0
0.0,0.0,0,0.655,254.84,0.0,276,0.587,13,0.0,0.0,0.1,0,0.0,10.0,0,0.0,0,0,0,0.0,0.0,166.94,166.94,0,2,0,0,0.65,0.0,0.15,0.0,0.0,0.1092,0.0,13,13,0
0.333,0.2,1,0.338,277.88,465.72,87,2.188,22,0.2,0.0,0.1,0,1.333,36.7,0,1.0,0,0,0,2.16,465.72,93.85,93.85,0,2,0,1,1.72,0.33,0.4,0.2,0.5,0.4027,465.72,22,22,0
0.333,0.2857,0,0.74,344.44,439.46,300,0.624,27,0.2857,0.0,0.07,0,0.476,19.5,0,1.0,0,0,0,0.0,0.0,254.9,254.9,1,2,0,0,0.7,0.33,0.16,0.2857,0.0,0.4703,439.46,27,27,1
0.0,0.0,0,1.05,381.18,0.0,256,0.224,24,0.0,0.0,0.2,0,0.0,10.0,0,0.0,1,0,0,0.0,0.0,400.15,400.15,0,2,0,0,0.23,0.0,0.05,0.0,0.0,0.5249,0.0,24,24,1
0.0,0.25,0,1.987,231.92,110.04,212,0.669,1,0.25,0.0,0.08,0,-2.5,0.0,0,0.0,0,0,0,1.539,0.0,460.75,460.75,1,1,0,0,0.57,0.0,0.13,0.25,0.0,0.6153,110.04,1,1,0
0.333,0.2,0,0.809,121.72,91.84,164,0.952,30,0.2,0.0,0.05,0,1.333,36.7,0,0.0,0,0,0,1.054,0.0,98.46,98.46,0,2,0,0,0.91,0.33,0.21,0.2,0.0,0.3127,91.84,30,30,0
0.0,0.4,0,1.18,230.39,195.32,520,0.267,14,0.4,0.0,0.03,0,-4.0,0.0,0,0.5,0,0,0,0.0,0.0,271.9,271.9,0,1,0,0,0.29,0.0,0.07,0.4,0.0,0.5751,195.32,14,14,1
0.0,0.75,0,0.109,220.9,286.53,631,0.253,1,0.75,0.5,0.07,1,-7.5,0.0,0,0.667,0,0,0,4.444,0.0,24.0,24.0,1,1,0,0,0.19,0.0,0.04,0.75,0.0,1.0,286.53,1,1,1
0.0,0.0,0,0.974,340.6,0.0,9,14.516,5,0.0,0.0,0.1,0,0.0,10.0,0,0.0,0,0,1,0.467,0.0,331.89,331.89,5,6,0,0,20.0,0.0,4.62,0.0,0.0,0.1624,0.0,5,5,0
0.0,0.3333,0,0.747,321.47,242.41,513,0.161,15,0.3333,0.5,0.12,1,-3.333,0.0,0,1.0,0,0,0,0.0,0.0,240.0,240.0,0,2,0,0,0.18,0.0,0.04,0.3333,0.0,0.5002,242.41,15,15,1
0.333,0.25,1,0.278,239.55,169.8,304,0.699,3,0.25,0.3333,0.1,0,0.833,26.7,0,0.5,0,0,0,0.0,104.24,66.63,66.63,1,1,0,1,0.79,0.33,0.18,0.25,1.0,0.212,169.8,3,3,0
1.0,0.5455,0,1.135,256.22,296.85,435,0.761,15,0.5455,0.0,0.2,1,4.545,100.0,0,0.833,0,0,0,1.342,0.0,290.76,290.76,0,2,0,0,0.76,1.0,0.18,0.5455,0.0,0.7351,296.85,15,15,1
0.0,0.0,0,0.785,346.9,0.0,177,0.237,30,0.0,0.0,0.07,0,0.0,10.0,0,0.0,0,0,0,0.0,0.0,272.39,272.39,1,2,0,0,0.34,0.0,0.08,0.0,0.0,0.3926,0.0,30,30,0
0.0,0.0,0,1.095,232.42,0.0,110,2.903,17,0.0,0.0,0.03,0,0.0,10.0,0,0.0,0,0,0,0.641,0.0,254.46,254.46,0,3,0,0,3.27,0.0,0.76,0.0,0.0,0.0912,0.0,17,17,0
0.0,0.1818,0,0.592,322.93,297.8,470,0.558,13,0.1818,0.3333,0.2,0,-1.818,0.0,0,1.0,0,0,0,0.0,0.0,191.19,191.19,0,1,0,0,0.7,0.0,0.16,0.1818,0.0,0.2215,297.8,13,13,0
0.0,0.0,0,0.688,254.91,0.0,345,0.562,29,0.0,0.0,0.2,0,0.0,10.0,0,0.0,0,0,0,1.852,0.0,175.39,175.39,0,2,0,0,0.7,0.0,0.16,0.0,0.0,0.086,0.0,29,29,0
0.333,0.6,1,0.304,246.35,250.74,209,0.664,16,0.6,0.6667,0.1,0,-2.667,0.0,0,0.667,0,0,0,3.323,450.38,74.88,74.88,0,1,0,1,0.72,0.33,0.17,0.6,1.0,0.6715,250.74,16,16,1
0.333,0.2,1,1.08,199.63,79.67,70,1.818,18,0.2,0.25,0.05,0,1.333,36.7,0,0.0,0,0,0,1.125,79.67,215.52,215.52,0,2,0,1,2.14,0.33,0.49,0.2,0.5,0.2957,79.67,18,18,1
1.0,0.5714,1,1.132,325.42,261.48,318,0.622,19,0.5714,0.0,0.03,0,4.286,95.7,0,0.5,0,0,0,0.0,145.45,368.22,368.22,0,1,0,1,0.66,1.0,0.15,0.5714,1.0,0.6208,261.48,19,19,1
0.667,0.3333,0,0.768,293.5,319.16,169,1.024,5,0.3333,0.0,0.05,0,3.333,76.7,0,1.0,0,0,0,0.972,0.0,225.45,225.45,2,3,0,0,1.07,0.67,0.25,0.3333,0.0,0.4905,319.16,5,5,1
0.667,0.4,1,0.94,312.06,273.24,164,0.661,2,0.4,0.0,0.12,1,2.667,63.3,0,0.5,0,0,0,1.55,131.25,293.25,293.25,2,3,0,1,0.91,0.67,0.21,0.4,0.3333,0.5382,273.24,2,2,1
0.0,0.2,0,1.417,299.61,160.51,431,0.303,17,0.2,0.0,0.08,0,-2.0,0.0,0,0.0,0,0,0,0.0,0.0,424.44,424.44,0,1,0,0,0.35,0.0,0.08,0.2,0.0,0.3905,160.51,17,17,0
0.0,0.0,0,0.182,228.37,0.0,235,0.602,23,0.0,0.0,0.2,0,0.0,10.0,0,0.0,0,0,0,0.0,0.0,41.52,41.52,0,1,0,0,0.89,0.0,0.21,0.0,0.0,0.026,0.0,23,23,0
0.0,0.0,0,0.974,382.4,0.0,147,0.651,22,0.0,0.0,0.1,0,0.0,10.0,0,0.0,0,0,0,1.604,0.0,372.53,372.53,0,1,0,0,1.02,0.0,0.24,0.0,0.0,0.1948,0.0,22,22,0
0.333,0.25,1,1.073,229.14,199.34,41,4.875,11,0.25,0.0,0.07,1,0.833,26.7,0,0.0,1,0,0,1.429,199.34,245.8,245.8,0,4,0,1,2.93,0.33,0.68,0.25,0.25,0.4857,199.34,11,11,1
0.0,0.25,0,0.528,340.64,459.53,282,0.369,9,0.25,0.0,0.2,0,-2.5,0.0,0,1.0,0,0,0,0.0,0.0,179.92,179.92,1,2,0,0,0.43,0.0,0.1,0.25,0.0,0.4693,459.53,9,9,0
0.333,0.5556,0,1.272,302.74,282.82,401,0.622,28,0.5556,0.5,0.05,0,-2.222,0.0,0,0.6,0,0,0,0.0,0.0,385.13,385.13,0,1,0,0,0.67,0.33,0.16,0.5556,0.0,0.6604,282.82,28,28,1
0.0,0.0,0,0.594,302.38,0.0,544,0.568,14,0.0,0.0,0.03,0,0.0,10.0,0,0.0,0,0,0,0.0,0.0,179.75,179.75,0,1,0,0,0.66,0.0,0.15,0.0,0.0,0.0495,0.0,14,14,0
0.0,0.0,0,0.899,292.41,0.0,219,1.474,16,0.0,0.0,0.2,0,0.0,10.0,0,0.0,0,0,0,2.318,0.0,262.93,262.93,1,3,0,0,1.23,0.0,0.28,0.0,0.0,0.0999,0.0,16,16,0
0.333,0.25,1,1.226,268.42,239.39,73,2.079,6,0.25,0.0,0.08,0,0.833,26.7,0,1.0,0,0,0,1.775,239.39,329.18,329.18,2,3,1,1,1.64,0.33,0.38,0.25,0.3333,0.5296,239.39,6,6,1
0.333,0.125,1,1.318,299.19,48.61,66,3.415,5,0.125,0.0,0.12,0,2.083,51.7,0,0.0,0,0,0,0.845,48.61,394.37,394.37,1,5,1,1,3.64,0.33,0.84,0.125,0.2,0.1851,48.61,5,5,0
0.667,0.4,1,0.886,220.66,256.52,86,1.612,3,0.4,0.3333,0.2,1,2.667,63.3,0,0.5,1,0,0,0.589,422.72,195.59,195.59,1,2,1,1,1.74,0.67,0.4,0.4,0.5,0.6423,256.52,3,3,1
0.0,0.3333,0,0.997,263.11,227.17,341,0.768,23,0.3333,0.0,0.03,0,-3.333,0.0,0,0.667,0,0,0,1.324,0.0,262.37,262.37,0,1,0,0,0.79,0.0,0.18,0.3333,0.0,0.3986,227.17,23,23,1
0.0,0.1667,0,1.98,238.08,196.96,283,0.688,21,0.1667,0.3333,0.12,0,-1.667,0.0,0,0.0,0,0,0,1.486,0.0,471.44,471.44,1,3,0,0,0.64,0.0,0.15,0.1667,0.0,0.4679,196.96,21,21,0
0.667,0.5714,1,1.657,284.94,304.08,222,0.948,28,0.5714,0.0,0.05,1,0.952,29.0,0,0.75,0,0,0,1.06,277.21,472.02,472.02,1,2,1,1,0.95,0.67,0.22,0.5714,0.5,0.8465,304.08,28,28,1
0.333,0.4,0,0.196,206.52,227.8,501,0.526,28,0.4,0.6667,0.2,0,-0.667,0.0,0,0.5,0,0,0,0.0,0.0,40.55,40.55,0,1,0,0,0.6,0.33,0.14,0.4,0.0,0.4608,227.8,28,28,1
0.0,0.0,0,1.0,441.06,0.0,3,0.877,3,0.0,0.0,0.03,0,0.0,10.0,0,0.0,0,0,1,1.151,0.0,441.06,441.06,1,1,0,0,10.0,0.0,2.31,0.0,0.0,1.0,0.0,3,3,0
0.0,0.3333,0,0.737,101.41,149.49,471,0.24,22,0.3333,0.0,0.2,0,-3.333,0.0,0,0.0,0,0,0,4.614,0.0,74.72,74.72,0,1,0,0,0.19,0.0,0.04,0.3333,0.0,0.737,149.49,22,22,1
0.0,0.2,0,1.16,413.57,328.22,628,0.347,15,0.2,0.5,0.2,0,-2.0,0.0,0,1.0,0,0,0,6.822,0.0,479.68,479.68,1,2,0,0,0.24,0.0,0.06,0.2,0.0,0.3907,328.22,15,15,1
0.0,0.5,0,0.948,282.97,270.9,228,0.904,10,0.5,0.6667,0.1,0,-5.0,0.0,0,0.4,0,0,0,1.114,0.0,268.22,268.22,0,1,0,0,1.32,0.0,0.3,0.5,0.0,0.5735,270.9,10,10,1
0.333,0.1429,1,0.466,219.82,287.95,31,4.918,17,0.1429,0.3333,0.08,1,1.905,48.1,0,1.0,0,0,0,0.443,287.95,102.45,102.45,1,7,0,1,6.77,0.33,1.56,0.1429,0.1429,0.2537,287.95,17,17,1
0.0,0.0,0,1.454,251.27,0.0,63,0.625,30,0.0,0.0,0.12,0,0.0,10.0,0,0.0,0,0,0,0.0,0.0,365.41,365.41,0,1,0,0,0.95,0.0,0.22,0.0,0.0,0.7271,0.0,30,30,0
0.333,0.5455,1,1.597,288.53,258.4,838,0.44,14,0.5455,0.0,0.03,0,-2.121,0.0,0,0.667,0,0,0,5.133,52.33,460.69,460.69,0,3,0,1,0.39,0.33,0.09,0.5455,0.3333,0.6337,258.4,14,14,1
0.0,0.0,0,1.839,271.34,0.0,43,0.486,10,0.0,0.0,0.08,0,0.0,10.0,0,0.0,0,0,0,2.155,0.0,499.04,499.04,0,3,0,0,2.09,0.0,0.48,0.0,0.0,0.613,0.0,10,10,0
0.0,0.0,0,1.0,50.27,0.0,33,1.429,1,0.0,0.0,0.07,0,0.0,10.0,0,0.0,0,0,0,2.467,0.0,50.27,50.27,1,1,0,0,0.91,0.0,0.21,0.0,0.0,1.0,0.0,1,1,1
0.0,0.0,0,0.503,312.66,0.0,179,0.67,3,0.0,0.0,0.1,0,0.0,10.0,0,0.0,0,0,0,6.56,0.0,157.38,157.38,1,2,0,0,0.34,0.0,0.08,0.0,0.0,0.2517,0.0,3,3,0
0.333,0.5556,0,0.329,260.1,298.37,483,0.478,6,0.5556,0.0,0.2,1,-2.222,0.0,0,0.8,0,0,0,2.174,0.0,85.46,85.46,1,1,0,0,0.56,0.33,0.13,0.5556,0.0,0.6738,298.37,6,6,1
0.0,0.0,0,0.098,213.59,0.0,90,2.866,13,0.0,0.0,0.08,0,0.0,10.0,0,0.0,0,0,0,3.704,0.0,20.88,20.88,1,4,0,0,2.33,0.0,0.54,0.0,0.0,0.014,0.0,13,13,0
0.667,0.2857,2,1.203,219.82,195.2,34,4.918,23,0.2857,0.0,0.2,1,3.81,86.2,0,0.5,0,0,0,0.443,390.4,264.53,264.53,0,6,1,2,6.18,0.67,1.43,0.2857,0.3333,0.4256,195.2,23,23,1
0.333,0.0667,1,1.327,252.57,465.67,15,30.0,8,0.0667,0.0,0.07,0,2.667,63.3,0,1.0,0,0,1,1.0,465.67,335.16,335.16,6,15,1,1,30.0,0.33,6.93,0.0667,0.0667,0.2114,465.67,8,8,0
0.667,0.2222,1,0.605,335.87,258.86,91,2.967,5,0.2222,0.5,0.2,0,4.444,98.9,0,0.5,0,0,0,2.542,364.35,203.25,203.25,2,5,0,1,2.97,0.67,0.69,0.2222,0.2,0.2385,258.86,5,5,1
0.333,0.2,0,1.18,379.02,378.11,275,0.528,14,0.2,0.0,0.2,0,1.333,36.7,0,1.0,0,0,0,2.117,0.0,447.37,447.37,0,1,0,0,0.55,0.33,0.13,0.2,0.0,0.4356,378.11,14,14,0
0.333,0.3333,0,1.824,246.72,136.35,86,1.214,5,0.3333,0.0,0.07,0,0.0,10.0,0,0.0,0,0,0,0.81,0.0,449.99,449.99,1,2,0,0,1.05,0.33,0.24,0.3333,0.0,0.7922,136.35,5,5,1
0.0,0.1429,0,1.326,148.16,99.05,441,0.381,14,0.1429,0.0,0.08,0,-1.429,0.0,0,0.0,0,0,0,0.0,0.0,196.45,196.45,0,1,0,0,0.48,0.0,0.11,0.1429,0.0,0.2849,99.05,14,14,0
0.667,0.2222,1,0.447,204.06,315.91,55,4.909,10,0.2222,0.0,0.08,0,4.444,98.9,0,0.5,0,0,0,1.667,452.33,91.2,91.2,0,6,0,1,4.91,0.67,1.13,0.2222,0.1667,0.3937,315.91,10,10,0
0.333,0.1,1,1.051,173.64,126.73,53,5.66,4,0.1,0.0,0.03,0,2.333,56.7,0,0.0,1,0,0,1.789,126.73,182.48,182.48,3,7,1,1,5.66,0.33,1.31,0.1,0.1429,0.1781,126.73,4,4,0
0.0,0.0,0,0.397,220.23,0.0,678,0.272,23,0.0,0.0,0.2,0,0.0,10.0,0,0.0,0,0,0,0.0,0.0,87.47,87.47,0,1,0,0,0.31,0.0,0.07,0.0,0.0,0.0567,0.0,23,23,0
0.0,0.0,0,1.828,254.43,0.0,82,1.422,12,0.0,0.0,0.12,0,0.0,10.0,0,0.0,0,0,0,2.525,0.0,465.07,465.07,0,3,0,0,1.46,0.0,0.34,0.0,0.0,0.457,0.0,12,12,0
0.333,0.25,1,2.139,124.12,21.31,17,2.553,10,0.25,0.0,0.1,1,0.833,26.7,0,0.0,0,0,1,1.233,21.31,265.48,265.48,1,4,0,1,7.06,0.33,1.63,0.25,0.25,0.5776,21.31,10,10,1
0.0,0.0,0,0.556,177.79,0.0,200,0.963,20,0.0,0.0,0.2,0,0.0,10.0,0,0.0,0,0,0,0.0,0.0,98.83,98.83,1,4,0,0,1.2,0.0,0.28,0.0,0.0,0.0695,0.0,20,20,0
0.0,0.0,0,1.305,368.76,0.0,66,0.963,9,0.0,0.0,0.12,0,0.0,10.0,0,0.0,0,0,0,0.0,0.0,481.4,481.4,3,5,0,0,2.27,0.0,0.52,0.0,0.0,0.2611,0.0,9,9,0
0.0,0.6,0,0.776,223.85,192.92,351,0.504,8,0.6,0.0,0.2,0,-6.0,0.0,0,0.333,0,0,0,0.0,0.0,173.73,173.73,0,1,0,0,0.43,0.0,0.1,0.6,0.0,0.6723,192.92,8,8,1
0.333,0.5,0,1.16,428.78,360.3,134,0.878,15,0.5,0.5,0.12,0,-1.667,0.0,0,1.0,0,0,0,1.152,0.0,497.26,497.26,0,1,0,0,0.45,0.33,0.1,0.5,0.0,1.0,360.3,15,15,0
0.0,0.0,0,1.0,287.8,0.0,11,3.095,5,0.0,0.0,0.12,0,0.0,10.0,0,0.0,0,0,1,1.422,0.0,287.8,287.8,1,1,0,0,2.73,0.0,0.63,0.0,0.0,1.0,0.0,5,5,1
0.333,0.1667,0,1.402,331.57,405.07,286,0.573,29,0.1667,0.0,0.1,0,1.667,43.3,0,1.0,1,0,0,0.0,0.0,464.74,464.74,0,1,0,0,0.63,0.33,0.15,0.1667,0.0,0.4372,405.07,29,29,0
0.333,0.625,1,0.469,300.1,324.34,437,0.452,4,0.625,0.0,0.03,0,-2.917,0.0,0,1.0,0,0,0,0.0,307.17,140.87,140.87,2,2,1,1,0.55,0.33,0.13,0.625,0.5,0.7341,324.34,4,4,1
0.333,0.25,0,0.11,264.88,366.58,81,0.546,15,0.25,0.0,0.2,0,0.833,26.7,0,1.0,1,0,0,0.0,0.0,29.21,29.21,1,2,0,0,1.48,0.33,0.34,0.25,0.0,0.3736,366.58,15,15,1
0.0,0.0,0,1.0,335.01,0.0,113,0.51,8,0.0,0.0,0.12,0,0.0,10.0,0,0.0,0,0,0,4.752,0.0,335.01,335.01,0,1,0,0,0.27,0.0,0.06,0.0,0.0,1.0,0.0,8,8,1
1.0,0.2727,1,0.696,294.56,372.11,72,4.557,6,0.2727,0.0,0.1,0,7.273,100.0,0,1.0,1,0,0,3.267,407.39,205.07,205.07,2,7,1,1,4.58,1.0,1.06,0.2727,0.1429,0.4078,372.11,6,6,1
0.0,0.1429,0,1.523,318.34,285.57,164,0.808,10,0.1429,0.0,0.1,0,-1.429,0.0,0,1.0,1,0,0,0.0,0.0,484.71,484.71,2,4,0,0,1.28,0.0,0.3,0.1429,0.0,0.3457,285.57,10,10,0
0.333,0.125,0,1.695,217.29,92.3,129,1.884,23,0.125,0.0,0.1,0,2.083,51.7,0,0.0,0,0,0,1.77,0.0,368.26,368.26,0,2,0,0,1.86,0.33,0.43,0.125,0.0,0.2649,92.3,23,23,0
0.0,0.0,0,0.587,292.64,0.0,60,4.688,20,0.0,0.0,0.2,0,0.0,10.0,0,0.0,0,0,0,0.756,0.0,171.86,171.86,1,4,0,0,5.0,0.0,1.15,0.0,0.0,0.0587,0.0,20,20,0
0.333,0.1333,0,1.653,275.55,312.93,262,1.648,30,0.1333,0.0,0.12,0,2.0,50.0,0,1.0,1,0,0,0.0,0.0,455.4,455.4,0,1,0,0,1.72,0.33,0.4,0.1333,0.0,0.2616,312.93,30,30,0
0.0,0.0,0,1.0,286.6,0.0,44,0.398,24,0.0,0.0,0.2,0,0.0,10.0,0,0.0,0,0,0,0.0,0.0,286.6,286.6,0,1,0,0,0.68,0.0,0.16,0.0,0.0,1.0,0.0,24,24,0
0.0,0.2,0,1.279,390.92,369.14,229,0.63,9,0.2,0.0,0.12,0,-2.0,0.0,0,1.0,0,0,0,1.733,0.0,500.0,500.0,0,1,0,0,0.66,0.0,0.15,0.2,0.0,0.4447,369.14,9,9,0
0.0,0.0,0,1.851,248.79,0.0,482,0.622,2,0.0,0.0,0.1,0,0.0,10.0,0,0.0,0,0,0,6.457,0.0,460.52,460.52,3,3,0,0,0.62,0.0,0.14,0.0,0.0,0.1851,0.0,2,2,0
0.667,0.4,1,1.778,218.81,79.59,185,0.497,2,0.4,0.5,0.2,0,2.667,63.3,0,0.0,0,0,0,0.0,101.73,389.12,389.12,1,1,0,1,0.81,0.67,0.19,0.4,1.0,0.5012,79.59,2,2,1
0.333,0.5,1,0.937,223.24,237.41,357,0.339,4,0.5,0.5,0.08,0,-1.667,0.0,0,1.0,0,0,0,0.0,237.41,209.07,209.07,1,1,0,1,0.17,0.33,0.04,0.5,1.0,1.0,237.41,4,4,1
0.0,0.0,0,1.224,393.28,0.0,49,1.518,24,0.0,0.0,0.12,0,0.0,10.0,0,0.0,1,0,0,1.376,0.0,481.34,481.34,1,4,0,0,2.45,0.0,0.57,0.0,0.0,0.306,0.0,24,24,1
0.0,0.0,0,1.0,169.4,0.0,179,0.32,30,0.0,0.0,0.1,0,0.0,10.0,0,0.0,0,0,0,0.0,0.0,169.4,169.4,0,1,0,0,0.17,0.0,0.04,0.0,0.0,1.0,0.0,30,30,1
0.667,0.1333,2,0.269,241.16,109.64,35,12.857,1,0.1333,0.0,0.2,0,5.333,100.0,1,0.0,0,0,0,2.333,219.29,64.81,64.81,5,14,2,2,12.86,0.67,2.97,0.1333,0.1429,0.0785,109.64,1,1,0
0.333,0.4615,0,0.803,325.67,312.37,861,0.466,29,0.4615,0.6667,0.2,0,-1.282,0.0,0,0.667,0,0,0,0.0,0.0,261.36,261.36,0,1,0,0,0.45,0.33,0.1,0.4615,0.0,0.5044,312.37,29,29,1
0.0,0.0,0,0.454,215.05,0.0,75,0.363,27,0.0,0.0,0.2,0,0.0,10.0,0,0.0,0,0,0,0.0,0.0,97.59,97.59,0,1,0,0,1.2,0.0,0.28,0.0,0.0,0.1513,0.0,27,27,0
0.0,0.0,0,0.924,232.45,0.0,27,5.065,6,0.0,0.0,0.07,0,0.0,10.0,0,0.0,1,0,1,1.828,0.0,214.84,214.84,2,4,0,0,4.44,0.0,1.03,0.0,0.0,0.2311,0.0,6,6,0
0.667,0.6667,1,0.603,166.62,199.72,78,0.808,17,0.6667,0.5,0.2,0,0.0,10.0,0,0.5,0,0,0,1.255,128.84,100.41,100.41,0,2,0,1,1.15,0.67,0.27,0.6667,0.5,1.0,199.72,17,17,1
0.0,0.0,0,0.816,159.75,0.0,179,0.593,18,0.0,0.0,0.2,0,0.0,10.0,0,0.0,0,0,0,1.8,0.0,130.42,130.42,0,1,0,0,0.84,0.0,0.19,0.0,0.0,0.1633,0.0,18,18,0
0.0,0.1111,0,0.278,195.82,115.24,452,0.541,24,0.1111,0.3333,0.2,0,-1.111,0.0,0,0.0,0,0,0,0.0,0.0,54.37,54.37,0,2,0,0,0.6,0.0,0.14,0.1111,0.0,0.0962,115.24,24,24,0
0.0,0.0,0,0.639,217.67,0.0,51,2.293,25,0.0,0.0,0.2,0,0.0,10.0,0,0.0,0,0,0,0.385,0.0,139.1,139.1,0,2,0,0,2.94,0.0,0.68,0.0,0.0,0.1278,0.0,25,25,0
0.333,0.5,0,1.552,227.57,101.86,113,0.636,2,0.5,0.0,0.07,0,-1.667,0.0,0,0.0,0,0,0,0.0,0.0,353.28,353.28,1,1,0,0,0.53,0.33,0.12,0.5,0.0,1.0,101.86,2,2,1
0.0,0.0,0,1.101,346.86,0.0,84,1.523,13,0.0,0.0,0.1,0,0.0,10.0,0,0.0,0,0,0,0.628,0.0,381.88,381.88,0,4,0,0,2.86,0.0,0.66,0.0,0.0,0.1376,0.0,13,13,0
0.0,0.0,0,0.353,281.98,0.0,18,4.615,7,0.0,0.0,0.12,1,0.0,10.0,0,0.0,0,0,1,1.0,0.0,99.55,99.55,2,4,0,0,6.67,0.0,1.54,0.0,0.0,0.0883,0.0,7,7,1
0.333,0.3,1,0.689,284.29,287.29,957,0.303,24,0.3,0.0,0.2,1,0.333,16.7,0,0.667,1,0,0,0.0,449.92,195.96,195.96,2,3,0,1,0.31,0.33,0.07,0.3,0.3333,0.3721,287.29,24,24,1
0.0,0.0,0,0.978,346.14,0.0,259,0.292,8,0.0,0.0,0.05,0,0.0,10.0,0,0.0,0,0,0,0.0,0.0,338.42,338.42,1,2,0,0,0.46,0.0,0.11,0.0,0.0,0.2444,0.0,8,8,1
0.0,0.0,0,1.0,297.25,0.0,28,0.412,20,0.0,0.0,0.07,0,0.0,10.0,0,0.0,0,0,1,0.0,0.0,297.25,297.25,0,1,0,0,1.07,0.0,0.25,0.0,0.0,1.0,0.0,20,20,0
0.0,0.0,0,1.239,226.47,0.0,331,0.704,17,0.0,0.0,0.05,0,0.0,10.0,0,0.0,0,0,0,0.0,0.0,280.63,280.63,0,1,0,0,0.54,0.0,0.13,0.0,0.0,0.2065,0.0,17,17,0
0.0,0.0,0,1.697,276.99,0.0,67,0.291,21,0.0,0.0,0.1,0,0.0,10.0,0,0.0,0,0,0,0.0,0.0,470.05,470.05,0,2,0,0,1.34,0.0,0.31,0.0,0.0,0.5657,0.0,21,21,0
0.333,0.1667,0,1.097,243.7,87.97,273,0.508,20,0.1667,0.0,0.05,0,1.667,43.3,0,0.0,1,0,0,0.0,0.0,267.3,267.3,0,3,0,0,0.66,0.33,0.15,0.1667,0.0,0.243,87.97,20,20,1
1.333,0.4286,0,0.294,248.28,256.34,105,4.0,24,0.4286,0.5,0.05,1,9.048,100.0,0,0.5,0,0,0,0.682,0.0,73.09,73.09,1,3,0,0,4.0,1.33,0.92,0.4286,0.0,0.4635,256.34,24,24,1
0.0,0.6667,0,0.151,274.22,308.68,496,0.533,24,0.6667,0.0,0.1,0,-6.667,0.0,0,0.667,0,0,0,0.0,0.0,41.34,41.34,0,2,0,0,0.54,0.0,0.13,0.6667,0.0,0.7672,308.68,24,24,1
0.667,0.2857,0,0.681,260.56,185.56,121,1.765,15,0.2857,0.0,0.1,0,3.81,86.2,0,0.5,0,0,0,2.12,0.0,177.5,177.5,1,2,0,0,1.74,0.67,0.4,0.2857,0.0,0.3008,185.56,15,15,1
0.0,0.0,0,0.673,391.53,0.0,67,1.548,28,0.0,0.0,0.2,0,0.0,10.0,0,0.0,0,0,0,0.0,0.0,263.46,263.46,0,3,0,0,2.24,0.0,0.52,0.0,0.0,0.1346,0.0,28,28,0
0.333,0.6154,0,1.22,268.12,236.32,592,0.664,12,0.6154,0.0,0.07,0,-2.821,0.0,0,0.625,0,0,0,3.323,0.0,326.99,326.99,0,1,0,0,0.66,0.33,0.15,0.6154,0.0,0.6362,236.32,12,12,1
0.0,0.0,0,0.999,191.05,0.0,156,1.667,5,0.0,0.0,0.12,0,0.0,10.0,0,0.0,0,0,0,0.55,0.0,190.85,190.85,1,1,0,0,1.73,0.0,0.4,0.0,0.0,0.111,0.0,5,5,0
0.0,0.0,0,1.133,429.02,0.0,45,1.667,23,0.0,0.0,0.12,0,0.0,10.0,0,0.0,0,0,0,0.543,0.0,486.18,486.18,1,3,0,0,2.0,0.0,0.46,0.0,0.0,0.3777,0.0,23,23,0
0.667,0.7,2,1.245,284.48,262.21,588,0.504,17,0.7,0.0,0.08,0,-0.333,3.3,0,0.571,0,0,0,0.0,641.79,354.12,354.12,0,2,1,2,0.51,0.67,0.12,0.7,1.0,0.7697,262.21,17,17,1
0.0,0.0,0,1.37,187.47,0.0,96,0.261,2,0.0,0.0,0.2,0,0.0,10.0,0,0.0,0,0,0,0.0,0.0,256.91,256.91,1,2,0,0,0.62,0.0,0.14,0.0,0.0,0.6852,0.0,2,2,1
0.0,0.0,0,0.486,190.24,0.0,561,0.63,26,0.0,0.0,0.1,0,0.0,10.0,0,0.0,0,0,0,1.633,0.0,92.5,92.5,0,1,0,0,0.53,0.0,0.12,0.0,0.0,0.0486,0.0,26,26,0
0.333,0.25,0,0.426,251.21,212.87,155,0.988,6,0.25,0.0,0.1,0,0.833,26.7,0,1.0,1,0,0,0.0,0.0,106.9,106.9,1,2,0,0,0.77,0.33,0.18,0.25,0.0,0.3182,212.87,6,6,0
0.0,0.0,0,1.398,331.02,0.0,86,0.495,17,0.0,0.0,0.12,0,0.0,10.0,0,0.0,0,0,0,0.0,0.0,462.91,462.91,0,2,0,0,0.7,0.0,0.16,0.0,0.0,0.6992,0.0,17,17,0
0.0,0.0,0,0.296,274.26,0.0,443,0.224,23,0.0,0.0,0.2,0,0.0,10.0,0,0.0,0,0,0,0.0,0.0,81.16,81.16,0,2,0,0,0.34,0.0,0.08,0.0,0.0,0.0592,0.0,23,23,0
0.0,0.0,0,1.915,193.37,0.0,59,1.701,23,0.0,0.0,0.07,0,0.0,10.0,0,0.0,0,0,0,2.05,0.0,370.27,370.27,0,1,0,0,2.03,0.0,0.47,0.0,0.0,0.4787,0.0,23,23,1
0.0,0.0,0,1.841,201.37,0.0,43,1.642,17,0.0,0.0,0.1,0,0.0,10.0,0,0.0,0,0,0,2.138,0.0,370.7,370.7,3,5,0,0,3.49,0.0,0.81,0.0,0.0,0.3682,0.0,17,17,0
0.333,0.3077,1,0.371,203.15,263.12,246,1.477,1,0.3077,0.6667,0.2,0,0.256,15.1,0,0.5,0,0,0,0.65,171.25,75.29,75.29,1,3,0,1,1.59,0.33,0.37,0.3077,0.3333,0.427,263.12,1,1,1
0.0,0.0,0,1.119,258.63,0.0,101,1.471,29,0.0,0.0,0.2,0,0.0,10.0,0,0.0,0,0,0,3.867,0.0,289.48,289.48,0,1,0,0,1.49,0.0,0.34,0.0,0.0,0.2239,0.0,29,29,0
0.333,0.4286,0,0.862,272.83,242.85,556,0.484,16,0.4286,0.0,0.05,0,-0.952,0.0,0,0.333,0,0,0,2.153,0.0,235.09,235.09,0,1,0,0,0.38,0.33,0.09,0.4286,0.0,0.5046,242.85,16,16,1
0.0,0.1667,0,1.805,153.27,39.72,413,0.462,14,0.1667,0.0,0.12,0,-1.667,0.0,0,0.0,0,0,0,2.261,0.0,276.7,276.7,1,2,0,0,0.44,0.0,0.1,0.1667,0.0,0.3441,39.72,14,14,0
0.0,0.5,0,1.172,236.31,221.7,498,0.53,30,0.5,0.0,0.08,0,-5.0,0.0,0,0.25,0,0,0,4.239,0.0,277.03,277.03,0,1,0,0,0.48,0.0,0.11,0.5,0.0,0.6156,221.7,30,30,1
0.333,0.1429,0,1.924,209.05,370.27,101,1.701,19,0.1429,0.0,0.03,0,1.905,48.1,0,1.0,1,0,0,2.05,0.0,402.21,402.21,1,3,0,0,2.08,0.33,0.48,0.1429,0.0,0.5279,370.27,19,19,1
0.0,0.125,0,0.155,205.92,176.61,350,0.443,20,0.125,0.0,0.05,0,-1.25,0.0,0,0.0,0,0,0,0.0,0.0,32.0,32.0,0,2,0,0,0.69,0.0,0.16,0.125,0.0,0.1266,176.61,20,20,0
0.0,0.0,0,1.44,258.44,0.0,144,0.739,8,0.0,0.0,0.2,0,0.0,10.0,0,0.0,0,0,0,1.379,0.0,372.24,372.24,0,2,0,0,0.62,0.0,0.14,0.0,0.0,0.4801,0.0,8,8,0
0.0,0.0,0,1.558,238.07,0.0,101,0.452,24,0.0,0.0,0.2,0,0.0,10.0,0,0.0,0,0,0,2.333,0.0,370.9,370.9,0,1,0,0,0.89,0.0,0.21,0.0,0.0,0.5193,0.0,24,24,0
0.0,0.0,0,1.0,160.59,0.0,75,0.513,7,0.0,0.0,0.1,1,0.0,10.0,0,0.0,0,0,0,2.106,0.0,160.59,160.59,1,1,0,0,0.4,0.0,0.09,0.0,0.0,1.0,0.0,7,7,1
0.0,0.0,0,1.107,234.24,0.0,546,0.557,8,0.0,0.0,0.08,0,0.0,10.0,0,0.0,0,0,0,4.061,0.0,259.23,259.23,0,1,0,0,0.55,0.0,0.13,0.0,0.0,0.1107,0.0,8,8,0
0.333,0.2857,1,0.72,164.18,246.31,520,0.401,18,0.2857,0.0,0.1,0,0.476,19.5,0,0.5,1,0,0,0.0,121.7,118.25,118.25,0,1,1,1,0.4,0.33,0.09,0.2857,1.0,0.5315,246.31,18,18,1
1.333,0.3333,3,1.96,233.25,213.6,61,5.902,13,0.3333,0.0,0.08,1,10.0,100.0,1,0.5,0,1,0,1.033,485.62,457.08,457.08,0,6,2,3,5.9,1.33,1.36,0.3333,0.5,0.4685,213.6,13,13,1
0.0,0.0,0,1.0,177.89,0.0,28,0.71,2,0.0,0.0,0.07,1,0.0,10.0,0,0.0,0,0,1,0.0,0.0,177.89,177.89,1,1,0,0,1.07,0.0,0.25,0.0,0.0,1.0,0.0,2,2,1
0.333,0.6667,0,0.512,179.42,223.24,426,0.339,26,0.6667,0.0,0.2,0,-3.333,0.0,0,1.0,0,0,0,0.0,0.0,91.78,91.78,0,1,0,0,0.21,0.33,0.05,0.6667,0.0,1.0,223.24,26,26,1
0.333,0.5,1,1.853,136.54,20.08,15,3.614,3,0.5,0.0,0.07,1,-1.667,0.0,0,0.0,0,0,1,4.122,20.08,253.01,253.01,1,2,1,1,4.0,0.33,0.92,0.5,0.5,1.0,20.08,3,3,1
0.667,0.4,1,1.026,321.31,407.02,374,0.431,7,0.4,0.5,0.12,0,2.667,63.3,0,1.0,0,0,0,0.0,396.76,329.68,329.68,1,3,1,1,0.4,0.67,0.09,0.4,0.3333,0.7119,407.02,7,7,1
0.0,0.0,0,0.693,310.79,0.0,29,0.765,28,0.0,0.0,0.07,0,0.0,10.0,0,0.0,1,0,1,4.8,0.0,215.31,215.31,0,2,0,0,2.07,0.0,0.48,0.0,0.0,0.3464,0.0,28,28,0
0.667,0.5,1,1.716,263.55,239.01,612,0.484,7,0.5,0.3333,0.05,0,1.667,43.3,0,0.6,0,0,0,2.153,231.4,452.3,452.3,1,2,0,1,0.49,0.67,0.11,0.5,0.5,0.6251,239.01,7,7,1
0.0,0.3636,0,0.399,210.74,254.49,851,0.401,11,0.3636,0.0,0.07,0,-3.636,0.0,0,0.5,0,0,0,0.0,0.0,84.14,84.14,0,1,0,0,0.39,0.0,0.09,0.3636,0.0,0.4754,254.49,11,11,1
0.0,0.0,0,0.202,202.48,0.0,11,40.909,5,0.0,0.0,0.2,0,0.0,10.0,0,0.0,0,0,1,1.0,0.0,40.91,40.91,8,15,0,0,40.91,0.0,9.45,0.0,0.0,0.0135,0.0,5,5,0
0.0,0.0,0,1.157,262.14,0.0,296,0.951,7,0.0,0.0,0.1,0,0.0,10.0,0,0.0,0,0,0,1.056,0.0,303.23,303.23,1,1,0,0,1.01,0.0,0.23,0.0,0.0,0.1157,0.0,7,7,0
0.0,0.0,0,1.0,377.8,0.0,74,0.262,21,0.0,0.0,0.2,0,0.0,10.0,0,0.0,0,0,0,4.283,0.0,377.8,377.8,0,1,0,0,0.41,0.0,0.09,0.0,0.0,1.0,0.0,21,21,1
0.0,0.0,0,0.841,215.37,0.0,99,1.756,6,0.0,0.0,0.2,0,0.0,10.0,0,0.0,0,0,0,1.167,0.0,181.2,181.2,1,2,0,0,1.82,0.0,0.42,0.0,0.0,0.1402,0.0,6,6,0
0.0,0.1667,0,1.654,286.7,321.92,706,0.258,25,0.1667,0.0,0.2,0,-1.667,0.0,0,1.0,0,0,0,0.0,0.0,474.22,474.22,0,2,0,0,0.25,0.0,0.06,0.1667,0.0,0.4628,321.92,25,25,0
0.0,0.0,0,1.0,76.56,0.0,82,0.224,6,0.0,0.0,0.2,0,0.0,10.0,0,0.0,0,0,0,0.0,0.0,76.56,76.56,1,1,0,0,0.37,0.0,0.08,0.0,0.0,1.0,0.0,6,6,0
0.667,0.2,2,1.298,234.23,340.55,68,4.412,4,0.2,0.3333,0.1,0,4.667,100.0,0,1.0,0,0,0,0.844,681.1,304.1,304.1,1,4,0,2,4.41,0.67,1.02,0.2,0.5,0.4206,340.55,4,4,0
0.0,0.0,0,1.566,305.3,0.0,254,0.451,17,0.0,0.0,0.08,0,0.0,10.0,0,0.0,0,0,0,0.0,0.0,478.15,478.15,0,1,0,0,0.47,0.0,0.11,0.0,0.0,0.3915,0.0,17,17,0
0.333,0.1667,0,0.511,215.27,327.66,185,0.738,27,0.1667,0.0,0.2,0,1.667,43.3,0,1.0,0,0,0,2.994,0.0,110.08,110.08,0,1,0,0,0.97,0.33,0.22,0.1667,0.0,0.3389,327.66,27,27,0
0.667,0.5,1,0.192,218.09,266.85,38,1.014,12,0.5,0.0,0.1,0,1.667,43.3,0,1.0,0,0,0,0.985,281.88,41.82,41.82,0,3,1,1,3.16,0.67,0.73,0.5,0.3333,0.6597,266.85,12,12,1
0.667,0.2727,0,0.959,349.75,379.02,337,0.947,9,0.2727,0.0,0.08,1,3.939,88.8,0,0.667,0,0,0,1.061,0.0,335.53,335.53,0,2,0,0,0.98,0.67,0.23,0.2727,0.0,0.3828,379.02,9,9,1
0.333,0.2857,0,0.99,287.24,373.3,200,0.835,12,0.2857,0.0,0.07,0,0.476,19.5,0,1.0,0,0,0,0.0,0.0,284.28,284.28,0,4,0,0,1.05,0.33,0.24,0.2857,0.0,0.5127,373.3,12,12,1
0.0,0.0,0,0.469,190.08,0.0,411,0.268,8,0.0,0.0,0.12,0,0.0,10.0,0,0.0,0,0,0,0.0,0.0,89.21,89.21,0,1,0,0,0.22,0.0,0.05,0.0,0.0,0.1564,0.0,8,8,0
0.0,0.0,0,0.484,233.47,0.0,709,0.315,1,0.0,0.0,0.2,0,0.0,10.0,0,0.0,0,0,0,0.0,0.0,113.08,113.08,1,1,0,0,0.42,0.0,0.1,0.0,0.0,0.0484,0.0,1,1,0
0.0,0.0,0,1.565,204.19,0.0,290,0.31,21,0.0,0.0,0.2,0,0.0,10.0,0,0.0,0,0,0,0.0,0.0,319.47,319.47,0,2,0,0,0.41,0.0,0.1,0.0,0.0,0.3911,0.0,21,21,0
0.0,0.0,0,1.0,223.74,0.0,29,0.799,17,0.0,0.0,0.07,0,0.0,10.0,0,0.0,0,0,1,0.0,0.0,223.74,223.74,0,1,0,0,1.03,0.0,0.24,0.0,0.0,1.0,0.0,17,17,0
0.0,0.0,0,0.438,165.26,0.0,786,0.156,7,0.0,0.0,0.2,0,0.0,10.0,0,0.0,0,0,0,0.0,0.0,72.43,72.43,1,1,0,0,0.15,0.0,0.04,0.0,0.0,0.1096,0.0,7,7,0
0.0,0.2,0,0.171,205.79,243.36,510,0.538,7,0.2,0.0,0.2,0,-2.0,0.0,0,0.5,1,0,0,0.0,0.0,35.1,35.1,1,1,0,0,0.59,0.0,0.14,0.2,0.0,0.2536,243.36,7,7,0
0.333,0.1333,0,1.451,281.51,307.58,273,1.596,30,0.1333,0.0,0.07,0,2.0,50.0,0,1.0,0,0,0,0.6,0.0,408.42,408.42,0,2,0,0,1.65,0.33,0.38,0.1333,0.0,0.2424,307.58,30,30,0
0.333,0.3333,1,0.328,314.86,427.62,40,0.39,13,0.3333,0.0,0.07,1,0.0,10.0,0,1.0,0,0,0,2.737,427.62,103.3,103.3,0,2,0,1,2.25,0.33,0.52,0.3333,0.5,0.5621,427.62,13,13,1
0.333,0.5,1,1.081,106.46,97.78,24,2.037,9,0.5,0.0,0.08,0,-1.667,0.0,0,0.0,0,0,1,0.978,97.78,115.13,115.13,0,2,0,1,2.5,0.33,0.58,0.5,0.5,1.0,97.78,9,9,0
0.333,0.4286,0,1.09,272.42,258.16,631,0.344,21,0.4286,0.5,0.1,0,-0.952,0.0,0,0.667,0,0,0,3.181,0.0,296.86,296.86,0,1,0,0,0.33,0.33,0.08,0.4286,0.0,0.5618,258.16,21,21,1
0.0,0.0,0,0.772,150.06,0.0,136,0.183,8,0.0,0.0,0.2,0,0.0,10.0,0,0.0,0,0,0,0.0,0.0,115.88,115.88,0,2,0,0,0.44,0.0,0.1,0.0,0.0,0.3861,0.0,8,8,0
0.333,0.4286,0,1.2,337.38,281.13,448,0.516,29,0.4286,0.5,0.1,0,-0.952,0.0,0,0.667,0,0,0,2.033,0.0,404.85,404.85,0,1,0,0,0.47,0.33,0.11,0.4286,0.0,0.5286,281.13,29,29,1
0.333,0.5,1,0.879,205.65,78.21,339,0.285,20,0.5,0.5,0.12,0,-1.667,0.0,0,0.0,0,0,0,0.0,24.14,180.7,180.7,0,3,0,1,0.35,0.33,0.08,0.5,0.3333,0.4098,78.21,20,20,1
0.0,0.0,0,0.969,252.29,0.0,310,1.312,12,0.0,0.0,0.07,0,0.0,10.0,0,0.0,0,0,0,1.611,0.0,244.41,244.41,0,2,0,0,1.26,0.0,0.29,0.0,0.0,0.0745,0.0,12,12,0
0.0,0.2,0,1.486,296.65,377.09,340,0.441,5,0.2,0.0,0.12,0,-2.0,0.0,0,1.0,0,0,0,2.583,0.0,440.69,440.69,1,1,0,0,0.44,0.0,0.1,0.2,0.0,0.5514,377.09,5,5,0
0.0,0.0,0,1.0,408.15,0.0,47,0.687,7,0.0,0.0,0.1,0,0.0,10.0,0,0.0,0,0,0,0.0,0.0,408.15,408.15,1,1,0,0,0.64,0.0,0.15,0.0,0.0,1.0,0.0,7,7,1
0.333,0.3077,1,0.21,314.69,352.24,842,0.454,8,0.3077,0.25,0.1,0,0.256,15.1,0,1.0,0,0,0,5.024,374.56,65.99,65.99,1,2,0,1,0.46,0.33,0.11,0.3077,0.5,0.3605,352.24,8,8,1
0.0,0.0,0,1.105,375.58,0.0,141,0.379,8,0.0,0.0,0.2,0,0.0,10.0,0,0.0,0,0,0,2.846,0.0,414.88,414.88,0,2,0,0,0.43,0.0,0.1,0.0,0.0,0.5523,0.0,8,8,1
0.667,0.5,2,0.966,387.04,426.58,27,1.158,10,0.5,0.0,0.03,0,1.667,43.3,1,1.0,0,0,1,0.85,853.16,373.71,373.71,0,4,2,2,4.44,0.67,1.03,0.5,0.5,0.7925,426.58,10,10,1
0.667,0.625,1,0.557,296.14,401.86,381,0.659,23,0.625,0.0,0.07,1,0.417,18.3,0,1.0,0,0,0,0.0,395.97,164.99,164.99,0,4,0,1,0.63,0.67,0.15,0.625,0.25,0.9178,401.86,23,23,1
2.333,0.5,2,0.872,271.85,252.08,100,4.2,6,0.5,0.0,0.07,0,18.333,100.0,0,0.714,0,0,0,0.636,429.69,237.11,237.11,1,3,0,2,4.2,2.33,0.97,0.5,0.6667,0.5259,252.08,6,6,1
0.333,0.0714,1,1.779,245.19,280.07,68,6.176,27,0.0714,0.0,0.12,0,2.619,62.4,0,1.0,1,0,0,1.267,280.07,436.09,436.09,0,7,0,1,6.18,0.33,1.43,0.0714,0.1429,0.2086,280.07,27,27,0
0.0,0.1111,0,0.85,176.59,34.63,490,0.484,21,0.1111,0.0,0.08,0,-1.111,0.0,0,0.0,0,0,0,0.0,0.0,150.08,150.08,0,2,0,0,0.55,0.0,0.13,0.1111,0.0,0.1162,34.63,21,21,0
0.0,0.0,0,1.0,431.65,0.0,45,0.359,23,0.0,0.0,0.2,1,0.0,10.0,0,0.0,0,0,0,3.013,0.0,431.65,431.65,0,1,0,0,0.67,0.0,0.15,0.0,0.0,1.0,0.0,23,23,1
0.0,0.0,0,1.0,51.55,0.0,30,1.429,9,0.0,0.0,0.05,0,0.0,10.0,0,0.0,0,0,0,2.43,0.0,51.55,51.55,0,1,0,0,1.0,0.0,0.23,0.0,0.0,1.0,0.0,9,9,0
0.0,0.0,0,0.258,208.35,0.0,47,2.635,29,0.0,0.0,0.2,0,0.0,10.0,0,0.0,0,0,0,0.715,0.0,53.72,53.72,1,4,0,0,4.47,0.0,1.03,0.0,0.0,0.0368,0.0,29,29,0
0.0,0.0,0,0.272,345.82,0.0,195,0.936,20,0.0,0.0,0.07,0,0.0,10.0,0,0.0,0,0,0,0.0,0.0,93.96,93.96,0,3,0,0,0.92,0.0,0.21,0.0,0.0,0.0453,0.0,20,20,0
0.0,0.0,0,0.549,81.3,0.0,54,0.176,24,0.0,0.0,0.12,0,0.0,10.0,0,0.0,0,0,0,0.0,0.0,44.66,44.66,0,1,0,0,1.11,0.0,0.26,0.0,0.0,0.2747,0.0,24,24,1
0.0,0.0,0,0.999,229.6,0.0,90,1.061,20,0.0,0.0,0.07,0,0.0,10.0,0,0.0,0,0,0,0.937,0.0,229.27,229.27,0,2,0,0,1.67,0.0,0.38,0.0,0.0,0.1997,0.0,20,20,0
0.0,0.5455,0,1.068,306.74,289.78,878,0.401,24,0.5455,0.0,0.1,0,-5.455,0.0,0,0.5,0,0,0,2.63,0.0,327.6,327.6,0,1,0,0,0.38,0.0,0.09,0.5455,0.0,0.6124,289.78,24,24,1
1.0,0.3333,2,1.128,203.24,134.08,42,6.0,26,0.3333,0.5,0.05,1,6.667,100.0,0,0.0,0,0,0,1.0,287.34,229.25,229.25,2,7,0,2,6.43,1.0,1.48,0.3333,0.2857,0.3452,134.08,26,26,1
0.0,0.2857,0,1.145,409.8,325.18,615,0.277,26,0.2857,0.0,0.2,0,-2.857,0.0,0,0.5,0,0,0,0.0,0.0,469.21,469.21,0,1,0,0,0.34,0.0,0.08,0.2857,0.0,0.3903,325.18,26,26,1
0.0,0.3333,0,0.238,197.39,132.93,403,0.309,9,0.3333,0.0,0.07,0,-3.333,0.0,0,0.0,0,0,0,0.0,0.0,47.05,47.05,0,1,0,0,0.45,0.0,0.1,0.3333,0.0,0.2642,132.93,9,9,1
0.0,0.0,0,1.981,130.55,0.0,442,0.456,13,0.0,0.0,0.07,0,0.0,10.0,0,0.0,0,0,0,0.0,0.0,258.58,258.58,0,2,0,0,0.41,0.0,0.09,0.0,0.0,0.3301,0.0,13,13,0
0.0,0.0,0,1.288,332.62,0.0,357,0.552,10,0.0,0.0,0.05,0,0.0,10.0,0,0.0,0,0,0,0.0,0.0,428.39,428.39,0,1,0,0,0.5,0.0,0.12,0.0,0.0,0.2147,0.0,10,10,0
0.0,0.0,0,0.113,303.89,0.0,374,0.242,17,0.0,0.0,0.07,1,0.0,10.0,0,0.0,0,0,0,0.0,0.0,34.25,34.25,0,1,0,0,0.48,0.0,0.11,0.0,0.0,0.0188,0.0,17,17,1
0.0,0.0,0,1.023,218.4,0.0,372,0.837,23,0.0,0.0,0.07,0,0.0,10.0,0,0.0,0,0,0,1.211,0.0,223.5,223.5,0,1,0,0,0.89,0.0,0.2,0.0,0.0,0.093,0.0,23,23,0
0.0,0.0,0,0.237,256.36,0.0,44,4.091,5,0.0,0.0,0.12,1,0.0,10.0,0,0.0,0,0,0,2.333,0.0,60.76,60.76,2,5,0,0,4.09,0.0,0.94,0.0,0.0,0.0395,0.0,5,5,1
1.0,0.2308,2,0.354,277.45,317.85,45,8.125,12,0.2308,0.0,0.03,0,7.692,100.0,0,0.667,0,0,0,0.375,532.73,98.34,98.34,1,5,0,2,8.67,1.0,2.0,0.2308,0.4,0.2916,317.85,12,12,1
1.333,0.5556,2,0.159,280.77,322.65,282,0.877,28,0.5556,0.0,0.08,1,7.778,100.0,0,1.0,1,0,0,1.156,715.7,44.54,44.54,1,2,1,2,0.96,1.33,0.22,0.5556,1.0,0.656,322.65,28,28,1
0.0,0.2222,0,1.365,191.06,123.76,431,0.476,25,0.2222,0.5,0.2,0,-2.222,0.0,0,0.0,0,0,0,0.0,0.0,260.85,260.85,1,2,0,0,0.63,0.0,0.14,0.2222,0.0,0.2956,123.76,25,25,0
0.667,0.2857,0,0.966,285.41,338.22,73,2.927,29,0.2857,0.0,0.1,0,3.81,86.2,0,1.0,0,0,0,0.578,0.0,275.7,275.7,0,2,0,0,2.88,0.67,0.66,0.2857,0.0,0.4766,338.22,29,29,1
1.0,0.5,1,1.149,330.08,314.5,312,1.05,30,0.5,0.0,0.12,0,5.0,100.0,0,0.833,0,0,0,0.0,233.01,379.13,379.13,1,3,0,1,1.15,1.0,0.27,0.5,0.3333,0.5721,314.5,30,30,1
0.0,0.0,0,0.865,308.77,0.0,36,2.617,13,0.0,0.0,0.2,0,0.0,10.0,0,0.0,0,0,0,0.721,0.0,267.05,267.05,0,4,0,0,3.33,0.0,0.77,0.0,0.0,0.2162,0.0,13,13,0
0.0,0.125,0,0.537,179.93,97.59,583,0.363,12,0.125,0.3333,0.2,0,-1.25,0.0,0,0.0,0,0,0,0.0,0.0,96.65,96.65,0,2,0,0,0.41,0.0,0.1,0.125,0.0,0.1349,97.59,12,12,0
0.0,0.5,0,1.204,391.64,327.04,424,0.405,22,0.5,0.0,0.05,1,-5.0,0.0,0,0.5,0,0,0,6.256,0.0,471.35,471.35,0,1,0,0,0.28,0.0,0.07,0.5,0.0,0.7184,327.04,22,22,1
0.0,0.0,0,0.942,305.48,0.0,38,0.167,13,0.0,0.0,0.12,0,0.0,10.0,0,0.0,0,0,0,0.0,0.0,287.89,287.89,0,2,0,0,1.58,0.0,0.36,0.0,0.0,0.4712,0.0,13,13,1
0.667,0.375,0,0.522,291.5,250.31,335,0.588,24,0.375,0.5,0.2,0,2.917,68.3,0,0.333,0,0,0,0.0,0.0,152.04,152.04,0,1,0,0,0.72,0.67,0.17,0.375,0.0,0.3872,250.31,24,24,0
0.0,0.125,0,0.98,353.49,433.1,706,0.347,20,0.125,0.5,0.2,0,-1.25,0.0,0,1.0,0,0,0,0.0,0.0,346.34,346.34,1,2,0,0,0.34,0.0,0.08,0.125,0.0,0.2756,433.1,20,20,0
0.0,0.0,0,1.28,342.82,0.0,105,2.6,9,0.0,0.0,0.08,0,0.0,10.0,0,0.0,1,0,0,1.2,0.0,438.7,438.7,0,3,0,0,2.57,0.0,0.59,0.0,0.0,0.1422,0.0,9,9,0
0.667,0.6667,1,0.249,342.1,470.52,114,1.197,12,0.6667,0.5,0.2,0,0.0,10.0,0,1.0,0,0,0,0.824,491.66,85.26,85.26,0,1,0,1,0.79,0.67,0.18,0.6667,1.0,1.0,470.52,12,12,1
0.0,0.0,0,1.049,222.57,0.0,344,0.465,8,0.0,0.0,0.2,0,0.0,10.0,0,0.0,0,0,0,0.0,0.0,233.55,233.55,0,2,0,0,0.35,0.0,0.08,0.0,0.0,0.2623,0.0,8,8,0
0.0,0.3333,0,1.999,199.75,148.78,205,0.667,25,0.3333,0.0,0.2,0,-3.333,0.0,0,0.0,0,0,0,0.0,0.0,399.36,399.36,0,1,0,0,0.44,0.0,0.1,0.3333,0.0,0.9147,148.78,25,25,0
0.0,0.0,0,1.839,231.33,0.0,31,7.959,24,0.0,0.0,0.07,0,0.0,10.0,0,0.0,0,0,0,0.739,0.0,425.51,425.51,0,6,0,0,6.77,0.0,1.56,0.0,0.0,0.2628,0.0,24,24,0
0.0,0.1,0,0.255,235.34,273.93,267,1.25,27,0.1,0.0,0.05,0,-1.0,0.0,0,1.0,0,0,0,2.782,0.0,60.09,60.09,1,3,0,0,1.12,0.0,0.26,0.1,0.0,0.1419,273.93,27,27,0
0.0,0.2,0,1.428,288.14,279.1,543,0.503,23,0.2,0.0,0.05,0,-2.0,0.0,0,0.5,0,0,0,0.0,0.0,411.46,411.46,0,2,0,0,0.55,0.0,0.13,0.2,0.0,0.3365,279.1,23,23,0
0.0,0.0,0,0.256,270.75,0.0,139,0.672,26,0.0,0.0,0.08,0,0.0,10.0,0,0.0,0,0,0,0.0,0.0,69.18,69.18,0,1,0,0,0.43,0.0,0.1,0.0,0.0,0.1278,0.0,26,26,0
0.0,0.4,0,0.724,257.8,296.0,121,1.054,19,0.4,0.0,0.03,0,-4.0,0.0,0,0.5,0,0,0,0.945,0.0,186.53,186.53,0,2,0,0,1.24,0.0,0.29,0.4,0.0,0.604,296.0,19,19,1
0.0,0.1429,0,0.568,257.73,134.78,644,0.423,23,0.1429,0.0,0.05,1,-1.429,0.0,0,0.0,0,0,0,2.5,0.0,146.27,146.27,1,2,0,0,0.33,0.0,0.08,0.1429,0.0,0.1558,134.78,23,23,1
0.667,0.3846,0,0.234,255.98,272.44,329,0.927,30,0.3846,0.5,0.12,0,2.821,66.4,0,0.6,0,0,0,0.0,0.0,59.95,59.95,0,2,0,0,1.19,0.67,0.27,0.3846,0.0,0.4274,272.44,30,30,1
0.0,0.0,0,0.951,437.81,0.0,15,0.304,15,0.0,0.0,0.07,0,0.0,10.0,0,0.0,1,0,1,0.0,0.0,416.14,416.14,0,2,0,0,4.0,0.0,0.92,0.0,0.0,0.4753,0.0,15,15,1
0.0,0.0,0,1.0,223.82,0.0,76,0.229,27,0.0,0.0,0.07,0,0.0,10.0,0,0.0,0,0,0,0.0,0.0,223.82,223.82,0,1,0,0,0.39,0.0,0.09,0.0,0.0,1.0,0.0,27,27,1
0.0,0.0,0,1.0,204.18,0.0,51,0.704,5,0.0,0.0,0.12,0,0.0,10.0,0,0.0,0,0,0,0.0,0.0,204.18,204.18,1,1,0,0,0.59,0.0,0.14,0.0,0.0,1.0,0.0,5,5,0
0.0,0.1429,0,1.386,336.59,487.55,292,0.53,22,0.1429,0.0,0.08,0,-1.429,0.0,0,1.0,0,0,0,0.0,0.0,466.58,466.58,0,1,0,0,0.72,0.0,0.17,0.1429,0.0,0.405,487.55,22,22,0
0.0,0.0,0,1.894,241.91,0.0,561,0.802,20,0.0,0.0,0.2,0,0.0,10.0,0,0.0,1,0,0,2.723,0.0,458.3,458.3,0,2,0,0,0.8,0.0,0.19,0.0,0.0,0.1263,0.0,20,20,0
0.0,0.0,0,1.0,58.25,0.0,77,0.52,18,0.0,0.0,0.05,1,0.0,10.0,0,0.0,0,0,0,0.0,0.0,58.25,58.25,0,1,0,0,0.39,0.0,0.09,0.0,0.0,1.0,0.0,18,18,1
0.0,0.0,0,0.559,174.17,0.0,606,0.398,16,0.0,0.0,0.12,0,0.0,10.0,0,0.0,0,0,0,0.0,0.0,97.28,97.28,0,1,0,0,0.45,0.0,0.1,0.0,0.0,0.0621,0.0,16,16,0
0.0,0.0,0,1.0,455.68,0.0,41,0.724,25,0.0,0.0,0.05,0,0.0,10.0,0,0.0,0,0,0,1.444,0.0,455.68,455.68,0,1,0,0,0.73,0.0,0.17,0.0,0.0,1.0,0.0,25,25,0
0.0,0.25,0,0.25,200.8,221.4,319,0.526,13,0.25,0.5,0.2,0,-2.5,0.0,0,0.5,0,0,0,0.0,0.0,50.17,50.17,1,3,0,0,0.75,0.0,0.17,0.25,0.0,0.3069,221.4,13,13,1
0.0,0.0,0,0.937,259.51,0.0,44,6.61,18,0.0,0.0,0.12,0,0.0,10.0,0,0.0,0,0,0,0.43,0.0,243.21,243.21,1,6,0,0,7.5,0.0,1.73,0.0,0.0,0.0852,0.0,18,18,0
0.0,0.0,0,1.0,496.68,0.0,53,0.406,19,0.0,0.0,0.12,0,0.0,10.0,0,0.0,0,0,0,0.0,0.0,496.68,496.68,0,1,0,0,0.57,0.0,0.13,0.0,0.0,1.0,0.0,19,19,0
0.0,0.0,0,1.625,291.76,0.0,733,0.607,13,0.0,0.0,0.1,0,0.0,10.0,0,0.0,0,0,0,1.693,0.0,473.98,473.98,0,1,0,0,0.61,0.0,0.14,0.0,0.0,0.1083,0.0,13,13,0
0.333,0.0909,1,1.364,202.63,65.74,338,0.957,13,0.0909,0.0,0.12,0,2.424,58.5,0,0.0,0,0,0,1.05,65.74,276.35,276.35,0,2,0,1,0.98,0.33,0.23,0.0909,0.5,0.1535,65.74,13,13,0
0.667,0.5,1,1.538,324.28,290.42,356,0.984,21,0.5,0.5,0.07,1,1.667,43.3,0,0.667,0,0,0,1.018,323.17,498.7,498.7,0,4,0,1,1.01,0.67,0.23,0.5,0.25,0.5759,290.42,21,21,1
0.0,0.3333,0,1.27,219.25,212.66,706,0.382,2,0.3333,0.5,0.05,0,-3.333,0.0,0,0.667,1,0,0,2.817,0.0,278.38,278.38,1,1,0,0,0.38,0.0,0.09,0.3333,0.0,0.4644,212.66,2,2,1
0.0,0.0,0,1.311,287.18,0.0,88,1.96,10,0.0,0.0,0.05,0,0.0,10.0,0,0.0,0,0,0,1.69,0.0,376.55,376.55,0,3,0,0,2.05,0.0,0.47,0.0,0.0,0.2185,0.0,10,10,0
0.333,0.3333,1,1.124,242.49,245.64,646,0.594,11,0.3333,0.0,0.07,0,0.0,10.0,0,0.5,0,0,0,0.0,170.43,272.48,272.48,0,3,1,1,0.56,0.33,0.13,0.3333,0.3333,0.4313,245.64,11,11,1
0.0,0.0,0,0.332,150.35,0.0,61,0.328,27,0.0,0.0,0.12,0,0.0,10.0,0,0.0,1,0,0,0.0,0.0,49.99,49.99,1,3,0,0,1.48,0.0,0.34,0.0,0.0,0.1108,0.0,27,27,0
0.333,0.3333,1,0.998,290.98,381.24,338,0.531,23,0.3333,0.0,0.03,0,0.0,10.0,0,1.0,0,0,0,1.992,316.28,290.41,290.41,0,1,0,1,0.53,0.33,0.12,0.3333,1.0,0.6031,381.24,23,23,1
0.333,0.3333,0,0.868,281.28,379.63,150,1.059,11,0.3333,0.0,0.07,0,0.0,10.0,0,1.0,0,0,0,0.0,0.0,244.11,244.11,0,1,0,0,1.2,0.33,0.28,0.3333,0.0,0.5945,379.63,11,11,1
0.0,0.5,0,1.786,268.46,337.04,351,1.003,1,0.5,0.0,0.07,1,-5.0,0.0,0,0.833,0,0,0,0.997,0.0,479.6,479.6,1,1,0,0,1.03,0.0,0.24,0.5,0.0,0.7766,337.04,1,1,1
0.0,0.0,0,1.199,346.1,0.0,396,0.323,4,0.0,0.0,0.12,0,0.0,10.0,0,0.0,0,0,0,3.33,0.0,414.88,414.88,1,1,0,0,0.15,0.0,0.03,0.0,0.0,0.5994,0.0,4,4,0
0.333,0.2857,0,0.07,296.28,286.42,173,1.518,3,0.2857,0.0,0.2,0,0.476,19.5,0,0.5,0,0,0,1.376,0.0,20.74,20.74,1,2,0,0,1.21,0.33,0.28,0.2857,0.0,0.2862,286.42,3,3,1
0.0,0.0,0,1.0,77.7,0.0,62,0.332,9,0.0,0.0,0.08,0,0.0,10.0,0,0.0,0,0,0,0.0,0.0,77.7,77.7,0,1,0,0,0.48,0.0,0.11,0.0,0.0,1.0,0.0,9,9,0
0.0,0.1818,0,0.642,261.12,267.2,317,1.09,29,0.1818,0.0,0.1,1,-1.818,0.0,0,0.5,0,0,0,0.0,0.0,167.67,167.67,1,3,0,0,1.04,0.0,0.24,0.1818,0.0,0.2444,267.2,29,29,1
0.333,0.3333,1,0.661,158.01,107.55,27,1.5,22,0.3333,0.5,0.1,1,0.0,10.0,0,0.0,0,0,1,0.0,107.55,104.39,104.39,0,3,1,1,3.33,0.33,0.77,0.3333,0.3333,0.4471,107.55,22,22,1
0.0,0.0,0,1.0,248.27,0.0,7,5.385,7,0.0,0.0,0.1,1,0.0,10.0,0,0.0,0,0,1,2.133,0.0,248.27,248.27,1,1,0,0,4.29,0.0,0.99,0.0,0.0,1.0,0.0,7,7,1
0.0,0.0,0,1.0,134.26,0.0,90,0.183,21,0.0,0.0,0.07,0,0.0,10.0,0,0.0,0,0,0,0.0,0.0,134.26,134.26,0,1,0,0,0.33,0.0,0.08,0.0,0.0,1.0,0.0,21,21,1
0.667,0.1538,1,0.848,258.11,341.67,77,5.065,4,0.1538,0.0,0.2,0,5.128,100.0,0,1.0,1,0,0,1.828,468.5,218.83,218.83,2,7,1,1,5.06,0.67,1.17,0.1538,0.1429,0.2689,341.67,4,4,0
0.0,0.0,0,0.079,258.04,0.0,187,2.228,21,0.0,0.0,0.2,0,0.0,10.0,0,0.0,0,0,0,2.085,0.0,20.34,20.34,1,4,0,0,2.25,0.0,0.52,0.0,0.0,0.0056,0.0,21,21,0
0.0,0.0,0,0.723,234.8,0.0,404,0.263,25,0.0,0.0,0.07,0,0.0,10.0,0,0.0,0,0,0,0.0,0.0,169.67,169.67,0,1,0,0,0.3,0.0,0.07,0.0,0.0,0.1807,0.0,25,25,0
0.0,0.125,0,0.528,240.67,315.78,345,0.918,7,0.125,0.0,0.05,0,-1.25,0.0,0,1.0,0,0,0,2.394,0.0,126.98,126.98,1,1,0,0,0.7,0.0,0.16,0.125,0.0,0.23,315.78,7,7,0
0.0,0.0,0,0.654,317.41,0.0,524,0.545,11,0.0,0.0,0.1,0,0.0,10.0,0,0.0,0,0,0,0.0,0.0,207.66,207.66,1,2,0,0,0.52,0.0,0.12,0.0,0.0,0.0727,0.0,11,11,0
0.0,0.0,0,1.267,176.48,0.0,194,0.602,14,0.0,0.0,0.12,0,0.0,10.0,0,0.0,0,0,0,0.0,0.0,223.56,223.56,0,1,0,0,0.31,0.0,0.07,0.0,0.0,0.6334,0.0,14,14,0
0.0,0.0,0,0.553,211.48,0.0,93,0.463,23,0.0,0.0,0.07,0,0.0,10.0,0,0.0,0,0,0,0.0,0.0,116.92,116.92,0,2,0,0,0.97,0.0,0.22,0.0,0.0,0.1843,0.0,23,23,0
0.0,0.0,0,1.25,325.14,0.0,164,0.57,30,0.0,0.0,0.2,0,0.0,10.0,0,0.0,0,0,0,0.0,0.0,406.33,406.33,0,1,0,0,0.73,0.0,0.17,0.0,0.0,0.3124,0.0,30,30,0
0.0,0.0,0,1.0,21.15,0.0,7,2.697,1,0.0,0.0,0.2,0,0.0,10.0,0,0.0,0,0,1,0.656,0.0,21.15,21.15,1,1,0,0,4.29,0.0,0.99,0.0,0.0,1.0,0.0,1,1,1
0.667,0.2857,2,0.377,261.62,255.81,69,3.047,11,0.2857,0.0,0.2,0,3.81,86.2,0,1.0,0,0,0,0.272,511.62,98.6,98.6,0,3,1,2,3.04,0.67,0.7,0.2857,0.6667,0.3332,255.81,11,11,0
0.667,0.5,1,0.263,249.76,370.34,89,0.925,18,0.5,0.5,0.2,0,1.667,43.3,0,1.0,0,0,0,2.495,412.21,65.75,65.75,0,2,0,1,1.35,0.67,0.31,0.5,0.5,0.8072,370.34,18,18,1
0.0,0.0,0,0.736,341.97,0.0,38,0.305,14,0.0,0.0,0.08,0,0.0,10.0,0,0.0,0,0,0,0.0,0.0,251.59,251.59,1,2,0,0,1.58,0.0,0.36,0.0,0.0,0.3679,0.0,14,14,0
0.0,0.0909,0,1.606,290.68,214.77,736,0.474,19,0.0909,0.0,0.07,0,-0.909,0.0,0,1.0,1,0,0,0.0,0.0,466.74,466.74,0,1,0,0,0.45,0.0,0.1,0.0909,0.0,0.2131,214.77,19,19,0
0.0,0.0,0,1.862,267.77,0.0,610,0.568,18,0.0,0.0,0.08,0,0.0,10.0,0,0.0,0,0,0,1.83,0.0,498.48,498.48,1,2,0,0,0.59,0.0,0.14,0.0,0.0,0.1551,0.0,18,18,0
0.0,0.0,0,1.0,51.76,0.0,30,0.754,1,0.0,0.0,0.12,1,0.0,10.0,0,0.0,0,0,0,3.067,0.0,51.76,51.76,1,1,0,0,1.0,0.0,0.23,0.0,0.0,1.0,0.0,1,1,1
0.333,0.5556,0,0.715,274.86,325.41,316,0.955,16,0.5556,0.3333,0.12,0,-2.222,0.0,0,0.8,0,0,0,3.856,0.0,196.55,196.55,0,1,0,0,0.85,0.33,0.2,0.5556,0.0,0.7372,325.41,16,16,1
0.0,0.1429,0,1.105,219.2,322.06,800,0.265,30,0.1429,0.0,0.07,0,-1.429,0.0,0,1.0,0,0,0,0.0,0.0,242.14,242.14,0,1,0,0,0.26,0.0,0.06,0.1429,0.0,0.3677,322.06,30,30,0
0.0,0.4286,0,0.134,268.04,358.45,356,0.524,15,0.4286,0.5,0.12,0,-4.286,0.0,0,0.667,0,0,0,0.0,0.0,36.02,36.02,0,1,0,0,0.59,0.0,0.14,0.4286,0.0,0.5923,358.45,15,15,1
0.0,0.0,0,0.899,439.88,0.0,24,0.572,23,0.0,0.0,0.1,0,0.0,10.0,0,0.0,0,0,1,0.0,0.0,395.6,395.6,0,2,0,0,2.5,0.0,0.58,0.0,0.0,0.4497,0.0,23,23,1
0.333,0.2,0,1.466,266.75,107.06,139,0.545,27,0.2,0.0,0.08,0,1.333,36.7,0,0.0,0,0,0,0.0,0.0,391.18,391.18,0,4,0,0,1.08,0.33,0.25,0.2,0.0,0.3736,107.06,27,27,1
0.0,0.2,0,1.042,183.87,197.69,281,0.926,7,0.2,0.0,0.2,0,-2.0,0.0,0,0.5,0,0,0,1.086,0.0,191.67,191.67,1,1,0,0,1.07,0.0,0.25,0.2,0.0,0.3193,197.69,7,7,0
0.0,0.0,0,0.902,253.61,0.0,743,0.352,7,0.0,0.0,0.12,0,0.0,10.0,0,0.0,0,0,0,0.0,0.0,228.83,228.83,1,1,0,0,0.4,0.0,0.09,0.0,0.0,0.0902,0.0,7,7,0
0.0,0.0,0,0.205,203.33,0.0,464,0.685,12,0.0,0.0,0.2,0,0.0,10.0,0,0.0,0,0,0,1.507,0.0,41.77,41.77,0,2,0,0,0.71,0.0,0.16,0.0,0.0,0.0187,0.0,12,12,0
0.667,0.5,1,1.396,356.24,305.11,155,0.636,27,0.5,0.0,0.12,0,1.667,43.3,0,1.0,0,0,0,0.0,338.51,497.35,497.35,1,2,1,1,0.77,0.67,0.18,0.5,0.5,0.7773,305.11,27,27,1
1.333,0.4667,3,0.363,268.85,294.25,241,1.654,1,0.4667,0.4,0.12,0,8.667,100.0,0,0.857,0,0,0,0.0,1202.43,97.67,97.67,2,4,0,3,1.87,1.33,0.43,0.4667,0.75,0.535,294.25,1,1,1
0.0,0.0,0,0.641,325.69,0.0,183,0.92,26,0.0,0.0,0.1,0,0.0,10.0,0,0.0,0,0,0,0.0,0.0,208.88,208.88,0,2,0,0,1.31,0.0,0.3,0.0,0.0,0.0802,0.0,26,26,0
0.0,0.0,0,1.298,303.35,0.0,37,1.379,9,0.0,0.0,0.2,0,0.0,10.0,0,0.0,0,0,0,2.567,0.0,393.77,393.77,0,4,0,0,3.24,0.0,0.75,0.0,0.0,0.3245,0.0,9,9,0
0.0,0.4286,0,0.927,289.81,239.16,175,0.989,12,0.4286,0.5,0.2,0,-4.286,0.0,0,0.333,0,0,0,1.012,0.0,268.69,268.69,0,1,0,0,1.2,0.0,0.28,0.4286,0.0,0.4861,239.16,12,12,1
0.0,0.0,0,1.679,232.65,0.0,67,0.495,7,0.0,0.0,0.1,0,0.0,10.0,0,0.0,0,0,0,0.0,0.0,390.65,390.65,1,1,0,0,0.9,0.0,0.21,0.0,0.0,0.8395,0.0,7,7,0
0.0,0.0,0,1.133,381.78,0.0,125,0.497,7,0.0,0.0,0.1,0,0.0,10.0,0,0.0,0,0,0,0.0,0.0,432.61,432.61,1,3,0,0,0.72,0.0,0.17,0.0,0.0,0.3777,0.0,7,7,0
0.333,0.5,0,1.251,289.9,285.45,361,0.606,23,0.5,0.5,0.12,1,-1.667,0.0,0,0.75,0,0,0,3.815,0.0,362.7,362.7,0,1,0,0,0.66,0.33,0.15,0.5,0.0,0.6487,285.45,23,23,1
0.0,0.1667,0,0.599,348.87,405.58,276,0.734,28,0.1667,0.0,0.07,0,-1.667,0.0,0,1.0,0,0,0,0.0,0.0,208.99,208.99,0,1,0,0,0.65,0.0,0.15,0.1667,0.0,0.2936,405.58,28,28,1
0.667,0.2857,2,1.102,198.76,173.01,12,17.5,2,0.2857,0.0,0.12,0,3.81,86.2,1,0.5,0,0,1,1.0,346.02,219.03,219.03,5,7,2,2,17.5,0.67,4.04,0.2857,0.2857,0.4061,173.01,2,2,1
0.0,0.0,0,0.759,276.41,0.0,911,0.439,8,0.0,0.0,0.03,0,0.0,10.0,0,0.0,0,0,0,5.144,0.0,209.67,209.67,0,1,0,0,0.4,0.0,0.09,0.0,0.0,0.0632,0.0,8,8,0
0.333,0.1667,1,0.323,242.03,275.19,94,2.368,2,0.1667,0.0,0.2,0,1.667,43.3,0,1.0,1,0,0,2.033,275.19,78.13,78.13,1,2,0,1,1.91,0.33,0.44,0.1667,0.5,0.2433,275.19,2,2,0
0.0,0.0,0,0.835,192.52,0.0,129,0.903,12,0.0,0.0,0.07,0,0.0,10.0,0,0.0,0,0,0,1.117,0.0,160.77,160.77,0,1,0,0,0.93,0.0,0.21,0.0,0.0,0.2088,0.0,12,12,1
0.667,0.4,1,1.198,253.98,188.24,123,1.304,20,0.4,0.0,0.2,1,2.667,63.3,0,0.5,0,0,0,0.733,50.57,304.27,304.27,0,2,0,1,1.22,0.67,0.28,0.4,0.5,0.5361,188.24,20,20,1
1.667,0.3846,5,1.173,243.8,200.16,11,35.455,2,0.3846,0.3333,0.08,0,12.821,100.0,1,0.4,1,1,1,1.0,1000.81,285.93,285.93,8,13,4,5,35.45,1.67,8.19,0.3846,0.3846,0.406,200.16,2,2,1
0.0,0.3,0,1.412,335.97,362.54,620,0.484,26,0.3,0.2,0.1,1,-3.0,0.0,0,1.0,0,0,0,0.0,0.0,474.4,474.4,0,1,0,0,0.48,0.0,0.11,0.3,0.0,0.4649,362.54,26,26,1
0.333,0.3,0,1.294,281.76,197.86,213,1.518,28,0.3,0.0,0.1,0,0.333,16.7,0,0.333,0,0,0,1.376,0.0,364.65,364.65,1,3,0,0,1.41,0.33,0.33,0.3,0.0,0.3401,197.86,28,28,1
0.333,0.4286,0,0.676,280.37,357.07,285,0.428,6,0.4286,0.0,0.05,1,-0.952,0.0,0,1.0,0,0,0,2.45,0.0,189.55,189.55,1,1,0,0,0.74,0.33,0.17,0.4286,0.0,0.6424,357.07,6,6,1
0.0,0.5556,0,1.166,215.31,189.82,284,0.808,12,0.5556,0.3333,0.1,0,-5.556,0.0,0,0.4,0,0,0,1.255,0.0,251.0,251.0,0,1,0,0,0.95,0.0,0.22,0.5556,0.0,0.6193,189.82,12,12,1
0.0,0.25,0,0.851,176.73,481.15,218,0.789,30,0.25,0.0,0.07,0,-2.5,0.0,0,1.0,0,0,0,2.971,0.0,150.48,150.48,0,1,0,0,0.55,0.0,0.13,0.25,0.0,0.8935,481.15,30,30,1
0.333,0.5,0,0.584,291.48,300.2,330,0.579,25,0.5,0.0,0.2,1,-1.667,0.0,0,0.667,1,0,0,1.786,0.0,170.3,170.3,0,1,0,0,0.55,0.33,0.13,0.5,0.0,0.6123,300.2,25,25,1
0.0,0.0,0,0.817,262.16,0.0,133,1.854,13,0.0,0.0,0.05,0,0.0,10.0,0,0.0,1,0,0,0.0,0.0,214.08,214.08,1,2,0,0,2.03,0.0,0.47,0.0,0.0,0.0907,0.0,13,13,0
0.0,0.6667,0,0.876,192.6,220.9,734,0.253,22,0.6667,0.5,0.07,1,-6.667,0.0,0,0.5,0,0,0,4.444,0.0,168.66,168.66,0,2,0,0,0.25,0.0,0.06,0.6667,0.0,0.9106,220.9,22,22,1
0.0,0.25,0,0.886,328.08,451.76,473,0.573,24,0.25,0.5,0.1,0,-2.5,0.0,0,1.0,1,0,0,0.0,0.0,290.71,290.71,0,1,0,0,0.76,0.0,0.18,0.25,0.0,0.4181,451.76,24,24,0
0.667,0.1333,2,1.074,241.31,265.79,43,10.465,2,0.1333,0.0,0.07,0,5.333,100.0,1,1.0,1,0,0,0.867,531.59,259.12,259.12,3,10,2,2,10.47,0.67,2.42,0.1333,0.2,0.2184,265.79,2,2,0
0.333,0.0714,1,0.598,314.76,233.46,100,3.719,29,0.0714,0.0,0.12,0,2.619,62.4,0,1.0,0,0,0,0.217,233.46,188.25,188.25,0,5,0,1,4.2,0.33,0.97,0.0714,0.2,0.0957,233.46,29,29,0
0.333,0.25,0,1.156,302.7,52.52,104,1.209,17,0.25,0.0,0.07,0,0.833,26.7,0,0.0,0,0,0,0.81,0.0,349.91,349.91,0,2,0,0,1.15,0.33,0.27,0.25,0.0,0.3324,52.52,17,17,1
0.0,0.25,0,1.327,353.41,493.24,229,1.048,6,0.25,0.0,0.05,0,-2.5,0.0,0,1.0,0,0,0,3.562,0.0,469.1,469.1,3,3,0,0,0.52,0.0,0.12,0.25,0.0,0.6807,493.24,6,6,1
0.0,0.0,0,1.0,323.38,0.0,103,0.374,30,0.0,0.0,0.12,0,0.0,10.0,0,0.0,0,0,0,3.233,0.0,323.38,323.38,0,1,0,0,0.29,0.0,0.07,0.0,0.0,1.0,0.0,30,30,0
0.333,0.3333,1,1.688,243.43,242.16,60,1.284,21,0.3333,0.0,0.08,0,0.0,10.0,0,1.0,0,0,0,1.65,242.16,410.94,410.94,0,2,0,1,1.5,0.33,0.35,0.3333,0.5,0.8943,242.16,21,21,1
0.0,0.0,0,0.352,293.83,0.0,432,0.737,15,0.0,0.0,0.07,0,0.0,10.0,0,0.0,0,0,0,0.0,0.0,103.31,103.31,0,1,0,0,0.69,0.0,0.16,0.0,0.0,0.0352,0.0,15,15,0
0.333,0.2,0,0.561,212.9,79.62,233,1.758,5,0.2,0.3333,0.05,0,1.333,36.7,0,0.0,0,0,0,0.538,0.0,119.48,119.48,1,2,0,0,1.93,0.33,0.45,0.2,0.0,0.1122,79.62,5,5,1
0.0,0.0,0,1.324,260.21,0.0,795,0.353,20,0.0,0.0,0.12,0,0.0,10.0,0,0.0,0,0,0,0.0,0.0,344.57,344.57,0,1,0,0,0.42,0.0,0.1,0.0,0.0,0.1204,0.0,20,20,0
0.333,0.5,0,1.022,417.24,408.15,128,0.687,2,0.5,0.0,0.03,0,-1.667,0.0,0,1.0,0,0,0,0.0,0.0,426.32,426.32,1,1,0,0,0.47,0.33,0.11,0.5,0.0,1.0,408.15,2,2,1
0.667,0.4286,2,0.234,258.8,345.6,362,0.507,28,0.4286,0.0,0.03,0,2.381,57.6,0,0.667,1,0,0,0.0,597.75,60.66,60.66,0,2,0,2,0.58,0.67,0.13,0.4286,1.0,0.6058,345.6,28,28,1
0.333,0.2,1,0.92,268.2,300.69,35,3.83,24,0.2,0.0,0.03,1,1.333,36.7,0,1.0,0,0,0,0.711,300.69,246.72,246.72,0,3,1,1,4.29,0.33,0.99,0.2,0.3333,0.4082,300.69,24,24,1
0.0,0.0,0,1.0,441.28,0.0,104,0.246,1,0.0,0.0,0.2,0,0.0,10.0,0,0.0,0,0,0,0.0,0.0,441.28,441.28,1,1,0,0,0.29,0.0,0.07,0.0,0.0,1.0,0.0,1,1,0
0.0,0.0,0,1.061,302.08,0.0,467,0.372,21,0.0,0.0,0.1,0,0.0,10.0,0,0.0,0,0,0,0.0,0.0,320.62,320.62,0,2,0,0,0.39,0.0,0.09,0.0,0.0,0.1769,0.0,21,21,0
0.0,0.0,0,1.209,305.83,0.0,36,9.375,12,0.0,0.0,0.2,0,0.0,10.0,0,0.0,0,0,0,1.65,0.0,369.89,369.89,3,12,0,0,10.0,0.0,2.31,0.0,0.0,0.1008,0.0,12,12,0
0.0,0.0,0,1.009,237.15,0.0,746,0.499,20,0.0,0.0,0.03,0,0.0,10.0,0,0.0,0,0,0,0.0,0.0,239.26,239.26,0,2,0,0,0.52,0.0,0.12,0.0,0.0,0.0776,0.0,20,20,0
1.0,0.6429,1,0.153,281.49,325.86,572,0.745,15,0.6429,0.3333,0.05,1,3.571,81.4,0,0.778,0,0,0,1.367,278.15,42.99,42.99,1,2,1,1,0.73,1.0,0.17,0.6429,0.5,0.7551,325.86,15,15,1
1.0,0.4286,3,0.229,278.8,251.55,56,3.75,26,0.4286,0.0,0.03,0,5.714,100.0,0,0.667,0,1,0,1.156,754.64,63.75,63.75,1,4,1,3,3.75,1.0,0.87,0.4286,0.75,0.4193,251.55,26,26,1
0.0,0.0,0,1.598,277.13,0.0,25,10.833,10,0.0,0.0,0.1,0,0.0,10.0,0,0.0,0,0,1,1.1,0.0,442.74,442.74,2,7,0,0,8.4,0.0,1.94,0.0,0.0,0.2282,0.0,10,10,0
0.333,0.5,1,1.596,296.0,119.64,27,1.054,2,0.5,0.0,0.2,0,-1.667,0.0,0,0.0,0,0,1,0.945,119.64,472.37,472.37,1,2,1,1,2.22,0.33,0.51,0.5,0.5,1.0,119.64,2,2,1
0.0,0.0,0,0.735,141.95,0.0,152,0.486,9,0.0,0.0,0.2,0,0.0,10.0,0,0.0,0,0,0,0.0,0.0,104.35,104.35,0,1,0,0,0.59,0.0,0.14,0.0,0.0,0.245,0.0,9,9,0
1.0,0.5385,1,0.958,265.38,231.63,581,0.671,7,0.5385,0.6,0.12,0,4.615,100.0,0,0.571,0,0,0,1.531,277.94,254.19,254.19,1,1,0,1,0.67,1.0,0.16,0.5385,1.0,0.5436,231.63,7,7,1
0.667,0.3,1,1.384,257.87,192.6,162,1.121,15,0.3,0.25,0.1,0,3.667,83.3,0,0.667,0,0,0,0.882,248.23,356.88,356.88,0,2,0,1,1.85,0.67,0.43,0.3,0.5,0.3625,192.6,15,15,1
0.0,0.0,0,0.791,357.29,0.0,26,2.063,13,0.0,0.0,0.05,0,0.0,10.0,0,0.0,0,0,1,1.59,0.0,282.57,282.57,0,4,0,0,4.62,0.0,1.07,0.0,0.0,0.1977,0.0,13,13,1
0.333,0.2,0,0.174,230.93,441.68,414,0.459,13,0.2,0.0,0.2,0,1.333,36.7,0,1.0,0,0,0,0.0,0.0,40.14,40.14,0,1,0,0,0.36,0.33,0.08,0.2,0.0,0.4173,441.68,13,13,0
0.0,0.0,0,0.4,151.87,0.0,190,0.821,26,0.0,0.0,0.12,0,0.0,10.0,0,0.0,0,0,0,1.24,0.0,60.72,60.72,0,2,0,0,0.79,0.0,0.18,0.0,0.0,0.08,0.0,26,26,0
0.0,0.0,0,0.143,270.21,0.0,138,0.676,17,0.0,0.0,0.07,0,0.0,10.0,0,0.0,0,0,0,1.515,0.0,38.56,38.56,2,3,0,0,0.65,0.0,0.15,0.0,0.0,0.0476,0.0,17,17,1
0.0,0.0,0,0.379,82.77,0.0,39,1.722,23,0.0,0.0,0.07,0,0.0,10.0,0,0.0,0,0,0,1.193,0.0,31.34,31.34,0,3,0,0,2.31,0.0,0.53,0.0,0.0,0.1262,0.0,23,23,0
0.333,0.1,1,0.065,380.97,445.69,313,0.669,11,0.1,0.2,0.2,0,2.333,56.7,0,1.0,0,0,0,0.0,445.69,24.9,24.9,0,1,0,1,0.96,0.33,0.22,0.1,1.0,0.1235,445.69,11,11,0
0.333,0.25,0,0.788,241.72,229.41,140,0.577,19,0.25,0.0,0.12,1,0.833,26.7,0,1.0,0,0,0,0.0,0.0,190.56,190.56,0,2,0,0,0.86,0.33,0.2,0.25,0.0,0.4344,229.41,19,19,1
0.0,0.0,0,0.848,220.77,0.0,225,0.94,21,0.0,0.0,0.07,0,0.0,10.0,0,0.0,0,0,0,2.353,0.0,187.15,187.15,0,1,0,0,0.67,0.0,0.15,0.0,0.0,0.1695,0.0,21,21,0
0.0,0.0,0,1.526,296.36,0.0,632,0.538,27,0.0,0.0,0.2,0,0.0,10.0,0,0.0,0,0,0,0.0,0.0,452.15,452.15,0,2,0,0,0.62,0.0,0.14,0.0,0.0,0.1174,0.0,27,27,0
0.0,0.0,0,1.186,399.8,0.0,15,7.66,9,0.0,0.0,0.03,0,0.0,10.0,0,0.0,1,0,1,0.567,0.0,474.05,474.05,2,4,0,0,8.0,0.0,1.85,0.0,0.0,0.2964,0.0,9,9,1
0.0,0.0,0,1.362,180.74,0.0,241,0.369,23,0.0,0.0,0.12,0,0.0,10.0,0,0.0,0,0,0,0.0,0.0,246.17,246.17,0,2,0,0,0.37,0.0,0.09,0.0,0.0,0.454,0.0,23,23,0
0.0,0.6667,0,1.354,222.64,183.28,538,0.127,8,0.6667,0.5,0.2,0,-6.667,0.0,0,0.5,0,0,0,10.2,0.0,301.36,301.36,0,1,0,0,0.17,0.0,0.04,0.6667,0.0,1.0,183.28,8,8,1
0.0,0.3333,0,1.823,229.39,190.03,605,0.152,18,0.3333,0.0,0.2,0,-3.333,0.0,0,0.0,0,0,0,8.467,0.0,418.29,418.29,0,1,0,0,0.15,0.0,0.03,0.3333,0.0,0.884,190.03,18,18,1
0.0,0.4,0,0.342,165.63,170.18,320,0.345,17,0.4,0.0,0.08,0,-4.0,0.0,0,0.5,0,0,0,0.0,0.0,56.7,56.7,0,2,0,0,0.47,0.0,0.11,0.4,0.0,0.4795,170.18,17,17,1
0.0,0.1111,0,1.318,298.73,282.95,659,0.37,8,0.1111,0.3333,0.2,0,-1.111,0.0,0,1.0,0,0,0,0.0,0.0,393.58,393.58,0,1,0,0,0.41,0.0,0.09,0.1111,0.0,0.2516,282.95,8,8,0
0.0,0.6,0,2.002,219.83,194.39,586,0.243,17,0.6,0.5,0.1,0,-6.0,0.0,0,0.333,0,0,0,4.74,0.0,440.19,440.19,0,1,0,0,0.26,0.0,0.06,0.6,0.0,0.931,194.39,17,17,1
0.0,0.2727,0,0.841,312.18,350.4,870,0.369,29,0.2727,0.0,0.05,0,-2.727,0.0,0,0.667,0,0,0,0.0,0.0,262.45,262.45,0,1,0,0,0.38,0.0,0.09,0.2727,0.0,0.3825,350.4,29,29,0
0.0,0.0,0,1.279,274.44,0.0,376,0.452,17,0.0,0.0,0.12,0,0.0,10.0,0,0.0,0,0,0,0.0,0.0,351.01,351.01,0,1,0,0,0.64,0.0,0.15,0.0,0.0,0.1599,0.0,17,17,0
0.667,0.4545,2,0.694,200.54,195.47,622,0.463,9,0.4545,0.4,0.12,1,2.121,52.4,0,0.4,0,0,0,0.0,466.37,139.12,139.12,0,2,1,2,0.53,0.67,0.12,0.4545,1.0,0.5061,195.47,9,9,1
0.667,0.4,0,1.56,160.66,136.54,56,3.614,26,0.4,0.5,0.03,1,2.667,63.3,0,0.5,1,0,0,4.122,0.0,250.56,250.56,2,3,0,0,2.68,0.67,0.62,0.4,0.0,0.6519,136.54,26,26,1
0.0,0.0,0,1.0,197.7,0.0,40,0.532,9,0.0,0.0,0.2,0,0.0,10.0,0,0.0,0,0,0,1.961,0.0,197.7,197.7,0,1,0,0,0.75,0.0,0.17,0.0,0.0,1.0,0.0,9,9,1
0.333,0.4,1,0.783,297.35,232.2,342,0.356,2,0.4,0.0,0.1,0,-0.667,0.0,0,0.5,0,0,0,0.0,156.81,232.82,232.82,1,2,0,1,0.44,0.33,0.1,0.4,0.5,0.469,232.2,2,2,1
0.0,0.0,0,1.203,354.32,0.0,832,0.347,16,0.0,0.0,0.12,0,0.0,10.0,0,0.0,0,0,0,3.089,0.0,426.12,426.12,0,2,0,0,0.32,0.0,0.07,0.0,0.0,0.1336,0.0,16,16,0
0.0,0.0,0,0.929,211.67,0.0,80,1.139,1,0.0,0.0,0.2,0,0.0,10.0,0,0.0,0,0,0,1.907,0.0,196.73,196.73,1,2,0,0,1.12,0.0,0.26,0.0,0.0,0.3098,0.0,1,1,0
0.0,0.0,0,0.946,277.49,0.0,69,3.925,18,0.0,0.0,0.2,0,0.0,10.0,0,0.0,1,0,0,0.7,0.0,262.44,262.44,2,5,0,0,4.35,0.0,1.0,0.0,0.0,0.0946,0.0,18,18,0
0.333,0.2857,1,1.151,194.52,109.12,314,0.439,22,0.2857,0.5,0.07,0,0.476,19.5,0,0.0,0,0,0,0.0,119.48,223.81,223.81,0,3,0,1,0.67,0.33,0.15,0.2857,0.3333,0.3246,109.12,22,22,1
0.0,0.0,0,1.596,309.7,0.0,457,0.528,29,0.0,0.0,0.05,0,0.0,10.0,0,0.0,0,0,0,0.0,0.0,494.22,494.22,0,1,0,0,0.46,0.0,0.11,0.0,0.0,0.228,0.0,29,29,0
0.0,0.2,0,1.353,341.84,401.42,228,0.641,2,0.2,0.0,0.12,0,-2.0,0.0,0,1.0,0,0,0,4.533,0.0,462.42,462.42,1,2,0,0,0.66,0.0,0.15,0.2,0.0,0.5054,401.42,2,2,0
0.333,0.4,0,1.655,290.09,329.74,405,0.578,9,0.4,0.0,0.1,1,-0.667,0.0,0,1.0,0,0,0,1.781,0.0,480.18,480.18,0,1,0,0,0.74,0.33,0.17,0.4,0.0,0.6202,329.74,9,9,1
0.0,0.25,0,1.234,326.77,395.35,269,0.192,17,0.25,0.0,0.2,0,-2.5,0.0,0,1.0,0,0,0,0.0,0.0,403.14,403.14,1,2,0,0,0.45,0.0,0.1,0.25,0.0,0.6109,395.35,17,17,0
0.0,0.3333,0,0.849,378.09,489.34,339,0.171,17,0.3333,0.0,0.07,0,-3.333,0.0,0,1.0,0,0,0,0.0,0.0,320.95,320.95,0,1,0,0,0.27,0.0,0.06,0.3333,0.0,0.7144,489.34,17,17,0
0.0,0.3077,0,1.286,274.73,286.52,195,2.0,12,0.3077,0.0,0.12,1,-3.077,0.0,0,1.0,0,0,0,1.0,0.0,353.38,353.38,0,2,0,0,2.0,0.0,0.46,0.3077,0.0,0.4198,286.52,12,12,1
0.0,0.0,0,1.0,352.33,0.0,42,0.39,10,0.0,0.0,0.2,0,0.0,10.0,0,0.0,0,0,0,5.879,0.0,352.33,352.33,0,1,0,0,0.71,0.0,0.16,0.0,0.0,1.0,0.0,10,10,0
0.0,0.0,0,0.615,310.64,0.0,290,0.486,15,0.0,0.0,0.03,0,0.0,10.0,0,0.0,0,0,0,0.0,0.0,191.05,191.05,0,1,0,0,0.41,0.0,0.1,0.0,0.0,0.1538,0.0,15,15,0
0.0,0.1111,0,0.987,340.55,491.53,376,0.512,15,0.1111,0.0,0.2,0,-1.111,0.0,0,1.0,0,0,0,0.0,0.0,336.23,336.23,0,1,0,0,0.72,0.0,0.17,0.1111,0.0,0.2701,491.53,15,15,0
0.0,0.0,0,1.253,392.1,0.0,133,0.341,27,0.0,0.0,0.08,0,0.0,10.0,0,0.0,0,0,0,3.175,0.0,491.24,491.24,0,1,0,0,0.45,0.0,0.1,0.0,0.0,0.6264,0.0,27,27,0
0.0,0.0,0,0.87,301.61,0.0,198,0.44,16,0.0,0.0,0.1,0,0.0,10.0,0,0.0,0,0,0,2.452,0.0,262.42,262.42,1,2,0,0,0.76,0.0,0.17,0.0,0.0,0.174,0.0,16,16,0
0.333,0.6,1,2.083,133.77,117.85,243,0.804,18,0.6,0.3333,0.12,0,-2.667,0.0,0,0.333,0,0,0,2.858,232.62,278.64,278.64,0,1,0,1,0.62,0.33,0.14,0.6,1.0,0.9452,117.85,18,18,1
0.333,0.2222,1,1.751,278.61,387.66,571,0.388,26,0.2222,0.3333,0.1,0,1.111,32.2,0,1.0,0,0,0,0.0,367.68,487.97,487.97,0,1,0,1,0.47,0.33,0.11,0.2222,1.0,0.5038,387.66,26,26,1
0.0,0.0,0,1.633,79.21,0.0,33,0.61,9,0.0,0.0,0.1,0,0.0,10.0,0,0.0,1,0,0,0.0,0.0,129.33,129.33,1,2,0,0,1.82,0.0,0.42,0.0,0.0,0.8164,0.0,9,9,0
0.0,0.0,0,0.771,212.02,0.0,290,0.972,12,0.0,0.0,0.08,0,0.0,10.0,0,0.0,0,0,0,2.221,0.0,163.43,163.43,0,3,0,0,1.03,0.0,0.24,0.0,0.0,0.0771,0.0,12,12,0
0.0,0.0,0,1.036,356.93,0.0,346,0.576,10,0.0,0.0,0.07,0,0.0,10.0,0,0.0,0,0,0,1.819,0.0,369.75,369.75,1,2,0,0,0.52,0.0,0.12,0.0,0.0,0.1727,0.0,10,10,0
0.333,0.25,1,1.443,238.07,415.69,174,0.484,23,0.25,0.0,0.03,0,0.833,26.7,0,1.0,0,0,0,2.185,415.69,343.44,343.44,0,2,0,1,0.69,0.33,0.16,0.25,0.5,0.7972,415.69,23,23,1
0.0,0.0,0,0.659,288.56,0.0,15,20.0,2,0.0,0.0,0.07,0,0.0,10.0,0,0.0,0,0,1,1.0,0.0,190.26,190.26,6,10,0,0,20.0,0.0,4.62,0.0,0.0,0.0659,0.0,2,2,0
0.0,0.5833,0,0.712,260.67,208.07,685,0.466,13,0.5833,0.6,0.07,0,-5.833,0.0,0,0.571,0,0,0,0.0,0.0,185.72,185.72,0,1,0,0,0.53,0.0,0.12,0.5833,0.0,0.525,208.07,13,13,1
0.0,0.0,0,0.859,313.64,0.0,172,0.83,2,0.0,0.0,0.2,0,0.0,10.0,0,0.0,0,0,0,1.222,0.0,269.3,269.3,1,3,0,0,1.05,0.0,0.24,0.0,0.0,0.1431,0.0,2,2,0
0.0,0.6667,0,0.553,229.07,276.82,632,0.455,13,0.6667,0.6667,0.2,0,-6.667,0.0,0,0.833,0,0,0,2.281,0.0,126.66,126.66,0,1,0,0,0.43,0.0,0.1,0.6667,0.0,0.8671,276.82,13,13,1
0.0,0.0,0,1.639,158.3,0.0,219,0.386,5,0.0,0.0,0.2,0,0.0,10.0,0,0.0,0,0,0,0.0,0.0,259.45,259.45,2,2,0,0,0.27,0.0,0.06,0.0,0.0,0.8195,0.0,5,5,0
0.0,0.0,0,0.22,169.49,0.0,27,4.412,27,0.0,0.0,0.1,0,0.0,10.0,0,0.0,1,0,1,1.2,0.0,37.24,37.24,2,4,0,0,4.44,0.0,1.03,0.0,0.0,0.0549,0.0,27,27,0
0.0,0.0,0,0.562,331.3,0.0,26,1.099,21,0.0,0.0,0.1,0,0.0,10.0,0,0.0,0,0,1,0.894,0.0,186.08,186.08,0,2,0,0,2.31,0.0,0.53,0.0,0.0,0.2808,0.0,21,21,1
0.0,0.0,0,0.505,278.55,0.0,814,0.288,28,0.0,0.0,0.08,0,0.0,10.0,0,0.0,0,0,0,3.819,0.0,140.58,140.58,0,1,0,0,0.26,0.0,0.06,0.0,0.0,0.0721,0.0,28,28,0
1.0,0.5,2,1.148,259.78,282.64,73,2.0,19,0.5,0.0,0.2,1,5.0,100.0,0,1.0,0,0,0,1.0,635.74,298.17,298.17,0,4,0,2,2.47,1.0,0.57,0.5,0.5,0.7353,282.64,19,19,1
0.0,0.0,0,0.374,235.11,0.0,213,0.508,24,0.0,0.0,0.1,0,0.0,10.0,0,0.0,1,0,0,0.0,0.0,87.97,87.97,0,1,0,0,0.42,0.0,0.1,0.0,0.0,0.1247,0.0,24,24,1
0.0,0.0,0,1.482,292.55,0.0,271,0.484,2,0.0,0.0,0.1,1,0.0,10.0,0,0.0,0,0,0,0.0,0.0,433.64,433.64,1,3,0,0,0.55,0.0,0.13,0.0,0.0,0.2965,0.0,2,2,1
0.0,0.3333,0,1.698,273.44,321.73,485,0.638,21,0.3333,0.0,0.08,0,-3.333,0.0,0,0.75,0,0,0,1.607,0.0,464.19,464.19,0,1,0,0,0.74,0.0,0.17,0.3333,0.0,0.5337,321.73,21,21,1
0.0,0.0,0,1.793,255.06,0.0,340,0.271,27,0.0,0.0,0.1,0,0.0,10.0,0,0.0,0,0,0,0.0,0.0,457.39,457.39,0,2,0,0,0.35,0.0,0.08,0.0,0.0,0.4483,0.0,27,27,0
0.0,0.5,0,0.95,359.71,377.8,187,0.262,27,0.5,0.0,0.08,0,-5.0,0.0,0,1.0,0,0,0,4.283,0.0,341.61,341.61,0,1,0,0,0.32,0.0,0.07,0.5,0.0,1.0,377.8,27,27,1
0.667,0.2143,1,1.043,330.03,418.58,141,2.459,8,0.2143,0.0,0.12,1,4.524,100.0,0,1.0,0,0,0,0.0,423.73,344.28,344.28,0,6,0,1,2.98,0.67,0.69,0.2143,0.1667,0.3463,418.58,8,8,1
0.0,0.0,0,1.156,244.75,0.0,393,0.37,2,0.0,0.0,0.2,0,0.0,10.0,0,0.0,0,0,0,0.0,0.0,282.95,282.95,1,1,0,0,0.46,0.0,0.11,0.0,0.0,0.1927,0.0,2,2,0
0.333,0.5,1,0.755,312.74,389.2,55,0.991,18,0.5,0.0,0.1,0,-1.667,0.0,0,1.0,0,0,0,0.0,389.2,236.27,236.27,0,1,0,1,1.09,0.33,0.25,0.5,1.0,1.0,389.2,18,18,1
0.0,0.0,0,0.647,291.92,0.0,275,0.982,2,0.0,0.0,0.1,0,0.0,10.0,0,0.0,0,0,0,1.021,0.0,188.83,188.83,1,1,0,0,0.98,0.0,0.23,0.0,0.0,0.0719,0.0,2,2,0
0.667,0.3636,0,0.231,265.26,209.42,500,0.671,21,0.3636,0.3333,0.12,0,3.03,70.6,0,0.5,0,0,0,1.531,0.0,61.21,61.21,2,3,0,0,0.66,0.67,0.15,0.3636,0.0,0.3081,209.42,21,21,1
0.667,0.6667,0,0.112,251.64,363.42,114,0.701,20,0.6667,0.0,0.05,0,0.0,10.0,0,1.0,0,0,0,1.533,0.0,28.09,28.09,0,1,0,0,0.79,0.67,0.18,0.6667,0.0,1.0,363.42,20,20,1
0.667,0.3333,1,0.831,330.52,310.92,46,3.082,26,0.3333,0.0,0.1,1,3.333,76.7,0,1.0,0,0,0,0.595,331.29,274.76,274.76,1,2,0,1,3.91,0.67,0.9,0.3333,0.5,0.4521,310.92,26,26,1
0.0,0.2,0,0.972,257.89,246.78,784,0.567,2,0.2,0.0,0.12,0,-2.0,0.0,0,0.667,0,0,0,1.819,0.0,250.67,250.67,1,1,0,0,0.57,0.0,0.13,0.2,0.0,0.2562,246.78,2,2,0
0.0,0.0,0,0.369,282.16,0.0,62,0.476,25,0.0,0.0,0.08,0,0.0,10.0,0,0.0,0,0,0,2.222,0.0,104.07,104.07,2,3,0,0,1.45,0.0,0.34,0.0,0.0,0.1229,0.0,25,25,0
0.333,0.5,1,0.659,268.78,360.37,182,0.317,22,0.5,0.0,0.08,0,-1.667,0.0,0,1.0,0,0,0,0.0,360.37,177.2,177.2,0,1,0,1,0.33,0.33,0.08,0.5,1.0,1.0,360.37,22,22,1
0.0,0.0,0,1.06,402.54,0.0,140,0.857,6,0.0,0.0,0.2,0,0.0,10.0,0,0.0,0,0,0,1.222,0.0,426.88,426.88,1,1,0,0,0.86,0.0,0.2,0.0,0.0,0.2651,0.0,6,6,0
0.333,0.6,0,0.969,267.62,213.36,168,0.824,26,0.6,0.5,0.12,1,-2.667,0.0,0,0.667,0,0,0,0.0,0.0,259.28,259.28,0,2,0,0,0.89,0.33,0.21,0.6,0.0,0.6721,213.36,26,26,1
1.0,0.4286,3,1.282,357.3,348.55,146,1.183,21,0.4286,0.3333,0.03,1,5.714,100.0,0,1.0,0,0,0,1.806,1045.66,458.06,458.06,0,2,0,3,1.44,1.0,0.33,0.4286,1.5,0.6012,348.55,21,21,1
0.0,0.0,0,1.0,341.71,0.0,43,1.385,6,0.0,0.0,0.1,0,0.0,10.0,0,0.0,0,0,0,1.0,0.0,341.71,341.71,1,1,0,0,0.7,0.0,0.16,0.0,0.0,1.0,0.0,6,6,0
0.667,0.5,1,0.558,211.11,289.44,218,0.575,26,0.5,0.0,0.1,0,1.667,43.3,0,0.667,0,0,0,1.797,257.43,117.78,117.78,0,3,0,1,0.83,0.67,0.19,0.5,0.3333,0.7785,289.44,26,26,1
0.0,0.3,0,1.643,288.53,220.02,595,0.544,10,0.3,0.2,0.05,0,-3.0,0.0,0,0.667,0,0,0,0.0,0.0,474.2,474.2,0,1,0,0,0.5,0.0,0.12,0.3,0.0,0.3931,220.02,10,10,1
0.0,0.1,0,0.554,310.89,456.86,561,0.508,29,0.1,0.0,0.1,0,-1.0,0.0,0,1.0,0,0,0,0.0,0.0,172.28,172.28,0,1,0,0,0.53,0.0,0.12,0.1,0.0,0.2024,456.86,29,29,0
0.0,0.1538,0,0.147,217.09,177.16,820,0.441,23,0.1538,0.2,0.2,0,-1.538,0.0,0,0.5,0,0,0,0.0,0.0,31.95,31.95,0,1,0,0,0.48,0.0,0.11,0.1538,0.0,0.1369,177.16,23,23,0
0.333,0.5,0,1.561,278.1,122.01,150,0.44,24,0.5,0.5,0.12,0,-1.667,0.0,0,0.0,0,0,0,5.133,0.0,434.19,434.19,0,1,0,0,0.4,0.33,0.09,0.5,0.0,1.0,122.01,24,24,1
0.0,0.0,0,0.398,347.58,0.0,110,0.307,25,0.0,0.0,0.05,1,0.0,10.0,0,0.0,0,0,0,0.0,0.0,138.23,138.23,0,1,0,0,0.82,0.0,0.19,0.0,0.0,0.1326,0.0,25,25,1
1.333,0.5,3,1.325,200.1,262.53,331,0.668,6,0.5,0.5,0.05,0,8.333,100.0,0,0.5,0,0,0,0.0,633.4,265.16,265.16,1,3,0,3,0.73,1.33,0.17,0.5,1.0,0.8216,262.53,6,6,1
0.0,0.0,0,0.312,361.06,0.0,321,0.346,13,0.0,0.0,0.12,0,0.0,10.0,0,0.0,0,0,0,0.0,0.0,112.78,112.78,0,1,0,0,0.37,0.0,0.09,0.0,0.0,0.0781,0.0,13,13,0
0.333,0.25,1,0.916,266.97,249.81,24,1.8,23,0.25,0.0,0.2,0,0.833,26.7,0,1.0,0,0,1,0.0,249.81,244.66,244.66,0,4,0,1,5.0,0.33,1.15,0.25,0.25,0.463,249.81,23,23,1
0.0,0.0,0,0.743,190.39,0.0,89,0.405,24,0.0,0.0,0.2,0,0.0,10.0,0,0.0,0,0,0,3.2,0.0,141.37,141.37,0,2,0,0,0.67,0.0,0.16,0.0,0.0,0.3713,0.0,24,24,1
0.0,0.5,0,0.173,228.91,418.2,454,0.094,22,0.5,0.0,0.07,0,-5.0,0.0,0,1.0,0,0,0,0.0,0.0,39.62,39.62,0,1,0,0,0.13,0.0,0.03,0.5,0.0,1.0,418.2,22,22,1
0.0,0.125,0,0.673,192.79,365.49,656,0.338,11,0.125,0.0,0.12,0,-1.25,0.0,0,1.0,0,0,0,0.0,0.0,129.69,129.69,0,1,0,0,0.37,0.0,0.08,0.125,0.0,0.3211,365.49,11,11,0
0.0,0.0,0,0.329,187.02,0.0,107,1.565,4,0.0,0.0,0.07,0,0.0,10.0,0,0.0,0,0,0,2.833,0.0,61.56,61.56,1,4,0,0,1.68,0.0,0.39,0.0,0.0,0.0549,0.0,4,4,1
0.333,0.2,0,0.962,372.11,363.5,285,1.206,13,0.2,0.0,0.2,0,1.333,36.7,0,1.0,0,0,0,0.817,0.0,358.06,358.06,0,2,0,0,1.05,0.33,0.24,0.2,0.0,0.2916,363.5,13,13,0
0.0,0.0,0,1.348,322.01,0.0,303,0.855,10,0.0,0.0,0.07,0,0.0,10.0,0,0.0,0,0,0,0.0,0.0,434.21,434.21,0,1,0,0,0.69,0.0,0.16,0.0,0.0,0.1926,0.0,10,10,0
0.0,0.0,0,1.388,261.11,0.0,108,0.785,21,0.0,0.0,0.2,1,0.0,10.0,0,0.0,0,0,0,1.293,0.0,362.52,362.52,0,1,0,0,0.83,0.0,0.19,0.0,0.0,0.4628,0.0,21,21,1
0.0,0.3333,0,0.463,308.4,363.01,265,0.605,10,0.3333,0.6667,0.2,0,-3.333,0.0,0,1.0,0,0,0,0.0,0.0,142.7,142.7,0,2,0,0,0.68,0.0,0.16,0.3333,0.0,0.4695,363.01,10,10,1
0.0,0.0,0,1.323,309.76,0.0,267,0.82,1,0.0,0.0,0.1,0,0.0,10.0,0,0.0,0,0,0,2.8,0.0,409.96,409.96,1,2,0,0,0.67,0.0,0.16,0.0,0.0,0.2206,0.0,1,1,0
1.0,0.5,0,1.221,267.88,273.12,231,0.875,26,0.5,0.0,0.07,1,5.0,100.0,0,0.667,0,0,0,0.0,0.0,327.17,327.17,0,2,0,0,1.56,1.0,0.36,0.5,0.0,0.6115,273.12,26,26,1
0.0,0.1667,0,0.16,208.77,117.71,347,0.645,14,0.1667,0.0,0.2,0,-1.667,0.0,0,0.0,0,0,0,0.0,0.0,33.3,33.3,1,3,0,0,0.52,0.0,0.12,0.1667,0.0,0.1206,117.71,14,14,0
0.0,0.25,0,1.012,427.09,498.47,299,0.396,7,0.25,0.0,0.2,0,-2.5,0.0,0,1.0,0,0,0,0.0,0.0,432.26,432.26,1,1,0,0,0.4,0.0,0.09,0.25,0.0,0.5448,498.47,7,7,1
0.0,0.0,0,1.188,319.72,0.0,164,0.572,4,0.0,0.0,0.2,0,0.0,10.0,0,0.0,0,0,0,0.0,0.0,379.69,379.69,1,1,0,0,0.55,0.0,0.13,0.0,0.0,0.3959,0.0,4,4,0
0.0,0.0,0,1.458,286.32,0.0,20,12.0,13,0.0,0.0,0.12,0,0.0,10.0,0,0.0,1,0,1,1.0,0.0,417.51,417.51,2,5,0,0,7.5,0.0,1.73,0.0,0.0,0.2916,0.0,13,13,1
0.333,0.1,0,0.828,270.69,444.39,336,0.638,23,0.1,0.0,0.2,0,2.333,56.7,0,1.0,0,0,0,1.607,0.0,224.03,224.03,2,3,0,0,0.89,0.33,0.21,0.1,0.0,0.2469,444.39,23,23,1
0.0,0.0,0,1.417,271.6,0.0,117,0.584,27,0.0,0.0,0.2,0,0.0,10.0,0,0.0,0,0,0,0.0,0.0,384.98,384.98,0,1,0,0,0.77,0.0,0.18,0.0,0.0,0.4725,0.0,27,27,0
0.0,0.25,0,0.584,298.67,282.28,273,0.349,12,0.25,0.0,0.07,0,-2.5,0.0,0,1.0,0,0,0,0.0,0.0,174.37,174.37,0,1,0,0,0.44,0.0,0.1,0.25,0.0,0.3822,282.28,12,12,1
0.333,0.5,0,1.003,335.87,335.01,175,0.51,29,0.5,0.0,0.07,0,-1.667,0.0,0,1.0,0,0,0,4.752,0.0,336.73,336.73,0,1,0,0,0.34,0.33,0.08,0.5,0.0,1.0,335.01,29,29,1
0.0,0.1818,0,1.799,258.24,250.74,547,0.522,30,0.1818,0.0,0.03,0,-1.818,0.0,0,0.5,0,0,0,0.0,0.0,464.52,464.52,0,1,0,0,0.6,0.0,0.14,0.1818,0.0,0.3401,250.74,30,30,1
0.0,0.0,0,0.917,261.76,0.0,30,9.574,20,0.0,0.0,0.12,0,0.0,10.0,0,0.0,1,0,0,1.133,0.0,240.08,240.08,5,10,0,0,10.0,0.0,2.31,0.0,0.0,0.0917,0.0,20,20,1
0.0,0.0,0,1.0,143.94,0.0,30,0.353,9,0.0,0.0,0.07,0,0.0,10.0,0,0.0,0,0,0,0.0,0.0,143.94,143.94,0,1,0,0,1.0,0.0,0.23,0.0,0.0,1.0,0.0,9,9,0
0.0,0.0,0,0.869,237.53,0.0,169,0.452,1,0.0,0.0,0.1,0,0.0,10.0,0,0.0,1,0,0,0.0,0.0,206.32,206.32,1,1,0,0,0.53,0.0,0.12,0.0,0.0,0.2895,0.0,1,1,1
0.333,0.3846,0,0.251,225.34,242.54,471,0.807,9,0.3846,0.5,0.12,0,-0.513,0.0,0,0.8,0,0,0,2.745,0.0,56.45,56.45,0,2,0,0,0.83,0.33,0.19,0.3846,0.0,0.4332,242.54,9,9,1
0.0,0.0,0,1.208,253.97,0.0,557,0.622,29,0.0,0.0,0.1,0,0.0,10.0,0,0.0,0,0,0,0.0,0.0,306.7,306.7,0,2,0,0,0.81,0.0,0.19,0.0,0.0,0.0805,0.0,29,29,0
0.0,0.0,0,0.824,286.12,0.0,20,22.5,16,0.0,0.0,0.08,0,0.0,10.0,0,0.0,0,0,1,1.0,0.0,235.67,235.67,4,15,0,0,22.5,0.0,5.2,0.0,0.0,0.0549,0.0,16,16,0
0.0,0.0,0,0.146,174.47,0.0,296,0.729,25,0.0,0.0,0.07,0,0.0,10.0,0,0.0,0,0,0,0.0,0.0,25.48,25.48,1,2,0,0,0.91,0.0,0.21,0.0,0.0,0.0162,0.0,25,25,0
0.333,0.5,1,0.341,208.02,345.1,96,0.478,24,0.5,0.0,0.03,1,-1.667,0.0,0,1.0,0,0,0,2.174,345.1,70.95,70.95,0,1,1,1,0.62,0.33,0.14,0.5,1.0,1.0,345.1,24,24,1
0.333,0.4167,1,0.414,292.4,337.56,340,1.018,17,0.4167,0.3333,0.12,0,-0.833,0.0,0,0.8,0,0,0,0.981,330.22,121.15,121.15,1,5,0,1,1.06,0.33,0.24,0.4167,0.2,0.5156,337.56,17,17,1
0.0,0.0,0,1.18,317.57,0.0,154,1.078,17,0.0,0.0,0.12,0,0.0,10.0,0,0.0,0,0,0,2.044,0.0,374.6,374.6,0,1,0,0,1.17,0.0,0.27,0.0,0.0,0.1966,0.0,17,17,0
0.0,0.0,0,0.146,203.25,0.0,736,0.239,19,0.0,0.0,0.08,0,0.0,10.0,0,0.0,0,0,0,0.0,0.0,29.66,29.66,0,1,0,0,0.29,0.0,0.07,0.0,0.0,0.0208,0.0,19,19,0
0.0,0.5,0,0.553,246.41,356.66,213,0.282,16,0.5,0.0,0.08,0,-5.0,0.0,0,1.0,0,0,0,3.972,0.0,136.15,136.15,0,1,0,0,0.28,0.0,0.07,0.5,0.0,1.0,356.66,16,16,0
0.0,0.0,0,1.111,283.55,0.0,497,0.269,22,0.0,0.0,0.1,0,0.0,10.0,0,0.0,0,0,0,10.027,0.0,315.1,315.1,0,1,0,0,0.12,0.0,0.03,0.0,0.0,0.5556,0.0,22,22,0
0.667,0.5,2,0.615,259.48,266.23,215,1.197,17,0.5,0.0,0.07,0,1.667,43.3,0,0.6,0,0,0,0.824,304.82,159.51,159.51,1,4,0,2,1.4,0.67,0.32,0.5,0.5,0.5745,266.23,17,17,1
0.333,0.0833,0,1.983,216.1,248.27,72,5.385,24,0.0833,0.0,0.08,1,2.5,60.0,0,1.0,0,0,0,2.133,0.0,428.57,428.57,0,7,0,0,5.0,0.33,1.15,0.0833,0.0,0.261,248.27,24,24,1
0.333,0.2,1,1.353,292.17,210.91,15,6.667,13,0.2,0.0,0.05,0,1.333,36.7,0,1.0,0,0,1,0.333,210.91,395.25,395.25,2,5,0,1,10.0,0.33,2.31,0.2,0.2,0.4149,210.91,13,13,0
0.0,0.0,0,0.243,245.06,0.0,17,5.745,17,0.0,0.0,0.07,0,0.0,10.0,0,0.0,0,0,1,0.162,0.0,59.62,59.62,3,7,0,0,12.35,0.0,2.85,0.0,0.0,0.0348,0.0,17,17,0
0.333,0.5,0,1.464,327.34,235.5,199,0.54,8,0.5,0.5,0.2,0,-1.667,0.0,0,0.333,0,0,0,0.0,0.0,479.32,479.32,0,1,0,0,0.9,0.33,0.21,0.5,0.0,0.6038,235.5,8,8,1
0.0,0.5,0,0.258,240.48,274.04,352,0.725,12,0.5,0.6667,0.2,0,-5.0,0.0,0,0.5,0,0,0,1.407,0.0,61.98,61.98,0,1,0,0,0.68,0.0,0.16,0.5,0.0,0.602,274.04,12,12,1
0.0,0.0,0,1.0,435.43,0.0,83,0.264,10,0.0,0.0,0.08,0,0.0,10.0,0,0.0,0,0,0,0.0,0.0,435.43,435.43,0,1,0,0,0.36,0.0,0.08,0.0,0.0,1.0,0.0,10,10,0
0.0,0.0,0,1.0,66.98,0.0,60,1.129,20,0.0,0.0,0.12,0,0.0,10.0,0,0.0,0,0,0,0.867,0.0,66.98,66.98,0,1,0,0,0.5,0.0,0.12,0.0,0.0,1.0,0.0,20,20,1
0.333,0.3636,1,1.342,295.92,303.96,763,0.365,16,0.3636,0.0,0.05,0,-0.303,3.9,0,0.75,0,0,0,0.0,250.64,397.05,397.05,0,2,0,1,0.43,0.33,0.1,0.3636,0.5,0.4955,303.96,16,16,1
0.667,0.2857,2,0.907,288.48,238.8,43,4.2,19,0.2857,0.3333,0.05,0,3.81,86.2,0,0.5,0,0,0,0.636,477.61,261.72,261.72,1,5,1,2,4.88,0.67,1.13,0.2857,0.4,0.3661,238.8,19,19,1
0.333,0.0769,1,0.673,312.48,467.38,25,8.077,10,0.0769,0.0,0.2,1,2.564,61.3,0,1.0,0,0,1,0.2,467.38,210.28,210.28,4,13,1,1,15.6,0.33,3.6,0.0769,0.0769,0.1668,467.38,10,10,1
0.0,0.0,0,1.095,264.34,0.0,32,0.527,8,0.0,0.0,0.12,0,0.0,10.0,0,0.0,0,0,0,0.0,0.0,289.55,289.55,0,1,0,0,1.88,0.0,0.43,0.0,0.0,0.5477,0.0,8,8,0
0.0,0.0,0,0.649,157.28,0.0,326,0.247,2,0.0,0.0,0.2,0,0.0,10.0,0,0.0,0,0,0,0.0,0.0,102.04,102.04,1,1,0,0,0.28,0.0,0.06,0.0,0.0,0.2163,0.0,2,2,1
0.333,0.5,1,1.677,121.56,116.53,529,0.505,21,0.5,0.25,0.05,0,-1.667,0.0,0,0.2,0,0,0,0.0,120.74,203.89,203.89,0,3,0,1,0.57,0.33,0.13,0.5,0.3333,0.647,116.53,21,21,1
0.0,0.0,0,1.0,327.87,0.0,137,0.172,21,0.0,0.0,0.12,0,0.0,10.0,0,0.0,0,0,0,0.0,0.0,327.87,327.87,0,1,0,0,0.22,0.0,0.05,0.0,0.0,1.0,0.0,21,21,1
0.0,0.0,0,1.669,237.68,0.0,32,2.885,3,0.0,0.0,0.12,0,0.0,10.0,0,0.0,0,0,0,2.467,0.0,396.76,396.76,2,2,0,0,1.88,0.0,0.43,0.0,0.0,0.8346,0.0,3,3,0
0.0,0.0,0,0.649,176.36,0.0,39,0.19,9,0.0,0.0,0.03,0,0.0,10.0,0,0.0,0,0,0,0.0,0.0,114.5,114.5,0,2,0,0,1.54,0.0,0.36,0.0,0.0,0.3246,0.0,9,9,1
1.0,0.7273,1,1.074,286.85,317.64,348,0.948,16,0.7273,0.5,0.07,1,2.727,64.5,0,0.75,0,0,0,1.06,335.94,307.94,307.94,0,1,0,1,0.95,1.0,0.22,0.7273,1.0,0.903,317.64,16,16,1
0.0,0.0,0,1.46,328.03,0.0,84,1.16,26,0.0,0.0,0.03,0,0.0,10.0,0,0.0,0,0,0,0.839,0.0,479.0,479.0,1,5,0,0,1.79,0.0,0.41,0.0,0.0,0.292,0.0,26,26,0
0.0,0.0,0,1.128,432.88,0.0,228,0.157,16,0.0,0.0,0.07,0,0.0,10.0,0,0.0,0,0,0,0.0,0.0,488.44,488.44,0,1,0,0,0.26,0.0,0.06,0.0,0.0,0.5642,0.0,16,16,0
0.0,0.6667,0,1.503,147.33,110.25,155,0.796,14,0.6667,0.0,0.1,0,-6.667,0.0,0,0.0,0,0,0,1.307,0.0,221.5,221.5,0,1,0,0,0.58,0.0,0.13,0.6667,0.0,1.0,110.25,14,14,1
0.0,0.0,0,1.091,191.02,0.0,196,0.346,22,0.0,0.0,0.03,0,0.0,10.0,0,0.0,0,0,0,0.0,0.0,208.49,208.49,0,1,0,0,0.31,0.0,0.07,0.0,0.0,0.5457,0.0,22,22,1
0.0,0.0833,0,1.23,236.69,67.42,155,2.5,16,0.0833,0.0,0.1,0,-0.833,0.0,0,0.0,0,0,0,1.25,0.0,291.21,291.21,0,2,0,0,2.32,0.0,0.54,0.0833,0.0,0.1263,67.42,16,16,0
0.0,0.0,0,0.535,220.38,0.0,251,0.219,28,0.0,0.0,0.2,0,0.0,10.0,0,0.0,0,0,0,0.0,0.0,117.87,117.87,0,2,0,0,0.48,0.0,0.11,0.0,0.0,0.1337,0.0,28,28,0
0.333,0.0714,0,0.385,291.24,216.57,53,7.925,2,0.0714,0.0,0.1,0,2.619,62.4,0,1.0,0,0,0,0.426,0.0,112.03,112.03,2,5,0,0,7.92,0.33,1.83,0.0714,0.0,0.0806,216.57,2,2,0
1.333,0.8,1,0.786,222.6,203.97,301,0.997,9,0.8,0.0,0.2,1,5.333,100.0,0,0.5,0,0,0,2.258,314.28,174.95,174.95,0,2,1,1,1.0,1.33,0.23,0.8,0.5,0.8116,203.97,9,9,1
0.333,0.5556,1,0.352,358.57,387.36,183,1.158,24,0.5556,0.0,0.2,0,-2.222,0.0,0,1.0,0,0,0,0.85,487.25,126.3,126.3,0,2,0,1,1.48,0.33,0.34,0.5556,0.5,0.6393,387.36,24,24,1
0.333,0.2,0,1.031,264.64,45.6,104,1.125,7,0.2,0.0,0.2,0,1.333,36.7,0,0.0,0,0,0,0.875,0.0,272.74,272.74,1,1,0,0,1.44,0.33,0.33,0.2,0.0,0.2406,45.6,7,7,0
0.0,0.6667,0,0.355,286.95,379.46,467,0.246,11,0.6667,0.0,0.08,1,-6.667,0.0,0,1.0,0,0,0,0.0,0.0,101.95,101.95,0,1,0,0,0.19,0.0,0.04,0.6667,0.0,1.0,379.46,11,11,1
0.0,0.0,0,1.0,262.33,0.0,28,0.721,10,0.0,0.0,0.2,0,0.0,10.0,0,0.0,0,0,1,1.414,0.0,262.33,262.33,0,1,0,0,1.07,0.0,0.25,0.0,0.0,1.0,0.0,10,10,0
0.333,0.3333,1,0.965,284.94,236.48,11,7.059,2,0.3333,0.5,0.08,0,0.0,10.0,0,1.0,1,0,1,1.0,236.48,274.98,274.98,2,3,1,1,8.18,0.33,1.89,0.3333,0.3333,0.5983,236.48,2,2,1
0.0,0.0833,0,0.248,221.85,399.61,393,0.816,23,0.0833,0.0,0.2,0,-0.833,0.0,0,1.0,0,0,0,0.0,0.0,54.96,54.96,0,1,0,0,0.92,0.0,0.21,0.0833,0.0,0.1708,399.61,23,23,0
0.333,0.4,1,1.56,291.87,254.02,347,0.84,29,0.4,0.0,0.03,0,-0.667,0.0,0,0.75,0,0,0,0.0,156.6,455.21,455.21,0,2,0,1,0.86,0.33,0.2,0.4,0.5,0.5041,254.02,29,29,1
0.0,0.0667,0,1.694,255.41,177.39,194,2.217,28,0.0667,0.0,0.1,0,-0.667,0.0,0,0.0,0,0,0,0.412,0.0,432.78,432.78,1,5,0,0,2.32,0.0,0.54,0.0667,0.0,0.1593,177.39,28,28,0
0.667,0.4,0,0.314,177.75,125.94,373,0.593,22,0.4,0.5,0.2,1,2.667,63.3,0,0.25,0,0,0,1.738,0.0,55.79,55.79,0,1,0,0,0.8,0.67,0.19,0.4,0.0,0.3148,125.94,22,22,1
0.0,0.0,0,1.0,364.93,0.0,11,1.694,6,0.0,0.0,0.05,1,0.0,10.0,0,0.0,0,0,1,0.522,0.0,364.93,364.93,1,1,0,0,2.73,0.0,0.63,0.0,0.0,1.0,0.0,6,6,1
0.0,0.0,0,0.813,265.62,0.0,326,0.486,3,0.0,0.0,0.2,0,0.0,10.0,0,0.0,0,0,0,2.144,0.0,215.95,215.95,1,1,0,0,0.64,0.0,0.15,0.0,0.0,0.1161,0.0,3,3,0
0.333,0.3333,1,1.999,165.9,93.74,98,0.484,29,0.3333,0.0,0.1,0,0.0,10.0,0,0.0,0,0,0,0.0,93.74,331.7,331.7,0,1,0,1,0.92,0.33,0.21,0.3333,1.0,0.8548,93.74,29,29,1
0.667,0.4286,0,0.632,271.73,226.92,163,1.304,27,0.4286,0.0,0.1,1,2.381,57.6,0,0.667,0,0,0,0.733,0.0,171.8,171.8,0,2,0,0,1.29,0.67,0.3,0.4286,0.0,0.4482,226.92,27,27,1
0.0,0.3636,0,0.428,216.2,298.33,570,0.501,14,0.3636,0.0,0.03,0,-3.636,0.0,0,0.5,0,0,0,0.0,0.0,92.45,92.45,0,2,0,0,0.58,0.0,0.13,0.3636,0.0,0.5406,298.33,14,14,1
0.0,0.0,0,1.0,484.54,0.0,73,0.43,3,0.0,0.0,0.08,0,0.0,10.0,0,0.0,0,0,0,0.0,0.0,484.54,484.54,1,1,0,0,0.41,0.0,0.09,0.0,0.0,1.0,0.0,3,3,1
0.667,0.6667,0,0.831,318.2,305.27,407,0.56,21,0.6667,0.5,0.07,1,0.0,10.0,0,0.667,0,0,0,0.0,0.0,264.55,264.55,0,1,0,0,0.66,0.67,0.15,0.6667,0.0,0.732,305.27,21,21,1
0.0,0.0,0,2.586,168.7,0.0,63,0.358,3,0.0,0.0,0.1,0,0.0,10.0,0,0.0,0,0,0,0.0,0.0,436.25,436.25,1,2,0,0,1.9,0.0,0.44,0.0,0.0,0.6465,0.0,3,3,0
0.0,0.0,0,1.1,422.14,0.0,377,0.265,24,0.0,0.0,0.07,0,0.0,10.0,0,0.0,0,0,0,0.0,0.0,464.18,464.18,0,1,0,0,0.24,0.0,0.06,0.0,0.0,0.3665,0.0,24,24,0
0.0,0.0,0,0.76,242.08,0.0,439,0.104,7,0.0,0.0,0.05,0,0.0,10.0,0,0.0,0,0,0,0.0,0.0,183.91,183.91,1,1,0,0,0.21,0.0,0.05,0.0,0.0,0.2532,0.0,7,7,1
0.333,0.3333,0,1.134,259.8,429.46,164,0.348,15,0.3333,0.0,0.12,0,0.0,10.0,0,1.0,0,0,0,3.06,0.0,294.6,294.6,0,1,0,0,0.55,0.33,0.13,0.3333,0.0,0.929,429.46,15,15,1
0.0,0.0,0,0.719,287.48,0.0,158,0.364,19,0.0,0.0,0.2,0,0.0,10.0,0,0.0,1,0,0,0.0,0.0,206.66,206.66,1,3,0,0,0.57,0.0,0.13,0.0,0.0,0.2396,0.0,19,19,1
0.333,0.5,0,1.119,196.22,78.97,278,0.827,2,0.5,0.0,0.2,0,-1.667,0.0,0,0.0,1,0,0,2.656,0.0,219.5,219.5,1,1,0,0,0.86,0.33,0.2,0.5,0.0,0.3411,78.97,2,2,1
0.0,0.0,0,2.22,191.69,0.0,401,0.247,25,0.0,0.0,0.1,0,0.0,10.0,0,0.0,0,0,0,0.0,0.0,425.57,425.57,0,1,0,0,0.52,0.0,0.12,0.0,0.0,0.3172,0.0,25,25,0
0.333,0.1333,0,0.53,334.08,347.92,136,3.309,15,0.1333,0.0,0.05,0,2.0,50.0,0,1.0,0,0,0,2.356,0.0,177.16,177.16,1,6,0,0,3.31,0.33,0.76,0.1333,0.0,0.1742,347.92,15,15,0
0.0,0.3333,0,1.659,152.82,88.5,298,0.447,8,0.3333,0.0,0.2,0,-3.333,0.0,0,0.0,1,0,0,0.0,0.0,253.51,253.51,0,1,0,0,0.3,0.0,0.07,0.3333,0.0,0.746,88.5,8,8,1
0.333,0.5556,0,1.606,293.86,241.68,427,0.457,23,0.5556,0.3333,0.05,0,-2.222,0.0,0,0.6,0,0,0,0.0,0.0,471.96,471.96,0,3,0,0,0.63,0.33,0.15,0.5556,0.0,0.6354,241.68,23,23,1
0.667,0.1333,0,1.241,302.5,261.29,735,0.516,21,0.1333,0.0,0.12,0,5.333,100.0,0,0.5,0,0,0,0.0,0.0,375.47,375.47,0,3,0,0,0.61,0.67,0.14,0.1333,0.0,0.1979,261.29,21,21,0
0.0,0.0,0,1.513,278.06,0.0,14,8.125,4,0.0,0.0,0.2,0,0.0,10.0,0,0.0,0,0,1,0.375,0.0,420.81,420.81,4,8,0,0,17.14,0.0,3.96,0.0,0.0,0.1892,0.0,4,4,1
0.0,0.4,0,2.185,221.38,208.34,587,0.532,24,0.4,0.5,0.07,0,-4.0,0.0,0,0.5,0,0,0,1.961,0.0,483.67,483.67,0,1,0,0,0.51,0.0,0.12,0.4,0.0,0.5949,208.34,24,24,1
0.0,0.0,0,1.643,236.41,0.0,69,1.288,21,0.0,0.0,0.08,1,0.0,10.0,0,0.0,0,0,0,0.0,0.0,388.34,388.34,1,2,0,0,0.87,0.0,0.2,0.0,0.0,0.8213,0.0,21,21,1
0.333,0.6667,0,0.15,299.77,359.09,262,0.636,19,0.6667,0.0,0.05,0,-3.333,0.0,0,1.0,0,0,0,0.0,0.0,44.9,44.9,0,1,0,0,0.69,0.33,0.16,0.6667,0.0,0.8235,359.09,19,19,1
0.0,0.2,0,1.045,264.55,261.62,236,0.898,10,0.2,0.0,0.1,0,-2.0,0.0,0,1.0,0,0,0,0.0,0.0,276.5,276.5,0,3,0,0,0.64,0.0,0.15,0.2,0.0,0.4068,261.62,10,10,0
0.333,0.6667,0,0.27,241.16,260.27,693,0.226,13,0.6667,0.6667,0.2,0,-3.333,0.0,0,0.5,0,0,0,0.0,0.0,65.09,65.09,0,1,0,0,0.26,0.33,0.06,0.6667,0.0,0.7645,260.27,13,13,1
1.0,0.625,1,1.256,271.04,236.23,256,0.664,18,0.625,0.0,0.12,0,3.75,85.0,0,0.6,0,0,0,3.323,354.03,340.5,340.5,0,3,1,1,0.94,1.0,0.22,0.625,0.3333,0.7018,236.23,18,18,1
0.333,0.6,0,0.38,287.87,278.61,369,0.553,13,0.6,0.0,0.08,0,-2.667,0.0,0,0.667,0,0,0,0.0,0.0,109.31,109.31,0,1,0,0,0.41,0.33,0.09,0.6,0.0,0.6566,278.61,13,13,1
0.0,0.3333,0,1.56,234.74,213.71,353,0.35,22,0.3333,0.3333,0.08,1,-3.333,0.0,0,0.5,0,0,0,0.0,0.0,366.18,366.18,0,3,0,0,0.51,0.0,0.12,0.3333,0.0,0.5635,213.71,22,22,1
0.0,0.0,0,1.0,86.56,0.0,166,0.222,24,0.0,0.0,0.1,0,0.0,10.0,0,0.0,0,0,0,6.25,0.0,86.56,86.56,0,1,0,0,0.18,0.0,0.04,0.0,0.0,1.0,0.0,24,24,1
0.0,0.0,0,1.0,165.63,0.0,11,2.195,6,0.0,0.0,0.2,0,0.0,10.0,0,0.0,0,0,1,0.406,0.0,165.63,165.63,1,1,0,0,2.73,0.0,0.63,0.0,0.0,1.0,0.0,6,6,0
0.667,0.3333,0,0.888,365.7,299.64,337,0.292,21,0.3333,0.3333,0.07,0,3.333,76.7,0,1.0,0,0,0,0.0,0.0,324.71,324.71,0,1,0,0,0.53,0.67,0.12,0.3333,0.0,0.4211,299.64,21,21,1
0.333,0.0714,1,1.843,236.03,325.93,76,5.526,2,0.0714,0.3333,0.2,0,2.619,62.4,0,1.0,0,0,0,0.613,325.93,435.0,435.0,3,4,0,1,5.53,0.33,1.28,0.0714,0.25,0.2303,325.93,2,2,0
0.667,0.2857,1,1.88,227.02,269.26,246,0.587,9,0.2857,0.3333,0.1,0,3.81,86.2,0,0.5,0,0,0,0.0,143.0,426.77,426.77,1,3,1,1,0.85,0.67,0.2,0.2857,0.3333,0.6074,269.26,9,9,1
0.0,0.0,0,0.931,149.84,0.0,362,0.394,29,0.0,0.0,0.07,0,0.0,10.0,0,0.0,0,0,0,0.0,0.0,139.53,139.53,0,1,0,0,0.17,0.0,0.04,0.0,0.0,0.4656,0.0,29,29,1
0.0,0.2,0,1.503,267.4,66.38,249,0.542,12,0.2,0.3333,0.2,0,-2.0,0.0,0,0.0,0,0,0,0.0,0.0,401.87,401.87,0,1,0,0,0.6,0.0,0.14,0.2,0.0,0.3502,66.38,12,12,0
0.0,0.0,0,1.418,258.66,0.0,195,0.323,6,0.0,0.0,0.1,0,0.0,10.0,0,0.0,0,0,0,0.0,0.0,366.67,366.67,1,2,0,0,0.46,0.0,0.11,0.0,0.0,0.4725,0.0,6,6,0
0.0,0.3,0,1.195,251.97,225.92,243,1.082,18,0.3,0.0,0.08,0,-3.0,0.0,0,0.333,0,0,0,0.918,0.0,301.03,301.03,0,3,0,0,1.23,0.0,0.29,0.3,0.0,0.3885,225.92,18,18,1
0.333,0.4,1,1.239,183.11,157.72,139,0.829,5,0.4,0.0,0.08,0,-0.667,0.0,0,0.5,0,0,0,1.247,229.9,226.9,226.9,1,1,0,1,1.08,0.33,0.25,0.4,1.0,0.5924,157.72,5,5,1
0.333,0.25,0,1.349,303.34,140.86,180,1.333,8,0.25,0.0,0.12,1,0.833,26.7,0,0.0,0,0,0,1.667,0.0,409.34,409.34,0,2,0,0,1.33,0.33,0.31,0.25,0.0,0.2848,140.86,8,8,1
0.0,0.0,0,0.52,280.37,0.0,287,1.51,30,0.0,0.0,0.1,0,0.0,10.0,0,0.0,0,0,0,0.638,0.0,145.88,145.88,0,1,0,0,1.46,0.0,0.34,0.0,0.0,0.0372,0.0,30,30,0
0.0,0.0,0,1.0,261.84,0.0,121,0.603,16,0.0,0.0,0.08,0,0.0,10.0,0,0.0,0,0,0,0.0,0.0,261.84,261.84,0,1,0,0,0.25,0.0,0.06,0.0,0.0,1.0,0.0,16,16,1
0.0,0.0,0,0.432,184.12,0.0,316,1.058,4,0.0,0.0,0.2,0,0.0,10.0,0,0.0,0,0,0,0.941,0.0,79.57,79.57,2,2,0,0,1.04,0.0,0.24,0.0,0.0,0.0393,0.0,4,4,0
0.667,0.5,1,1.456,288.26,220.35,176,1.024,27,0.5,0.0,0.1,0,1.667,43.3,0,0.75,0,0,0,0.975,201.47,419.77,419.77,0,1,0,1,1.36,0.67,0.31,0.5,1.0,0.5642,220.35,27,27,1
0.0,0.0,0,0.646,262.01,0.0,56,0.772,8,0.0,0.0,0.1,0,0.0,10.0,0,0.0,0,0,0,0.0,0.0,169.23,169.23,0,3,0,0,1.61,0.0,0.37,0.0,0.0,0.2153,0.0,8,8,0
0.0,0.0,0,0.493,187.1,0.0,71,1.884,11,0.0,0.0,0.12,0,0.0,10.0,0,0.0,0,0,0,1.77,0.0,92.3,92.3,0,4,0,0,2.54,0.0,0.59,0.0,0.0,0.0822,0.0,11,11,0
0.0,0.1818,0,1.809,257.44,240.62,386,0.767,26,0.1818,0.25,0.12,0,-1.818,0.0,0,0.5,0,0,0,0.0,0.0,465.82,465.82,0,1,0,0,0.85,0.0,0.2,0.1818,0.0,0.3344,240.62,26,26,0
0.0,0.2222,0,0.867,320.67,378.17,597,0.454,20,0.2222,0.0,0.05,0,-2.222,0.0,0,1.0,0,0,0,5.024,0.0,278.05,278.05,0,1,0,0,0.45,0.0,0.1,0.2222,0.0,0.3584,378.17,20,20,1
0.333,0.2,0,1.534,195.85,86.1,360,0.431,27,0.2,0.0,0.05,0,1.333,36.7,0,0.0,0,0,0,0.0,0.0,300.36,300.36,0,2,0,0,0.42,0.33,0.1,0.2,0.0,0.3947,86.1,27,27,1
0.0,0.0,0,0.555,289.82,0.0,130,0.426,26,0.0,0.0,0.2,0,0.0,10.0,0,0.0,0,0,0,5.311,0.0,160.82,160.82,0,3,0,0,0.69,0.0,0.16,0.0,0.0,0.185,0.0,26,26,0
0.0,0.1429,0,0.114,354.55,455.26,674,0.312,30,0.1429,0.0,0.05,0,-1.429,0.0,0,1.0,0,0,0,0.0,0.0,40.45,40.45,0,1,0,0,0.31,0.0,0.07,0.1429,0.0,0.1997,455.26,30,30,0
0.0,0.0,0,1.103,212.38,0.0,286,0.425,29,0.0,0.0,0.1,0,0.0,10.0,0,0.0,0,0,0,0.0,0.0,234.3,234.3,1,2,0,0,0.42,0.0,0.1,0.0,0.0,0.2758,0.0,29,29,0
0.333,0.0909,1,1.061,286.17,229.48,210,1.571,10,0.0909,0.0,0.12,0,2.424,58.5,0,1.0,0,0,0,3.429,229.48,303.76,303.76,1,4,1,1,1.57,0.33,0.36,0.0909,0.25,0.1694,229.48,10,10,0
0.667,0.3,1,1.573,192.71,200.63,153,1.818,3,0.3,0.0,0.07,0,3.667,83.3,0,0.667,0,0,0,1.125,306.71,303.09,303.09,1,3,0,1,1.96,0.67,0.45,0.3,0.3333,0.4696,200.63,3,3,1
0.333,0.5,0,1.16,285.5,239.89,214,0.2,5,0.5,0.0,0.07,0,-1.667,0.0,0,1.0,0,0,0,0.0,0.0,331.1,331.1,1,1,0,0,0.28,0.33,0.06,0.5,0.0,1.0,239.89,5,5,1
0.0,0.0,0,1.456,306.0,0.0,492,0.396,15,0.0,0.0,0.05,0,0.0,10.0,0,0.0,0,0,0,2.656,0.0,445.53,445.53,1,2,0,0,0.49,0.0,0.11,0.0,0.0,0.182,0.0,15,15,0
0.0,0.4,0,1.702,280.35,226.78,341,0.721,5,0.4,0.3333,0.1,0,-4.0,0.0,0,0.5,0,0,0,1.414,0.0,477.08,477.08,1,2,0,0,0.88,0.0,0.2,0.4,0.0,0.4937,226.78,5,5,0
0.0,0.5556,0,0.458,290.63,290.12,709,0.464,14,0.5556,0.0,0.2,0,-5.556,0.0,0,0.8,0,0,0,0.0,0.0,133.21,133.21,0,1,0,0,0.38,0.0,0.09,0.5556,0.0,0.6055,290.12,14,14,1
0.0,0.0,0,1.0,148.78,0.0,21,0.667,14,0.0,0.0,0.05,0,0.0,10.0,0,0.0,0,0,1,0.0,0.0,148.78,148.78,0,1,0,0,1.43,0.0,0.33,0.0,0.0,1.0,0.0,14,14,0
0.333,0.25,1,1.65,249.76,328.48,74,0.925,6,0.25,0.0,0.07,0,0.833,26.7,0,1.0,0,0,0,2.495,328.48,412.21,412.21,2,3,0,1,1.62,0.33,0.37,0.25,0.3333,0.7414,328.48,6,6,1
0.0,0.3333,0,0.455,231.78,268.81,292,0.925,2,0.3333,0.0,0.08,0,-3.333,0.0,0,0.667,0,0,0,2.495,0.0,105.49,105.49,1,2,0,0,0.92,0.0,0.21,0.3333,0.0,0.4372,268.81,2,2,1
0.333,0.5,1,0.185,253.61,395.51,204,0.676,15,0.5,0.0,0.2,1,-1.667,0.0,0,1.0,1,0,0,5.725,453.12,46.99,46.99,0,1,0,1,0.88,0.33,0.2,0.5,1.0,0.8106,395.51,15,15,1
0.0,0.0,0,0.62,210.43,0.0,39,1.111,4,0.0,0.0,0.12,0,0.0,10.0,0,0.0,0,0,0,0.889,0.0,130.48,130.48,2,3,0,0,2.31,0.0,0.53,0.0,0.0,0.2067,0.0,4,4,0
0.333,0.2,0,0.923,215.13,119.83,515,0.286,5,0.2,0.0,0.1,0,1.333,36.7,0,0.0,0,0,0,3.808,0.0,198.63,198.63,1,3,0,0,0.29,0.33,0.07,0.2,0.0,0.2961,119.83,5,5,0
0.0,0.5,0,0.678,344.78,455.72,510,0.218,2,0.5,0.0,0.1,0,-5.0,0.0,0,1.0,0,0,0,0.0,0.0,233.85,233.85,1,1,0,0,0.12,0.0,0.03,0.5,0.0,1.0,455.72,2,2,1
0.0,0.0,0,0.552,202.26,0.0,68,2.017,21,0.0,0.0,0.2,0,0.0,10.0,0,0.0,0,0,0,1.78,0.0,111.69,111.69,0,2,0,0,1.76,0.0,0.41,0.0,0.0,0.1381,0.0,21,21,0
0.333,0.2,1,0.849,136.36,38.59,329,0.463,24,0.2,0.0,0.2,1,1.333,36.7,0,0.0,0,0,0,0.0,38.59,115.79,115.79,0,1,0,1,0.46,0.33,0.11,0.2,1.0,0.2264,38.59,24,24,1
0.667,0.1818,0,0.93,229.11,326.12,102,3.488,13,0.1818,0.5,0.1,0,4.848,100.0,0,1.0,0,0,0,1.2,0.0,213.18,213.18,1,4,0,0,3.24,0.67,0.75,0.1818,0.0,0.3434,326.12,13,13,1
0.0,0.0,0,1.0,179.93,0.0,22,0.943,5,0.0,0.0,0.08,0,0.0,10.0,0,0.0,0,0,1,0.0,0.0,179.93,179.93,1,1,0,0,1.36,0.0,0.31,0.0,0.0,1.0,0.0,5,5,1
0.0,0.4,0,1.11,260.05,334.85,173,0.435,22,0.4,0.0,0.1,0,-4.0,0.0,0,0.5,0,0,0,2.486,0.0,288.77,288.77,0,2,0,0,0.87,0.0,0.2,0.4,0.0,0.7372,334.85,22,22,1
0.0,0.1,0,0.817,222.04,435.35,712,0.493,12,0.1,0.0,0.12,0,-1.0,0.0,0,1.0,0,0,0,2.1,0.0,181.48,181.48,0,1,0,0,0.42,0.0,0.1,0.1,0.0,0.2778,435.35,12,12,0
0.0,0.2,0,1.34,340.23,422.93,239,0.624,21,0.2,0.5,0.03,0,-2.0,0.0,0,1.0,0,0,0,0.0,0.0,455.99,455.99,0,2,0,0,0.63,0.0,0.14,0.2,0.0,0.5167,422.93,21,21,1
0.0,0.0,0,0.988,273.64,0.0,865,0.431,18,0.0,0.0,0.12,0,0.0,10.0,0,0.0,0,0,0,2.423,0.0,270.25,270.25,0,3,0,0,0.45,0.0,0.1,0.0,0.0,0.076,0.0,18,18,0
0.333,0.5,0,1.593,295.78,257.52,270,0.544,28,0.5,0.5,0.07,1,-1.667,0.0,0,0.5,0,0,0,1.923,0.0,471.27,471.27,0,1,0,0,0.44,0.33,0.1,0.5,0.0,0.8337,257.52,28,28,1
0.0,0.0,0,1.0,101.86,0.0,49,0.636,28,0.0,0.0,0.05,0,0.0,10.0,0,0.0,0,0,0,0.0,0.0,101.86,101.86,0,1,0,0,0.61,0.0,0.14,0.0,0.0,1.0,0.0,28,28,1
0.0,0.0,0,1.538,296.91,0.0,186,0.785,4,0.0,0.0,0.05,0,0.0,10.0,0,0.0,1,0,0,0.0,0.0,456.59,456.59,2,2,0,0,0.97,0.0,0.22,0.0,0.0,0.2563,0.0,4,4,0
0.667,0.1818,2,0.696,298.72,398.54,34,9.706,5,0.1818,0.2,0.12,0,4.848,100.0,0,1.0,0,0,0,1.333,797.08,207.91,207.91,2,10,1,2,9.71,0.67,2.24,0.1818,0.2,0.3058,398.54,5,5,0
0.0,0.0,0,0.263,128.24,0.0,146,0.564,15,0.0,0.0,0.1,0,0.0,10.0,0,0.0,0,0,0,0.0,0.0,33.69,33.69,0,2,0,0,0.82,0.0,0.19,0.0,0.0,0.0657,0.0,15,15,0
0.0,0.4,0,1.613,284.21,209.85,532,0.337,2,0.4,0.0,0.03,0,-4.0,0.0,0,0.5,0,0,0,3.208,0.0,458.5,458.5,1,1,0,0,0.28,0.0,0.07,0.4,0.0,0.618,209.85,2,2,1
0.333,0.3333,0,2.406,176.07,75.32,532,0.169,1,0.3333,0.0,0.1,1,0.0,10.0,0,0.0,0,0,0,8.367,0.0,423.68,423.68,1,1,0,0,0.17,0.33,0.04,0.3333,0.0,0.9447,75.32,1,1,1
1.0,0.5714,1,0.804,274.92,383.43,370,0.57,20,0.5714,0.0,0.2,1,4.286,95.7,0,1.0,1,0,0,1.83,455.76,221.14,221.14,1,2,0,1,0.57,1.0,0.13,0.5714,0.5,0.9119,383.43,20,20,1
0.333,0.3333,0,1.072,288.08,425.5,308,0.397,21,0.3333,0.0,0.07,0,0.0,10.0,0,1.0,0,0,0,0.0,0.0,308.82,308.82,0,1,0,0,0.29,0.33,0.07,0.3333,0.0,0.8497,425.5,21,21,0
0.333,0.5,1,1.798,205.46,41.44,19,0.824,5,0.5,0.0,0.2,1,-1.667,0.0,0,0.0,0,0,1,0.0,41.44,369.47,369.47,1,2,0,1,3.16,0.33,0.73,0.5,0.5,1.0,41.44,5,5,1
0.333,0.8,0,0.77,258.29,273.12,298,0.503,11,0.8,0.0,0.12,0,-4.667,0.0,0,0.5,0,0,0,2.233,0.0,198.98,198.98,0,1,0,0,0.5,0.33,0.12,0.8,0.0,1.0,273.12,11,11,1
0.333,0.5833,0,1.552,256.34,285.18,703,0.587,28,0.5833,0.3333,0.12,0,-2.5,0.0,0,0.714,0,0,0,6.236,0.0,397.73,397.73,1,2,0,0,0.51,0.33,0.12,0.5833,0.0,0.7783,285.18,28,28,1
0.0,0.0,0,1.0,408.52,0.0,17,0.612,16,0.0,0.0,0.08,0,0.0,10.0,0,0.0,0,0,1,3.644,0.0,408.52,408.52,0,1,0,0,1.76,0.0,0.41,0.0,0.0,1.0,0.0,16,16,0
0.333,0.3333,1,0.797,249.38,483.63,102,0.955,8,0.3333,0.0,0.2,0,0.0,10.0,0,1.0,0,0,0,3.856,483.63,198.81,198.81,0,1,0,1,0.88,0.33,0.2,0.3333,1.0,0.9122,483.63,8,8,1
0.667,0.625,0,0.231,287.55,302.94,393,0.478,1,0.625,0.5,0.1,0,0.417,18.3,0,0.6,0,0,0,0.0,0.0,66.39,66.39,1,1,0,0,0.61,0.67,0.14,0.625,0.0,0.6873,302.94,1,1,1
0.0,0.0,0,1.0,82.86,0.0,79,0.337,22,0.0,0.0,0.08,0,0.0,10.0,0,0.0,0,0,0,3.163,0.0,82.86,82.86,0,1,0,0,0.38,0.0,0.09,0.0,0.0,1.0,0.0,22,22,0
0.0,0.0,0,1.234,201.76,0.0,60,2.376,20,0.0,0.0,0.07,0,0.0,10.0,0,0.0,1,0,0,0.338,0.0,248.91,248.91,1,4,0,0,2.5,0.0,0.58,0.0,0.0,0.2467,0.0,20,20,1
0.0,0.25,0,0.67,415.08,379.41,403,0.508,27,0.25,0.3333,0.12,0,-2.5,0.0,0,1.0,0,0,0,0.0,0.0,277.91,277.91,0,1,0,0,0.6,0.0,0.14,0.25,0.0,0.3122,379.41,27,27,1
0.0,0.4,0,0.68,199.97,233.37,437,0.72,15,0.4,0.0,0.1,0,-4.0,0.0,0,0.667,1,0,0,0.0,0.0,136.06,136.06,0,1,0,0,1.03,0.0,0.24,0.4,0.0,0.5122,233.37,15,15,1
0.0,0.0,0,1.347,279.59,0.0,241,0.753,3,0.0,0.0,0.07,0,0.0,10.0,0,0.0,0,0,0,1.36,0.0,376.71,376.71,1,1,0,0,1.0,0.0,0.23,0.0,0.0,0.1684,0.0,3,3,0
0.667,0.5,1,1.304,207.86,157.01,250,1.03,22,0.5,0.25,0.03,0,1.667,43.3,0,0.2,0,0,0,0.0,180.35,271.04,271.04,0,4,1,1,1.2,0.67,0.28,0.5,0.25,0.5081,157.01,22,22,1
0.667,0.4286,1,0.194,204.06,204.74,116,2.211,13,0.4286,0.0,0.07,0,2.381,57.6,0,0.333,0,0,0,2.133,171.2,39.49,39.49,1,4,0,1,1.81,0.67,0.42,0.4286,0.25,0.4576,204.74,13,13,1
0.0,0.0,0,1.077,265.13,0.0,140,2.357,2,0.0,0.0,0.12,0,0.0,10.0,0,0.0,0,0,0,0.815,0.0,285.49,285.49,2,2,0,0,2.36,0.0,0.54,0.0,0.0,0.0979,0.0,2,2,0
0.667,0.5385,1,0.716,237.26,266.64,562,0.653,12,0.5385,0.0,0.03,0,1.282,35.6,0,0.571,1,0,0,0.0,139.31,169.93,169.93,0,1,0,1,0.69,0.67,0.16,0.5385,1.0,0.6603,266.64,12,12,1
0.0,0.0,0,1.0,76.6,0.0,145,0.475,12,0.0,0.0,0.2,0,0.0,10.0,0,0.0,0,0,0,2.226,0.0,76.6,76.6,0,1,0,0,0.21,0.0,0.05,0.0,0.0,1.0,0.0,12,12,0
0.0,0.0,0,0.32,366.83,0.0,68,0.684,1,0.0,0.0,0.08,0,0.0,10.0,0,0.0,1,0,0,1.529,0.0,117.5,117.5,1,1,0,0,1.32,0.0,0.31,0.0,0.0,0.1068,0.0,1,1,0
0.0,0.0,0,1.582,183.18,0.0,199,0.267,15,0.0,0.0,0.12,0,0.0,10.0,0,0.0,0,0,0,0.0,0.0,289.74,289.74,0,1,0,0,0.45,0.0,0.1,0.0,0.0,0.5273,0.0,15,15,0
0.0,0.0,0,1.425,274.36,0.0,90,0.454,2,0.0,0.0,0.12,0,0.0,10.0,0,0.0,0,0,0,2.406,0.0,390.89,390.89,2,2,0,0,0.67,0.0,0.15,0.0,0.0,0.7124,0.0,2,2,1
0.0,0.4286,0,0.849,320.15,331.19,454,0.274,18,0.4286,0.0,0.03,0,-4.286,0.0,0,1.0,0,0,0,0.0,0.0,271.87,271.87,1,2,0,0,0.46,0.0,0.11,0.4286,0.0,0.5647,331.19,18,18,1
1.333,0.2667,2,0.873,194.89,126.61,61,7.377,8,0.2667,0.0,0.03,0,10.667,100.0,0,0.5,0,0,0,2.067,263.05,170.13,170.13,3,10,1,2,7.38,1.33,1.7,0.2667,0.2,0.2314,126.61,8,8,1
0.0,0.0,0,1.341,254.07,0.0,57,0.605,17,0.0,0.0,0.2,0,0.0,10.0,0,0.0,0,0,0,0.0,0.0,340.82,340.82,0,2,0,0,1.05,0.0,0.24,0.0,0.0,0.6707,0.0,17,17,1
0.0,0.3333,0,1.336,330.58,268.4,847,0.31,16,0.3333,0.0,0.1,0,-3.333,0.0,0,0.667,1,0,0,0.0,0.0,441.79,441.79,0,1,0,0,0.32,0.0,0.07,0.3333,0.0,0.4191,268.4,16,16,0
0.0,0.0,0,0.961,208.66,0.0,183,1.885,29,0.0,0.0,0.12,0,0.0,10.0,0,0.0,0,0,0,2.683,0.0,200.45,200.45,2,3,0,0,1.64,0.0,0.38,0.0,0.0,0.0961,0.0,29,29,0
0.333,0.2727,1,0.701,294.27,303.9,699,0.472,5,0.2727,0.5,0.12,0,0.606,22.1,0,0.667,0,0,0,4.956,394.96,206.31,206.31,2,2,1,1,0.47,0.33,0.11,0.2727,0.5,0.3454,303.9,5,5,0
0.333,0.6,0,0.42,255.58,251.68,310,0.809,3,0.6,0.5,0.12,0,-2.667,0.0,0,0.667,0,0,0,0.0,0.0,107.45,107.45,1,1,0,0,0.97,0.33,0.22,0.6,0.0,0.6329,251.68,3,3,1
0.0,0.0,0,1.679,263.06,0.0,335,0.459,11,0.0,0.0,0.07,0,0.0,10.0,0,0.0,0,0,0,0.0,0.0,441.68,441.68,0,1,0,0,0.27,0.0,0.06,0.0,0.0,0.5597,0.0,11,11,0
0.0,0.25,0,1.3,302.12,343.63,367,0.835,21,0.25,0.0,0.2,0,-2.5,0.0,0,1.0,0,0,0,0.0,0.0,392.74,392.74,0,1,0,0,0.98,0.0,0.23,0.25,0.0,0.3927,343.63,21,21,1
0.333,0.3333,1,1.394,231.1,81.23,166,0.579,11,0.3333,0.0,0.1,1,0.0,10.0,0,0.0,0,0,0,1.786,81.23,322.05,322.05,0,1,0,1,0.54,0.33,0.13,0.3333,1.0,0.5817,81.23,11,11,1
0.0,0.0,0,1.78,188.64,0.0,77,0.617,13,0.0,0.0,0.12,0,0.0,10.0,0,0.0,0,0,0,3.617,0.0,335.82,335.82,0,1,0,0,1.56,0.0,0.36,0.0,0.0,0.4451,0.0,13,13,0
0.0,0.0,0,1.016,178.58,0.0,383,0.523,17,0.0,0.0,0.07,0,0.0,10.0,0,0.0,0,0,0,1.994,0.0,181.44,181.44,0,2,0,0,0.55,0.0,0.13,0.0,0.0,0.1451,0.0,17,17,0
0.0,0.0,0,0.787,234.6,0.0,80,1.16,18,0.0,0.0,0.08,0,0.0,10.0,0,0.0,0,0,0,4.339,0.0,184.55,184.55,0,2,0,0,2.25,0.0,0.52,0.0,0.0,0.1311,0.0,18,18,0
0.0,0.0,0,0.981,448.78,0.0,402,0.175,10,0.0,0.0,0.1,0,0.0,10.0,0,0.0,0,0,0,0.0,0.0,440.12,440.12,0,1,0,0,0.15,0.0,0.03,0.0,0.0,0.4904,0.0,10,10,0
0.333,0.5455,1,2.109,224.02,159.23,249,1.123,9,0.5455,0.0,0.03,0,-2.121,0.0,0,0.333,0,0,0,0.0,126.17,472.43,472.43,0,2,1,1,1.33,0.33,0.31,0.5455,0.5,0.5794,159.23,9,9,1
0.0,0.125,0,1.875,242.34,78.02,727,0.271,1,0.125,0.0,0.08,0,-1.25,0.0,0,0.0,0,0,0,0.0,0.0,454.42,454.42,1,1,0,0,0.33,0.0,0.08,0.125,0.0,0.2746,78.02,1,1,1
0.333,0.1538,1,1.455,247.06,144.76,598,0.558,28,0.1538,0.0,0.12,0,1.795,45.9,0,0.5,0,0,0,0.0,215.66,359.59,359.59,0,2,1,1,0.65,0.33,0.15,0.1538,0.5,0.2021,144.76,28,28,0
0.0,0.0,0,2.014,201.5,0.0,267,0.84,11,0.0,0.0,0.1,0,0.0,10.0,0,0.0,1,0,0,1.21,0.0,405.91,405.91,1,2,0,0,0.79,0.0,0.18,0.0,0.0,0.2878,0.0,11,11,0
0.333,0.2,1,1.489,231.73,352.34,187,0.659,16,0.2,0.5,0.2,0,1.333,36.7,0,1.0,0,0,0,0.0,352.34,345.03,345.03,0,4,0,1,0.8,0.33,0.19,0.2,0.25,0.6019,352.34,16,16,0
0.667,0.6667,1,1.705,261.21,212.66,665,0.375,16,0.6667,0.5,0.2,0,0.0,10.0,0,0.333,0,0,0,0.0,449.46,445.36,445.36,0,2,0,1,0.41,0.67,0.09,0.6667,0.5,0.7322,212.66,16,16,1
1.0,0.5455,2,1.647,268.33,241.79,269,1.424,11,0.5455,0.0,0.12,0,4.545,100.0,0,0.5,0,0,0,2.409,878.64,441.97,441.97,0,4,0,2,1.23,1.0,0.28,0.5455,0.5,0.6413,241.79,11,11,1
0.0,0.1667,0,1.046,201.42,185.54,425,0.492,21,0.1667,0.0,0.12,0,-1.667,0.0,0,0.0,0,0,0,0.0,0.0,210.77,210.77,0,1,0,0,0.42,0.0,0.1,0.1667,0.0,0.3279,185.54,21,21,0
0.0,0.0,0,0.92,307.53,0.0,327,0.339,19,0.0,0.0,0.2,0,0.0,10.0,0,0.0,0,0,0,0.0,0.0,283.04,283.04,0,1,0,0,0.37,0.0,0.08,0.0,0.0,0.2301,0.0,19,19,0
0.0,0.0,0,0.924,234.86,0.0,139,0.454,18,0.0,0.0,0.1,0,0.0,10.0,0,0.0,0,0,0,0.0,0.0,217.06,217.06,0,1,0,0,0.65,0.0,0.15,0.0,0.0,0.3081,0.0,18,18,0
0.333,0.0909,0,2.291,205.53,81.13,116,1.818,11,0.0909,0.0,0.05,0,2.424,58.5,0,0.0,0,0,0,0.0,0.0,470.81,470.81,2,6,0,0,2.84,0.33,0.66,0.0909,0.0,0.2441,81.13,11,11,0
0.0,0.0,0,0.576,259.7,0.0,331,0.6,25,0.0,0.0,0.1,0,0.0,10.0,0,0.0,0,0,0,0.0,0.0,149.55,149.55,0,1,0,0,0.54,0.0,0.13,0.0,0.0,0.096,0.0,25,25,1
0.0,0.0,0,1.69,258.13,0.0,508,0.436,20,0.0,0.0,0.2,0,0.0,10.0,0,0.0,0,0,0,5.483,0.0,436.28,436.28,0,1,0,0,0.41,0.0,0.1,0.0,0.0,0.2415,0.0,20,20,0
0.0,0.0,0,0.268,123.89,0.0,103,0.154,21,0.0,0.0,0.07,0,0.0,10.0,0,0.0,0,0,0,0.0,0.0,33.23,33.23,0,1,0,0,0.58,0.0,0.13,0.0,0.0,0.1341,0.0,21,21,0
0.667,0.3333,1,0.964,320.66,352.98,185,0.785,24,0.3333,0.3333,0.2,1,3.333,76.7,0,1.0,0,0,0,1.293,343.43,309.18,309.18,0,2,0,1,0.97,0.67,0.22,0.3333,0.5,0.5276,352.98,24,24,1
1.0,0.5,1,0.904,310.27,396.21,138,0.491,25,0.5,0.0,0.1,0,5.0,100.0,0,1.0,0,0,0,0.0,286.73,280.57,280.57,0,1,0,1,1.3,1.0,0.3,0.5,1.0,0.7892,396.21,25,25,0
0.0,0.0,0,1.0,431.96,0.0,100,0.173,15,0.0,0.0,0.2,0,0.0,10.0,0,0.0,0,0,0,0.0,0.0,431.96,431.96,0,1,0,0,0.3,0.0,0.07,0.0,0.0,1.0,0.0,15,15,0
0.0,0.0,0,1.74,280.32,0.0,393,0.587,12,0.0,0.0,0.07,0,0.0,10.0,0,0.0,0,0,0,1.759,0.0,487.76,487.76,0,1,0,0,0.69,0.0,0.16,0.0,0.0,0.1933,0.0,12,12,0
0.0,0.0,0,0.925,121.25,0.0,304,0.248,4,0.0,0.0,0.2,0,0.0,10.0,0,0.0,0,0,0,0.0,0.0,112.13,112.13,1,1,0,0,0.3,0.0,0.07,0.0,0.0,0.3083,0.0,4,4,0
0.667,0.4286,0,0.936,259.97,295.0,124,0.906,11,0.4286,0.0,0.2,0,2.381,57.6,0,1.0,0,0,0,1.115,0.0,243.23,243.23,0,1,0,0,1.69,0.67,0.39,0.4286,0.0,0.62,295.0,11,11,1
0.0,0.0,0,1.257,254.55,0.0,115,0.551,20,0.0,0.0,0.12,0,0.0,10.0,0,0.0,0,0,0,0.0,0.0,319.99,319.99,0,1,0,0,0.78,0.0,0.18,0.0,0.0,0.419,0.0,20,20,0
0.333,0.1667,1,0.553,236.75,68.62,12,15.0,5,0.1667,0.3333,0.08,1,1.667,43.3,0,0.0,1,0,1,1.0,68.62,130.96,130.96,4,6,1,1,15.0,0.33,3.46,0.1667,0.1667,0.1405,68.62,5,5,1
0.667,0.5714,1,1.35,239.41,210.55,171,1.054,28,0.5714,0.0,0.12,0,0.952,29.0,0,0.25,0,0,0,0.945,63.67,323.18,323.18,0,2,0,1,1.23,0.67,0.28,0.5714,0.5,0.6954,210.55,28,28,1
0.0,0.0,0,0.461,152.28,0.0,849,0.319,8,0.0,0.0,0.08,0,0.0,10.0,0,0.0,0,0,0,0.0,0.0,70.27,70.27,0,1,0,0,0.28,0.0,0.07,0.0,0.0,0.0577,0.0,8,8,0
0.0,0.0,0,0.896,332.83,0.0,34,4.557,2,0.0,0.0,0.2,0,0.0,10.0,0,0.0,0,0,0,3.267,0.0,298.37,298.37,2,2,0,0,3.53,0.0,0.82,0.0,0.0,0.2241,0.0,2,2,1
0.0,0.0,0,0.875,202.43,0.0,301,0.476,5,0.0,0.0,0.2,0,0.0,10.0,0,0.0,0,0,0,0.0,0.0,177.11,177.11,1,3,0,0,0.7,0.0,0.16,0.0,0.0,0.125,0.0,5,5,0
0.0,0.0,0,1.622,253.94,0.0,186,0.288,14,0.0,0.0,0.2,0,0.0,10.0,0,0.0,1,0,0,3.889,0.0,411.81,411.81,0,1,0,0,0.32,0.0,0.07,0.0,0.0,0.8109,0.0,14,14,1
0.333,0.4286,0,0.477,228.82,246.32,507,0.291,13,0.4286,0.0,0.07,0,-0.952,0.0,0,0.333,0,0,0,0.0,0.0,109.2,109.2,0,1,0,0,0.41,0.33,0.1,0.4286,0.0,0.5295,246.32,13,13,1
0.0,0.4,0,0.877,243.64,282.06,331,0.906,1,0.4,0.0,0.03,0,-4.0,0.0,0,1.0,0,0,0,1.115,0.0,213.6,213.6,1,1,0,0,0.91,0.0,0.21,0.4,0.0,0.5508,282.06,1,1,1
0.0,0.0,0,1.237,369.3,0.0,202,0.535,19,0.0,0.0,0.1,1,0.0,10.0,0,0.0,0,0,0,4.348,0.0,456.99,456.99,0,1,0,0,0.45,0.0,0.1,0.0,0.0,0.4125,0.0,19,19,1
0.333,0.3333,1,1.085,359.46,451.86,12,7.5,5,0.3333,0.0,0.07,0,0.0,10.0,0,1.0,0,0,1,1.0,451.86,390.11,390.11,2,3,1,1,7.5,0.33,1.73,0.3333,0.3333,0.7808,451.86,5,5,1
0.0,0.4286,0,1.12,333.94,367.2,596,0.347,6,0.4286,0.0,0.12,0,-4.286,0.0,0,1.0,0,0,0,7.667,0.0,373.91,373.91,2,2,0,0,0.35,0.0,0.08,0.4286,0.0,0.6312,367.2,6,6,1
0.0,0.0,0,1.0,66.71,0.0,33,0.6,1,0.0,0.0,0.03,1,0.0,10.0,0,0.0,0,0,0,0.0,0.0,66.71,66.71,1,1,0,0,0.91,0.0,0.21,0.0,0.0,1.0,0.0,1,1,1
0.0,0.2,0,1.312,201.27,206.74,841,0.176,12,0.2,0.0,0.08,0,-2.0,0.0,0,1.0,0,0,0,6.858,0.0,263.98,263.98,0,1,0,0,0.18,0.0,0.04,0.2,0.0,0.4677,206.74,12,12,1
0.0,0.1,0,0.53,212.63,365.41,404,0.625,11,0.1,0.5,0.12,0,-1.0,0.0,0,1.0,1,0,0,0.0,0.0,112.76,112.76,0,2,0,0,0.74,0.0,0.17,0.1,0.0,0.2249,365.41,11,11,0
0.0,0.0,0,1.827,228.84,0.0,293,0.184,1,0.0,0.0,0.2,0,0.0,10.0,0,0.0,0,0,0,0.0,0.0,418.18,418.18,1,1,0,0,0.2,0.0,0.05,0.0,0.0,0.9137,0.0,1,1,1
1.0,0.4,0,1.625,231.2,202.95,159,1.338,23,0.4,0.0,0.12,0,6.0,100.0,0,0.25,0,0,0,0.728,0.0,375.68,375.68,0,1,0,0,1.89,1.0,0.44,0.4,0.0,0.5136,202.95,23,23,1
0.0,0.2,0,1.203,337.79,178.72,223,0.745,22,0.2,0.5,0.1,1,-2.0,0.0,0,0.0,0,0,0,1.367,0.0,406.3,406.3,0,2,0,0,0.67,0.0,0.16,0.2,0.0,0.3464,178.72,22,22,1
0.0,0.0,0,1.011,259.82,0.0,35,4.286,29,0.0,0.0,0.2,0,0.0,10.0,0,0.0,0,0,0,0.588,0.0,262.65,262.65,1,7,0,0,6.86,0.0,1.58,0.0,0.0,0.1264,0.0,29,29,0
0.0,0.0,0,1.461,341.8,0.0,113,0.922,1,0.0,0.0,0.1,0,0.0,10.0,0,0.0,0,0,0,2.505,0.0,499.38,499.38,2,2,0,0,1.33,0.0,0.31,0.0,0.0,0.2922,0.0,1,1,0
0.667,0.5,2,0.698,97.54,91.15,49,0.851,26,0.5,0.0,0.2,0,1.667,43.3,0,0.0,0,0,0,0.0,182.29,68.04,68.04,0,3,1,2,2.45,0.67,0.57,0.5,0.6667,0.6416,91.15,26,26,1
0.667,0.4286,0,0.459,222.32,238.4,427,0.495,11,0.4286,0.0,0.08,0,2.381,57.6,0,0.333,0,0,0,2.106,0.0,101.98,101.98,0,2,0,0,0.49,0.67,0.11,0.4286,0.0,0.5251,238.4,11,11,1
0.0,0.0,0,1.719,288.43,0.0,55,0.435,20,0.0,0.0,0.12,0,0.0,10.0,0,0.0,0,0,0,2.486,0.0,495.89,495.89,2,3,0,0,1.64,0.0,0.38,0.0,0.0,0.5731,0.0,20,20,1
0.0,0.3333,0,1.013,380.14,468.85,147,0.776,21,0.3333,0.0,0.2,0,-3.333,0.0,0,1.0,1,0,0,1.317,0.0,385.24,385.24,0,1,0,0,0.61,0.0,0.14,0.3333,0.0,0.7489,468.85,21,21,0
0.0,0.0,0,1.261,252.86,0.0,19,1.6,2,0.0,0.0,0.03,0,0.0,10.0,0,0.0,0,0,1,0.0,0.0,318.83,318.83,2,2,0,0,3.16,0.0,0.73,0.0,0.0,0.6305,0.0,2,2,0
0.0,0.0,0,0.251,311.08,0.0,67,2.419,4,0.0,0.0,0.07,0,0.0,10.0,0,0.0,0,0,0,1.891,0.0,77.97,77.97,1,2,0,0,2.69,0.0,0.62,0.0,0.0,0.0418,0.0,4,4,0
0.0,0.0,0,0.204,104.88,0.0,72,1.351,1,0.0,0.0,0.03,0,0.0,10.0,0,0.0,0,0,0,0.721,0.0,21.39,21.39,1,2,0,0,1.25,0.0,0.29,0.0,0.0,0.068,0.0,1,1,1
0.333,0.5,1,0.254,166.69,142.26,219,0.78,24,0.5,0.0,0.03,0,-1.667,0.0,0,0.333,0,0,0,0.0,36.16,42.37,42.37,0,1,0,1,0.82,0.33,0.19,0.5,1.0,0.4691,142.26,24,24,1
0.0,0.0,0,0.712,394.13,0.0,157,1.206,5,0.0,0.0,0.08,0,0.0,10.0,0,0.0,0,0,0,0.817,0.0,280.61,280.61,1,3,0,0,1.15,0.0,0.26,0.0,0.0,0.1187,0.0,5,5,0
0.0,0.0,0,1.102,40.78,0.0,46,0.804,11,0.0,0.0,0.03,0,0.0,10.0,0,0.0,0,0,0,2.858,0.0,44.92,44.92,1,2,0,0,1.3,0.0,0.3,0.0,0.0,0.5508,0.0,11,11,1
0.333,0.2857,1,1.823,253.79,260.3,412,0.431,2,0.2857,0.5,0.07,0,0.476,19.5,0,1.0,0,0,0,0.0,287.8,462.72,462.72,1,1,0,1,0.51,0.33,0.12,0.2857,1.0,0.5535,260.3,2,2,1
0.0,0.0,0,1.046,348.26,0.0,45,0.497,10,0.0,0.0,0.12,0,0.0,10.0,0,0.0,0,0,0,2.086,0.0,364.43,364.43,0,2,0,0,1.33,0.0,0.31,0.0,0.0,0.5232,0.0,10,10,0
0.0,0.0,0,1.296,339.92,0.0,520,0.319,1,0.0,0.0,0.12,0,0.0,10.0,0,0.0,0,0,0,3.4,0.0,440.63,440.63,2,2,0,0,0.4,0.0,0.09,0.0,0.0,0.1852,0.0,1,1,0
0.667,0.2857,1,1.142,209.05,386.24,116,1.701,24,0.2857,0.0,0.08,0,3.81,86.2,0,1.0,0,0,0,2.05,402.21,238.82,238.82,0,2,0,1,1.81,0.67,0.42,0.2857,0.5,0.6911,386.24,24,24,1
0.0,0.0,0,1.0,359.06,0.0,22,1.494,3,0.0,0.0,0.07,1,0.0,10.0,0,0.0,0,0,1,0.0,0.0,359.06,359.06,1,1,0,0,1.36,0.0,0.31,0.0,0.0,1.0,0.0,3,3,1
1.0,0.3,3,1.625,267.36,376.3,11,27.273,5,0.3,0.0,0.2,1,7.0,100.0,1,1.0,0,1,1,1.0,1128.9,434.51,434.51,7,10,3,3,27.27,1.0,6.3,0.3,0.3,0.5848,376.3,5,5,1
0.333,0.1667,0,0.347,253.14,89.01,109,0.557,13,0.1667,0.0,0.08,0,1.667,43.3,0,0.0,1,0,0,1.856,0.0,87.73,87.73,0,1,0,0,1.65,0.33,0.38,0.1667,0.0,0.1164,89.01,13,13,1
0.667,0.6,0,0.952,163.13,185.54,117,0.559,29,0.6,0.0,0.08,1,0.667,23.3,0,0.667,0,0,0,1.845,0.0,155.22,155.22,1,2,0,0,1.28,0.67,0.3,0.6,0.0,0.8727,185.54,29,29,1
0.667,0.2857,1,1.055,187.43,212.27,86,2.308,22,0.2857,0.3333,0.2,0,3.81,86.2,0,0.5,0,0,0,0.339,276.39,197.69,197.69,0,3,0,1,2.44,0.67,0.56,0.2857,0.3333,0.4743,212.27,22,22,1
0.0,0.3333,0,0.301,248.58,382.76,535,0.543,2,0.3333,0.0,0.03,0,-3.333,0.0,0,0.75,1,0,0,0.0,0.0,74.85,74.85,1,1,0,0,0.67,0.0,0.16,0.3333,0.0,0.5384,382.76,2,2,1
0.0,0.0,0,1.0,490.53,0.0,74,0.575,4,0.0,0.0,0.12,0,0.0,10.0,0,0.0,0,0,0,1.797,0.0,490.53,490.53,1,1,0,0,0.41,0.0,0.09,0.0,0.0,1.0,0.0,4,4,1
0.0,0.1538,0,0.085,241.16,182.26,684,0.569,21,0.1538,0.6667,0.2,0,-1.538,0.0,0,0.5,0,0,0,1.812,0.0,20.51,20.51,0,2,0,0,0.57,0.0,0.13,0.1538,0.0,0.1228,182.26,21,21,0
0.333,0.7143,1,1.053,277.24,290.38,410,0.544,29,0.7143,0.6667,0.07,1,-3.81,0.0,0,0.6,0,0,0,1.923,389.75,291.95,291.95,0,1,1,1,0.51,0.33,0.12,0.7143,1.0,0.8986,290.38,29,29,1
0.0,0.2,0,1.48,304.52,391.16,445,0.261,30,0.2,0.5,0.07,0,-2.0,0.0,0,1.0,0,0,0,0.0,0.0,450.72,450.72,0,1,0,0,0.34,0.0,0.08,0.2,0.0,0.5529,391.16,30,30,0
0.333,0.2,0,0.949,283.57,214.56,57,1.846,12,0.2,0.0,0.1,0,1.333,36.7,0,1.0,0,0,0,0.0,0.0,269.07,269.07,2,4,0,0,2.63,0.33,0.61,0.2,0.0,0.3411,214.56,12,12,1
0.0,0.0,0,1.684,251.51,0.0,582,0.411,2,0.0,0.0,0.08,0,0.0,10.0,0,0.0,0,0,0,0.0,0.0,423.6,423.6,1,1,0,0,0.46,0.0,0.11,0.0,0.0,0.1871,0.0,2,2,0
0.0,0.0,0,0.341,246.28,0.0,44,3.947,17,0.0,0.0,0.12,1,0.0,10.0,0,0.0,0,0,0,1.018,0.0,83.91,83.91,2,6,0,0,4.77,0.0,1.1,0.0,0.0,0.0487,0.0,17,17,1
0.0,0.0,0,1.371,245.93,0.0,467,0.439,11,0.0,0.0,0.2,0,0.0,10.0,0,0.0,0,0,0,0.0,0.0,337.05,337.05,0,1,0,0,0.39,0.0,0.09,0.0,0.0,0.2284,0.0,11,11,0
0.0,0.1429,0,0.088,318.05,379.69,404,0.572,26,0.1429,0.0,0.1,0,-1.429,0.0,0,1.0,0,0,0,0.0,0.0,27.87,27.87,0,1,0,0,0.52,0.0,0.12,0.1429,0.0,0.1831,379.69,26,26,0
1.333,0.6667,1,0.73,194.33,255.29,342,0.789,7,0.6667,0.75,0.2,0,6.667,100.0,0,0.5,0,0,0,2.971,301.57,141.91,141.91,2,2,1,1,0.79,1.33,0.18,0.6667,0.5,0.957,255.29,7,7,1
0.0,0.3333,0,0.316,252.0,270.23,605,0.363,18,0.3333,0.0,0.12,0,-3.333,0.0,0,0.5,0,0,0,0.0,0.0,79.6,79.6,0,1,0,0,0.3,0.0,0.07,0.3333,0.0,0.4101,270.23,18,18,1
0.0,0.0,0,1.063,272.93,0.0,65,0.651,17,0.0,0.0,0.2,0,0.0,10.0,0,0.0,0,0,0,0.0,0.0,290.2,290.2,0,2,0,0,1.38,0.0,0.32,0.0,0.0,0.3544,0.0,17,17,0
0.333,0.5833,0,0.436,238.06,252.21,747,0.432,12,0.5833,0.0,0.03,1,-2.5,0.0,0,0.571,0,0,0,0.0,0.0,103.69,103.69,0,1,0,0,0.48,0.33,0.11,0.5833,0.0,0.6543,252.21,12,12,1
0.0,0.4286,0,1.359,339.71,374.73,969,0.24,17,0.4286,0.5,0.2,0,-4.286,0.0,0,1.0,0,0,0,4.619,0.0,461.55,461.55,0,1,0,0,0.22,0.0,0.05,0.4286,0.0,0.6669,374.73,17,17,1
0.0,0.0,0,0.529,356.39,0.0,377,0.392,9,0.0,0.0,0.2,0,0.0,10.0,0,0.0,0,0,0,2.691,0.0,188.7,188.7,0,1,0,0,0.48,0.0,0.11,0.0,0.0,0.0882,0.0,9,9,0
0.333,0.25,0,1.439,266.83,76.43,262,0.501,21,0.25,0.0,0.08,0,0.833,26.7,0,0.0,0,0,0,2.085,0.0,384.09,384.09,0,1,0,0,0.46,0.33,0.11,0.25,0.0,0.4315,76.43,21,21,0
0.333,0.1111,0,1.767,277.41,437.47,177,1.0,26,0.1111,0.0,0.07,0,2.222,54.4,0,1.0,0,0,0,0.0,0.0,490.08,490.08,0,4,0,0,1.53,0.33,0.35,0.1111,0.0,0.3715,437.47,26,26,0
0.0,0.0,0,0.857,310.71,0.0,386,0.285,20,0.0,0.0,0.2,0,0.0,10.0,0,0.0,0,0,0,3.928,0.0,266.25,266.25,0,1,0,0,0.31,0.0,0.07,0.0,0.0,0.2142,0.0,20,20,0
0.0,0.0,0,0.477,251.1,0.0,432,0.7,6,0.0,0.0,0.12,0,0.0,10.0,0,0.0,0,0,0,0.0,0.0,119.74,119.74,1,1,0,0,0.62,0.0,0.14,0.0,0.0,0.053,0.0,6,6,0
0.0,0.0,0,1.88,163.48,0.0,311,0.206,14,0.0,0.0,0.07,0,0.0,10.0,0,0.0,0,0,0,0.0,0.0,307.26,307.26,0,1,0,0,0.39,0.0,0.09,0.0,0.0,0.4699,0.0,14,14,0
0.0,0.0,0,0.865,327.51,0.0,68,0.658,21,0.0,0.0,0.12,0,0.0,10.0,0,0.0,0,0,0,1.595,0.0,283.22,283.22,0,2,0,0,1.32,0.0,0.31,0.0,0.0,0.2883,0.0,21,21,0
0.0,0.0,0,0.265,196.17,0.0,50,0.499,20,0.0,0.0,0.2,0,0.0,10.0,0,0.0,0,0,0,4.674,0.0,52.01,52.01,0,2,0,0,1.2,0.0,0.28,0.0,0.0,0.1326,0.0,20,20,1
0.0,0.0,0,0.849,304.29,0.0,671,0.147,17,0.0,0.0,0.07,0,0.0,10.0,0,0.0,0,0,0,0.0,0.0,258.24,258.24,0,1,0,0,0.18,0.0,0.04,0.0,0.0,0.2122,0.0,17,17,0
0.333,0.3333,1,0.822,331.59,395.11,21,3.043,20,0.3333,0.0,0.1,0,0.0,10.0,0,1.0,1,0,1,0.0,395.11,272.47,272.47,0,3,0,1,4.29,0.33,0.99,0.3333,0.3333,0.6711,395.11,20,20,1
0.0,0.0,0,1.0,32.99,0.0,87,0.127,23,0.0,0.0,0.2,0,0.0,10.0,0,0.0,0,0,0,10.2,0.0,32.99,32.99,0,1,0,0,0.34,0.0,0.08,0.0,0.0,1.0,0.0,23,23,1
0.333,0.2,0,0.595,185.7,156.5,304,0.452,26,0.2,0.0,0.2,0,1.333,36.7,0,0.0,0,0,0,0.0,0.0,110.45,110.45,1,2,0,0,0.49,0.33,0.11,0.2,0.0,0.2875,156.5,26,26,1
0.0,0.1,0,0.581,314.38,471.89,782,0.343,25,0.1,0.0,0.07,0,-1.0,0.0,0,1.0,0,0,0,0.0,0.0,182.58,182.58,1,2,0,0,0.38,0.0,0.09,0.1,0.0,0.2082,471.89,25,25,0
0.0,0.0,0,0.297,169.86,0.0,285,0.477,19,0.0,0.0,0.12,0,0.0,10.0,0,0.0,0,0,0,0.0,0.0,50.38,50.38,0,2,0,0,1.05,0.0,0.24,0.0,0.0,0.0297,0.0,19,19,0
1.667,0.4545,3,1.475,215.61,192.21,53,6.0,7,0.4545,0.6667,0.05,1,12.121,100.0,0,0.4,0,0,0,1.0,750.42,318.12,318.12,1,6,1,3,6.23,1.67,1.44,0.4545,0.5,0.5393,192.21,7,7,1
0.667,0.3636,0,1.317,249.89,142.27,350,1.044,19,0.3636,0.25,0.07,0,3.03,70.6,0,0.25,0,0,0,0.955,0.0,329.13,329.13,0,1,0,0,0.94,0.67,0.22,0.3636,0.0,0.3268,142.27,19,19,1
0.0,0.0,0,1.028,209.01,0.0,612,0.169,7,0.0,0.0,0.05,0,0.0,10.0,0,0.0,0,0,0,0.0,0.0,214.78,214.78,1,1,0,0,0.15,0.0,0.03,0.0,0.0,0.3425,0.0,7,7,0
0.0,0.1667,0,1.92,239.23,253.84,669,0.276,15,0.1667,0.0,0.12,0,-1.667,0.0,0,1.0,0,0,0,4.061,0.0,459.29,459.29,1,2,0,0,0.27,0.0,0.06,0.1667,0.0,0.4968,253.84,15,15,0
0.0,0.4444,0,0.915,324.21,432.14,423,0.598,10,0.4444,0.0,0.07,0,-4.444,0.0,0,1.0,0,0,0,3.813,0.0,296.53,296.53,0,1,0,0,0.64,0.0,0.15,0.4444,0.0,0.694,432.14,10,10,1
0.333,0.3333,0,1.219,211.11,305.44,205,0.575,8,0.3333,0.0,0.08,0,0.0,10.0,0,0.5,0,0,0,1.797,0.0,257.43,257.43,0,3,0,0,0.88,0.33,0.2,0.3333,0.0,0.6855,305.44,8,8,1
0.0,0.0,0,0.871,409.31,0.0,192,0.326,22,0.0,0.0,0.07,0,0.0,10.0,0,0.0,0,0,0,0.0,0.0,356.41,356.41,0,1,0,0,0.31,0.0,0.07,0.0,0.0,0.4354,0.0,22,22,0
0.0,0.1667,0,0.889,217.91,308.92,491,0.315,9,0.1667,0.0,0.08,0,-1.667,0.0,0,1.0,0,0,0,3.442,0.0,193.65,193.65,0,1,0,0,0.37,0.0,0.08,0.1667,0.0,0.3844,308.92,9,9,0
0.0,0.0,0,0.924,325.01,0.0,167,0.324,23,0.0,0.0,0.12,0,0.0,10.0,0,0.0,0,0,0,0.0,0.0,300.27,300.27,0,2,0,0,0.54,0.0,0.12,0.0,0.0,0.308,0.0,23,23,0
0.333,0.0909,1,0.327,233.25,368.78,51,5.902,25,0.0909,0.0,0.1,1,2.424,58.5,0,1.0,0,0,0,1.033,368.78,76.35,76.35,3,6,0,1,6.47,0.33,1.49,0.0909,0.1667,0.1735,368.78,25,25,1
0.667,0.6667,0,0.473,281.55,293.76,471,0.452,29,0.6667,0.6667,0.1,0,0.0,10.0,0,0.833,0,0,0,0.0,0.0,133.14,133.14,0,1,0,0,0.57,0.67,0.13,0.6667,0.0,0.7481,293.76,29,29,1
0.0,0.0,0,0.504,293.35,0.0,53,4.242,12,0.0,0.0,0.2,0,0.0,10.0,0,0.0,0,0,0,1.278,0.0,147.98,147.98,2,5,0,0,4.53,0.0,1.05,0.0,0.0,0.0631,0.0,12,12,0
0.0,0.0,0,1.0,392.59,0.0,13,2.727,13,0.0,0.0,0.1,0,0.0,10.0,0,0.0,0,0,1,0.692,0.0,392.59,392.59,0,1,0,0,2.31,0.0,0.53,0.0,0.0,1.0,0.0,13,13,1
0.667,0.5,0,0.892,357.37,381.19,227,1.05,25,0.5,0.5,0.08,0,1.667,43.3,0,1.0,0,0,0,0.0,0.0,318.87,318.87,0,2,0,0,0.79,0.67,0.18,0.5,0.0,0.682,381.19,25,25,1
0.667,0.6429,2,1.549,292.43,339.83,327,1.284,7,0.6429,0.6667,0.1,0,0.238,14.8,0,0.889,0,0,0,1.65,881.09,453.06,453.06,1,2,1,2,1.28,0.67,0.3,0.6429,1.0,0.8577,339.83,7,7,1
0.333,0.5,1,1.723,197.62,54.7,16,0.542,2,0.5,0.0,0.08,1,-1.667,0.0,0,0.0,0,0,1,1.967,54.7,340.54,340.54,2,2,1,1,3.75,0.33,0.87,0.5,0.5,1.0,54.7,2,2,1
1.667,0.4167,0,1.318,284.28,266.97,82,4.2,30,0.4167,0.5,0.2,0,12.5,100.0,0,0.8,0,0,0,0.636,0.0,374.8,374.8,1,2,0,0,4.39,1.67,1.01,0.4167,0.0,0.5012,266.97,30,30,1
0.0,0.0,0,1.339,281.07,0.0,57,0.691,14,0.0,0.0,0.2,0,0.0,10.0,0,0.0,0,0,0,0.0,0.0,376.33,376.33,0,2,0,0,1.58,0.0,0.36,0.0,0.0,0.4463,0.0,14,14,0
1.333,0.4,2,1.093,226.01,166.14,249,1.807,15,0.4,0.0,0.2,1,9.333,100.0,1,0.333,0,0,0,3.65,371.77,246.93,246.93,1,5,2,2,1.81,1.33,0.42,0.4,0.4,0.3669,166.14,15,15,1
0.333,0.3333,0,1.517,290.26,299.93,124,1.658,26,0.3333,0.0,0.05,0,0.0,10.0,0,0.5,0,0,0,1.252,0.0,440.4,440.4,0,1,0,0,1.45,0.33,0.34,0.3333,0.0,0.5973,299.93,26,26,1
0.333,0.1429,1,0.679,243.47,29.34,66,2.935,16,0.1429,0.0,0.2,0,1.905,48.1,0,0.0,0,0,0,0.59,29.34,165.34,165.34,0,4,1,1,3.18,0.33,0.73,0.1429,0.25,0.1142,29.34,16,16,0
0.0,0.0,0,1.235,311.79,0.0,35,3.982,15,0.0,0.0,0.03,0,0.0,10.0,0,0.0,0,0,0,1.006,0.0,385.21,385.21,0,2,0,0,1.71,0.0,0.4,0.0,0.0,0.6177,0.0,15,15,0
0.333,0.2,1,0.155,265.07,298.0,884,0.486,10,0.2,0.0,0.1,0,1.333,36.7,0,0.667,1,0,0,0.0,330.82,41.19,41.19,0,2,0,1,0.51,0.33,0.12,0.2,0.5,0.2352,298.0,10,10,0
0.0,0.0,0,1.0,453.64,0.0,72,0.401,10,0.0,0.0,0.05,0,0.0,10.0,0,0.0,0,0,0,2.63,0.0,453.64,453.64,0,1,0,0,0.42,0.0,0.1,0.0,0.0,1.0,0.0,10,10,1
0.0,0.1429,0,0.614,194.52,98.75,304,0.439,2,0.1429,0.0,0.07,0,-1.429,0.0,0,0.0,0,0,0,0.0,0.0,119.48,119.48,1,3,0,0,0.69,0.0,0.16,0.1429,0.0,0.1603,98.75,2,2,1
0.333,0.0769,1,1.35,220.98,386.98,89,4.412,8,0.0769,0.0,0.2,0,2.564,61.3,0,1.0,0,0,0,0.873,386.98,298.23,298.23,1,4,0,1,4.38,0.33,1.01,0.0769,0.25,0.2385,386.98,8,8,0
2.0,0.4615,5,1.068,291.11,289.2,98,3.98,9,0.4615,0.0,0.05,1,15.385,100.0,1,0.833,0,1,0,1.943,1322.58,310.8,310.8,1,6,2,5,3.98,2.0,0.92,0.4615,0.8333,0.5406,289.2,9,9,1
0.333,0.4,0,1.374,221.72,241.78,507,0.266,19,0.4,0.0,0.03,1,-0.667,0.0,0,0.5,0,0,0,0.0,0.0,304.72,304.72,0,1,0,0,0.3,0.33,0.07,0.4,0.0,0.7111,241.78,19,19,1
0.333,0.0833,0,1.395,284.4,303.23,371,0.951,1,0.0833,0.0,0.2,0,2.5,60.0,0,1.0,0,0,0,1.056,0.0,396.66,396.66,2,2,0,0,0.97,0.33,0.22,0.0833,0.0,0.2051,303.23,1,1,0
0.0,0.0,0,1.226,298.31,0.0,838,0.322,5,0.0,0.0,0.2,0,0.0,10.0,0,0.0,0,0,0,3.367,0.0,365.74,365.74,1,1,0,0,0.32,0.0,0.07,0.0,0.0,0.1362,0.0,5,5,0
0.0,0.0,0,0.721,228.76,0.0,29,1.165,20,0.0,0.0,0.05,0,0.0,10.0,0,0.0,0,0,1,0.811,0.0,164.91,164.91,0,2,0,0,2.07,0.0,0.48,0.0,0.0,0.3605,0.0,20,20,0
1.333,0.4,3,0.208,201.21,233.24,64,4.875,1,0.4,0.0,0.12,1,9.333,100.0,0,0.5,0,0,0,1.429,733.62,41.93,41.93,1,6,0,3,4.69,1.33,1.08,0.4,0.5,0.4845,233.24,1,1,1
0.0,0.4444,0,1.055,269.46,222.77,667,0.445,15,0.4444,0.3333,0.2,0,-4.444,0.0,0,0.5,0,0,0,2.35,0.0,284.28,284.28,0,1,0,0,0.4,0.0,0.09,0.4444,0.0,0.4847,222.77,15,15,1
0.0,0.0,0,1.13,188.58,0.0,231,0.358,16,0.0,0.0,0.12,0,0.0,10.0,0,0.0,0,0,0,0.0,0.0,213.07,213.07,0,1,0,0,0.26,0.0,0.06,0.0,0.0,0.5649,0.0,16,16,0
0.0,0.0,0,1.579,312.85,0.0,53,0.388,7,0.0,0.0,0.05,0,0.0,10.0,0,0.0,1,0,0,0.0,0.0,494.1,494.1,1,1,0,0,1.7,0.0,0.39,0.0,0.0,0.5265,0.0,7,7,0
0.333,0.0909,1,1.418,292.4,475.99,31,10.645,3,0.0909,0.3333,0.08,0,2.424,58.5,0,1.0,0,0,0,1.0,475.99,414.63,414.63,6,11,0,1,10.65,0.33,2.46,0.0909,0.0909,0.2769,475.99,3,3,0
0.0,0.0,0,0.883,268.55,0.0,386,0.283,12,0.0,0.0,0.2,0,0.0,10.0,0,0.0,0,0,0,0.0,0.0,237.02,237.02,0,1,0,0,0.31,0.0,0.07,0.0,0.0,0.2206,0.0,12,12,0
0.0,0.0,0,1.729,236.47,0.0,179,0.361,24,0.0,0.0,0.07,0,0.0,10.0,0,0.0,0,0,0,0.0,0.0,408.98,408.98,0,2,0,0,0.5,0.0,0.12,0.0,0.0,0.5765,0.0,24,24,0
0.0,0.5,0,1.206,169.11,134.26,209,0.183,26,0.5,0.0,0.2,0,-5.0,0.0,0,0.0,0,0,0,0.0,0.0,203.96,203.96,0,1,0,0,0.29,0.0,0.07,0.5,0.0,1.0,134.26,26,26,1
0.667,0.4286,0,0.171,191.24,137.07,159,1.321,7,0.4286,0.0,0.2,0,2.381,57.6,0,0.0,0,0,0,1.72,0.0,32.79,32.79,2,2,0,0,1.32,0.67,0.31,0.4286,0.0,0.3317,137.07,7,7,1
0.0,0.0,0,1.284,226.24,0.0,38,2.105,28,0.0,0.0,0.08,0,0.0,10.0,0,0.0,0,0,0,2.8,0.0,290.4,290.4,0,4,0,0,3.16,0.0,0.73,0.0,0.0,0.3209,0.0,28,28,0
0.667,0.2,1,1.715,261.64,216.62,99,2.195,13,0.2,0.6667,0.2,0,4.667,100.0,0,1.0,0,0,0,0.406,225.74,448.7,448.7,2,6,0,1,3.03,0.67,0.7,0.2,0.1667,0.3371,216.62,13,13,0
0.0,0.1333,0,0.865,253.51,463.78,384,1.0,29,0.1333,0.0,0.03,0,-1.333,0.0,0,1.0,0,0,0,0.0,0.0,219.18,219.18,0,2,0,0,1.17,0.0,0.27,0.1333,0.0,0.3016,463.78,29,29,0
0.0,0.0,0,1.0,323.78,0.0,23,1.398,7,0.0,0.0,0.03,1,0.0,10.0,0,0.0,0,0,1,3.689,0.0,323.78,323.78,1,1,0,0,1.3,0.0,0.3,0.0,0.0,1.0,0.0,7,7,1
0.333,0.2,0,1.56,266.72,311.89,78,1.5,21,0.2,0.0,0.2,1,1.333,36.7,0,1.0,0,0,0,1.467,0.0,415.97,415.97,1,2,0,0,1.92,0.33,0.44,0.2,0.0,0.5458,311.89,21,21,1
0.0,0.0,0,0.159,169.65,0.0,351,0.285,16,0.0,0.0,0.08,0,0.0,10.0,0,0.0,0,0,0,0.0,0.0,26.96,26.96,0,1,0,0,0.17,0.0,0.04,0.0,0.0,0.0795,0.0,16,16,0
0.333,0.7143,0,0.565,300.69,336.44,404,0.533,30,0.7143,0.0,0.05,0,-3.81,0.0,0,0.8,1,0,0,0.0,0.0,169.88,169.88,0,1,0,0,0.52,0.33,0.12,0.7143,0.0,0.8799,336.44,30,30,1
0.0,0.0,0,1.602,227.21,0.0,103,0.369,9,0.0,0.0,0.08,0,0.0,10.0,0,0.0,0,0,0,0.0,0.0,364.03,364.03,0,2,0,0,0.87,0.0,0.2,0.0,0.0,0.5341,0.0,9,9,1
0.667,0.4286,1,2.081,174.94,126.06,204,0.436,11,0.4286,0.5,0.05,0,2.381,57.6,0,0.0,0,0,0,0.0,142.36,364.07,364.07,0,2,0,1,1.03,0.67,0.24,0.4286,0.5,0.6061,126.06,11,11,1
0.0,0.0,0,0.566,339.15,0.0,314,0.603,23,0.0,0.0,0.2,0,0.0,10.0,0,0.0,0,0,0,0.0,0.0,191.95,191.95,0,1,0,0,0.67,0.0,0.15,0.0,0.0,0.0809,0.0,23,23,0
0.0,0.0,0,1.18,317.44,0.0,286,0.569,17,0.0,0.0,0.1,0,0.0,10.0,0,0.0,0,0,0,0.0,0.0,374.6,374.6,0,1,0,0,0.52,0.0,0.12,0.0,0.0,0.236,0.0,17,17,0
0.0,0.2222,0,0.305,201.84,316.31,333,0.529,26,0.2222,0.0,0.07,1,-2.222,0.0,0,0.5,0,0,0,0.0,0.0,61.49,61.49,0,1,0,0,0.81,0.0,0.19,0.2222,0.0,0.3821,316.31,26,26,1
1.0,0.4167,2,0.861,345.37,337.45,358,0.947,10,0.4167,0.6667,0.1,1,5.833,100.0,0,0.8,1,0,0,1.061,550.19,297.22,297.22,0,2,0,2,1.01,1.0,0.23,0.4167,1.0,0.4788,337.45,10,10,1
0.667,0.4,2,0.4,169.78,198.72,85,0.847,24,0.4,0.6667,0.2,0,2.667,63.3,0,0.5,0,0,0,0.0,397.43,67.92,67.92,0,2,0,2,1.76,0.67,0.41,0.4,1.0,0.5482,198.72,24,24,0
0.333,0.3636,1,0.722,249.27,363.85,246,1.003,4,0.3636,0.0,0.03,1,-0.303,3.9,0,1.0,0,0,0,0.997,246.26,180.05,180.05,1,4,1,1,1.34,0.33,0.31,0.3636,0.25,0.5965,363.85,4,4,1
0.0,0.0,0,1.423,262.8,0.0,413,0.231,30,0.0,0.0,0.2,0,0.0,10.0,0,0.0,0,0,0,0.0,0.0,373.86,373.86,0,1,0,0,0.15,0.0,0.03,0.0,0.0,0.7113,0.0,30,30,1
0.0,0.0,0,2.397,201.79,0.0,73,1.186,24,0.0,0.0,0.12,0,0.0,10.0,0,0.0,0,0,0,0.817,0.0,483.72,483.72,0,3,0,0,2.05,0.0,0.47,0.0,0.0,0.4794,0.0,24,24,0
0.0,0.0,0,1.069,325.55,0.0,63,1.905,25,0.0,0.0,0.07,0,0.0,10.0,0,0.0,0,0,0,1.1,0.0,348.08,348.08,0,2,0,0,1.9,0.0,0.44,0.0,0.0,0.2673,0.0,25,25,0
0.0,0.0,0,1.374,253.37,0.0,473,0.596,14,0.0,0.0,0.05,0,0.0,10.0,0,0.0,0,0,0,0.0,0.0,348.07,348.07,0,2,0,0,0.57,0.0,0.13,0.0,0.0,0.1526,0.0,14,14,0
0.0,0.0,0,0.46,240.54,0.0,915,0.492,2,0.0,0.0,0.05,0,0.0,10.0,0,0.0,0,0,0,4.538,0.0,110.62,110.62,1,2,0,0,0.49,0.0,0.11,0.0,0.0,0.0307,0.0,2,2,0
0.0,0.0,0,1.0,363.2,0.0,66,0.571,30,0.0,0.0,0.12,1,0.0,10.0,0,0.0,0,0,0,1.833,0.0,363.2,363.2,0,1,0,0,0.45,0.0,0.1,0.0,0.0,1.0,0.0,30,30,1
1.0,0.3,2,0.44,270.69,389.25,354,0.638,22,0.3,0.0,0.07,0,7.0,100.0,0,1.0,0,0,0,1.607,723.36,119.18,119.18,0,2,1,2,0.85,1.0,0.2,0.3,1.0,0.4754,389.25,22,22,1
0.0,0.0,0,1.575,280.79,0.0,87,1.567,6,0.0,0.0,0.1,0,0.0,10.0,0,0.0,0,0,0,0.578,0.0,442.26,442.26,2,3,0,0,1.72,0.0,0.4,0.0,0.0,0.315,0.0,6,6,0
0.0,0.0,0,1.579,179.8,0.0,410,0.179,30,0.0,0.0,0.12,1,0.0,10.0,0,0.0,0,0,0,0.0,0.0,283.97,283.97,0,1,0,0,0.15,0.0,0.03,0.0,0.0,0.7897,0.0,30,30,1
0.0,0.1667,0,1.422,223.91,40.18,214,0.684,30,0.1667,0.0,0.1,0,-1.667,0.0,0,0.0,0,0,0,1.529,0.0,318.29,318.29,0,1,0,0,0.84,0.0,0.19,0.1667,0.0,0.2668,40.18,30,30,1
0.333,0.25,0,1.432,247.44,166.25,137,0.699,21,0.25,0.5,0.2,0,0.833,26.7,0,0.0,0,0,0,0.0,0.0,354.26,354.26,0,1,0,0,0.88,0.33,0.2,0.25,0.0,0.5259,166.25,21,21,0
0.0,0.25,0,0.088,277.46,282.1,418,0.422,5,0.25,0.0,0.1,0,-2.5,0.0,0,1.0,0,0,0,0.0,0.0,24.45,24.45,1,1,0,0,0.57,0.0,0.13,0.25,0.0,0.2652,282.1,5,5,0
0.0,0.0,0,2.374,175.56,0.0,295,0.668,2,0.0,0.0,0.2,0,0.0,10.0,0,0.0,0,0,0,0.0,0.0,416.73,416.73,1,1,0,0,0.41,0.0,0.09,0.0,0.0,0.5934,0.0,2,2,1
0.333,0.2,0,1.606,294.18,193.64,71,1.912,19,0.2,0.0,0.03,0,1.333,36.7,0,0.0,0,0,0,0.0,0.0,472.54,472.54,1,2,0,0,2.11,0.33,0.49,0.2,0.0,0.4529,193.64,19,19,0
0.0,0.0,0,1.319,371.71,0.0,160,0.389,26,0.0,0.0,0.07,0,0.0,10.0,0,0.0,1,0,0,0.0,0.0,490.23,490.23,0,1,0,0,0.56,0.0,0.13,0.0,0.0,0.4396,0.0,26,26,0
0.0,0.3333,0,2.148,220.6,135.8,651,0.199,10,0.3333,0.0,0.03,0,-3.333,0.0,0,0.5,0,0,0,0.0,0.0,473.94,473.94,0,1,0,0,0.28,0.0,0.06,0.3333,0.0,0.5633,135.8,10,10,1
0.0,0.0,0,1.528,293.0,0.0,20,1.592,16,0.0,0.0,0.2,1,0.0,10.0,0,0.0,0,0,1,4.479,0.0,447.8,447.8,1,4,0,0,6.0,0.0,1.39,0.0,0.0,0.3821,0.0,16,16,1
0.0,0.0,0,0.144,258.56,0.0,43,5.294,6,0.0,0.0,0.08,0,0.0,10.0,0,0.0,0,0,0,0.633,0.0,37.31,37.31,1,5,0,0,5.58,0.0,1.29,0.0,0.0,0.018,0.0,6,6,0
1.0,0.4444,2,1.312,172.74,194.96,376,0.544,9,0.4444,0.0,0.03,0,5.556,100.0,0,0.5,0,0,0,1.903,299.36,226.69,226.69,0,2,0,2,0.72,1.0,0.17,0.4444,1.0,0.6474,194.96,9,9,1
0.0,0.0,0,1.759,284.18,0.0,47,5.114,7,0.0,0.0,0.03,0,0.0,10.0,0,0.0,0,0,0,0.967,0.0,499.83,499.83,4,7,0,0,5.74,0.0,1.33,0.0,0.0,0.1954,0.0,7,7,0
0.0,0.0833,0,0.663,247.6,200.08,250,1.494,21,0.0833,0.25,0.12,0,-0.833,0.0,0,1.0,0,0,0,2.31,0.0,164.07,164.07,0,3,0,0,1.44,0.0,0.33,0.0833,0.0,0.1226,200.08,21,21,0
0.0,0.0,0,0.235,200.73,0.0,240,0.386,25,0.0,0.0,0.12,0,0.0,10.0,0,0.0,0,0,0,3.122,0.0,47.23,47.23,0,2,0,0,0.25,0.0,0.06,0.0,0.0,0.1176,0.0,25,25,1
0.333,0.6,1,0.987,284.71,289.09,545,0.676,9,0.6,0.5,0.05,0,-2.667,0.0,0,0.667,0,0,0,1.515,367.65,280.99,280.99,0,3,0,1,0.55,0.33,0.13,0.6,0.3333,0.7079,289.09,9,9,1
0.0,0.0,0,0.722,301.55,0.0,211,0.857,29,0.0,0.0,0.1,0,0.0,10.0,0,0.0,0,0,0,0.0,0.0,217.81,217.81,0,1,0,0,0.71,0.0,0.16,0.0,0.0,0.1445,0.0,29,29,0
0.0,0.5,0,0.168,278.8,268.05,816,0.311,21,0.5,0.3333,0.08,1,-5.0,0.0,0,0.75,0,0,0,3.487,0.0,46.91,46.91,0,1,0,0,0.29,0.0,0.07,0.5,0.0,0.5018,268.05,21,21,1
0.0,0.0,0,0.846,199.3,0.0,51,2.356,24,0.0,0.0,0.2,0,0.0,10.0,0,0.0,0,0,0,0.826,0.0,168.7,168.7,0,2,0,0,2.94,0.0,0.68,0.0,0.0,0.1693,0.0,24,24,0
0.333,0.1429,1,1.523,237.51,21.57,132,1.807,22,0.1429,0.0,0.03,1,1.905,48.1,0,0.0,0,0,0,3.65,21.57,361.69,361.69,0,1,0,1,1.59,0.33,0.37,0.1429,1.0,0.2305,21.57,22,22,1
0.0,0.0,0,0.281,196.34,0.0,107,1.321,24,0.0,0.0,0.2,0,0.0,10.0,0,0.0,0,0,0,0.738,0.0,55.2,55.2,0,2,0,0,1.12,0.0,0.26,0.0,0.0,0.0703,0.0,24,24,0
0.333,0.2,1,0.127,261.52,210.09,29,7.377,7,0.2,0.0,0.08,0,1.333,36.7,0,1.0,0,0,1,2.067,210.09,33.31,33.31,2,5,0,1,5.17,0.33,1.19,0.2,0.2,0.1861,210.09,7,7,1
0.0,0.0,0,1.0,327.66,0.0,14,0.219,6,0.0,0.0,0.1,0,0.0,10.0,0,0.0,0,0,1,0.0,0.0,327.66,327.66,1,1,0,0,2.14,0.0,0.49,0.0,0.0,1.0,0.0,6,6,0
0.0,0.1667,0,0.745,188.84,381.33,584,0.251,26,0.1667,0.0,0.08,0,-1.667,0.0,0,1.0,0,0,0,0.0,0.0,140.71,140.71,0,1,0,0,0.31,0.0,0.07,0.1667,0.0,0.4608,381.33,26,26,0
0.0,0.0,0,1.0,487.88,0.0,44,0.376,12,0.0,0.0,0.2,0,0.0,10.0,0,0.0,0,0,0,0.0,0.0,487.88,487.88,0,1,0,0,0.68,0.0,0.16,0.0,0.0,1.0,0.0,12,12,1
0.0,0.0,0,1.479,290.1,0.0,307,1.024,30,0.0,0.0,0.2,0,0.0,10.0,0,0.0,0,0,0,2.127,0.0,428.94,428.94,0,1,0,0,0.98,0.0,0.23,0.0,0.0,0.1479,0.0,30,30,0
0.0,0.3333,0,0.252,275.44,136.94,635,0.267,26,0.3333,0.0,0.07,0,-3.333,0.0,0,0.5,0,0,0,0.0,0.0,69.52,69.52,0,1,0,0,0.28,0.0,0.07,0.3333,0.0,0.2078,136.94,26,26,1
0.667,0.2857,1,0.895,261.1,235.5,84,2.845,28,0.2857,0.0,0.08,0,3.81,86.2,0,0.5,0,0,0,1.638,85.83,233.78,233.78,1,5,1,1,2.5,0.67,0.58,0.2857,0.2,0.3856,235.5,28,28,1
0.333,0.25,1,0.561,254.99,328.27,51,1.826,20,0.25,0.0,0.1,1,0.833,26.7,0,1.0,0,0,0,1.133,328.27,143.03,143.03,0,1,0,1,2.35,0.33,0.54,0.25,1.0,0.4621,328.27,20,20,1
0.333,0.3077,0,1.391,260.71,170.04,633,0.526,8,0.3077,0.0,0.07,0,0.256,15.1,0,0.25,0,0,0,0.0,0.0,362.7,362.7,0,1,0,0,0.62,0.33,0.14,0.3077,0.0,0.3077,170.04,8,8,1
0.667,0.5833,0,0.392,247.28,241.33,701,0.484,24,0.5833,0.5,0.03,0,0.833,26.7,0,0.571,0,0,0,2.153,0.0,96.89,96.89,0,1,0,0,0.51,0.67,0.12,0.5833,0.0,0.602,241.33,24,24,1
0.0,0.0,0,1.294,184.79,0.0,43,1.789,15,0.0,0.0,0.12,0,0.0,10.0,0,0.0,0,0,0,0.522,0.0,239.1,239.1,0,4,0,0,2.79,0.0,0.64,0.0,0.0,0.3235,0.0,15,15,0
0.0,0.4,0,1.575,315.72,201.64,298,0.579,5,0.4,0.5,0.1,1,-4.0,0.0,0,0.5,0,0,0,1.786,0.0,497.32,497.32,2,2,0,0,0.5,0.0,0.12,0.4,0.0,0.5705,201.64,5,5,1
0.0,0.0909,0,0.776,251.05,119.17,338,1.002,4,0.0909,0.0,0.2,0,-0.909,0.0,0,0.0,0,0,0,2.161,0.0,194.77,194.77,2,3,0,0,0.98,0.0,0.23,0.0909,0.0,0.1137,119.17,4,4,0
0.0,0.0,0,1.822,216.23,0.0,225,0.699,14,0.0,0.0,0.08,0,0.0,10.0,0,0.0,0,0,0,0.0,0.0,394.07,394.07,1,3,0,0,0.8,0.0,0.18,0.0,0.0,0.3037,0.0,14,14,0
1.0,0.5,1,0.565,179.5,283.71,317,0.616,14,0.5,0.0,0.2,0,5.0,100.0,0,0.667,0,0,0,0.0,137.85,101.5,101.5,0,1,0,1,0.57,1.0,0.13,0.5,1.0,0.8845,283.71,14,14,1
0.0,0.0,0,0.775,110.2,0.0,182,0.688,8,0.0,0.0,0.07,0,0.0,10.0,0,0.0,0,0,0,3.333,0.0,85.41,85.41,1,2,0,0,0.66,0.0,0.15,0.0,0.0,0.1938,0.0,8,8,0
0.0,0.1429,0,1.31,308.95,112.08,316,0.472,8,0.1429,0.0,0.2,0,-1.429,0.0,0,0.0,0,0,0,4.956,0.0,404.67,404.67,0,2,0,0,0.66,0.0,0.15,0.1429,0.0,0.2389,112.08,8,8,0
0.0,0.0,0,1.929,154.18,0.0,152,0.727,8,0.0,0.0,0.1,0,0.0,10.0,0,0.0,0,0,0,0.0,0.0,297.34,297.34,0,2,0,0,0.79,0.0,0.18,0.0,0.0,0.4821,0.0,8,8,0
0.0,0.0,0,1.0,481.82,0.0,58,0.569,13,0.0,0.0,0.2,0,0.0,10.0,0,0.0,0,0,0,0.0,0.0,481.82,481.82,0,1,0,0,0.52,0.0,0.12,0.0,0.0,1.0,0.0,13,13,0
0.333,0.4286,0,1.592,312.04,290.91,297,0.379,2,0.4286,0.0,0.05,0,-0.952,0.0,0,0.667,0,0,0,0.0,0.0,496.75,496.75,1,1,0,0,0.71,0.33,0.16,0.4286,0.0,0.627,290.91,2,2,1
0.333,0.2857,1,0.886,294.4,337.7,287,1.373,27,0.2857,0.0,0.08,0,0.476,19.5,0,0.75,0,0,0,0.0,338.86,260.8,260.8,0,2,0,1,1.46,0.33,0.34,0.2857,0.5,0.391,337.7,27,27,1
0.333,0.1429,1,1.629,260.02,198.36,59,3.117,26,0.1429,0.0,0.05,0,1.905,48.1,0,0.0,0,0,0,1.567,198.36,423.55,423.55,3,6,0,1,3.56,0.33,0.82,0.1429,0.1667,0.3417,198.36,26,26,1
0.667,0.4,1,1.546,281.53,152.08,221,0.527,5,0.4,0.0,0.2,0,2.667,63.3,0,0.5,0,0,0,4.415,31.51,435.26,435.26,1,2,0,1,0.68,0.67,0.16,0.4,0.5,0.5253,152.08,5,5,1
0.0,0.4167,0,0.572,231.34,268.0,320,0.998,14,0.4167,0.5,0.03,0,-4.167,0.0,0,0.8,1,0,0,1.003,0.0,132.22,132.22,0,1,0,0,1.12,0.0,0.26,0.4167,0.0,0.5303,268.0,14,14,1
0.0,0.0,0,1.171,253.49,0.0,146,1.171,2,0.0,0.0,0.05,0,0.0,10.0,0,0.0,0,0,0,0.833,0.0,296.81,296.81,1,4,0,0,1.44,0.0,0.33,0.0,0.0,0.1673,0.0,2,2,0
0.333,0.1429,0,0.525,201.13,143.86,92,3.111,15,0.1429,0.0,0.07,0,1.905,48.1,0,0.0,0,0,0,2.625,0.0,105.6,105.6,0,3,0,0,2.28,0.33,0.53,0.1429,0.0,0.1772,143.86,15,15,0
0.0,0.0,0,0.707,155.64,0.0,97,0.669,24,0.0,0.0,0.2,0,0.0,10.0,0,0.0,0,0,0,1.539,0.0,110.04,110.04,0,2,0,0,0.93,0.0,0.21,0.0,0.0,0.2357,0.0,24,24,0
0.0,0.0,0,0.845,300.93,0.0,85,0.667,22,0.0,0.0,0.2,0,0.0,10.0,0,0.0,0,0,0,0.0,0.0,254.16,254.16,0,2,0,0,1.06,0.0,0.24,0.0,0.0,0.2815,0.0,22,22,0
0.0,0.0,0,1.0,360.37,0.0,159,0.317,16,0.0,0.0,0.1,0,0.0,10.0,0,0.0,0,0,0,0.0,0.0,360.37,360.37,0,1,0,0,0.19,0.0,0.04,0.0,0.0,1.0,0.0,16,16,1
0.0,0.0,0,1.031,125.16,0.0,84,1.176,9,0.0,0.0,0.12,0,0.0,10.0,0,0.0,0,0,0,2.4,0.0,129.09,129.09,0,1,0,0,1.07,0.0,0.25,0.0,0.0,0.3438,0.0,9,9,0
0.0,0.0,0,1.666,228.82,0.0,25,1.329,22,0.0,0.0,0.05,1,0.0,10.0,0,0.0,0,0,1,0.0,0.0,381.17,381.17,1,3,0,0,3.6,0.0,0.83,0.0,0.0,0.5553,0.0,22,22,1
0.0,0.1111,0,0.571,241.44,362.19,196,1.038,11,0.1111,0.0,0.1,0,-1.111,0.0,0,1.0,0,0,0,0.0,0.0,137.78,137.78,0,1,0,0,1.38,0.0,0.32,0.1111,0.0,0.2301,362.19,11,11,0
0.667,0.6364,0,1.06,208.46,203.97,258,1.121,1,0.6364,0.0,0.03,0,0.303,16.1,0,0.429,0,0,0,0.0,0.0,220.97,220.97,1,1,0,0,1.28,0.67,0.3,0.6364,0.0,0.719,203.97,1,1,1
0.333,0.0667,1,2.05,202.48,40.91,11,40.909,1,0.0667,0.125,0.2,0,2.667,63.3,0,0.0,0,0,1,1.0,40.91,415.09,415.09,8,15,1,1,40.91,0.33,9.45,0.0667,0.0667,0.1501,40.91,1,1,0
0.0,0.625,0,1.226,272.95,238.73,560,0.504,9,0.625,0.0,0.12,0,-6.25,0.0,0,0.4,1,0,0,0.0,0.0,334.62,334.62,0,1,0,0,0.43,0.0,0.1,0.625,0.0,0.6999,238.73,9,9,1
0.0,0.0,0,0.294,191.32,0.0,154,0.886,26,0.0,0.0,0.12,0,0.0,10.0,0,0.0,0,0,0,0.0,0.0,56.23,56.23,0,1,0,0,0.78,0.0,0.18,0.0,0.0,0.0735,0.0,26,26,0
0.0,0.0,0,0.562,278.87,0.0,142,0.729,28,0.0,0.0,0.2,0,0.0,10.0,0,0.0,0,0,0,1.406,0.0,156.65,156.65,0,1,0,0,1.27,0.0,0.29,0.0,0.0,0.0936,0.0,28,28,0
0.333,0.5,1,0.99,282.98,306.27,306,0.62,17,0.5,0.6667,0.2,0,-1.667,0.0,0,1.0,0,0,0,3.594,305.63,280.05,280.05,0,2,1,1,0.39,0.33,0.09,0.5,0.5,0.7885,306.27,17,17,1
0.0,0.0,0,0.788,400.44,0.0,158,0.451,24,0.0,0.0,0.08,0,0.0,10.0,0,0.0,0,0,0,0.0,0.0,315.5,315.5,0,2,0,0,0.38,0.0,0.09,0.0,0.0,0.3939,0.0,24,24,0
0.0,0.6667,0,2.345,111.75,36.61,219,0.486,11,0.6667,0.5,0.07,0,-6.667,0.0,0,0.0,0,0,0,10.05,0.0,262.02,262.02,0,1,0,0,0.41,0.0,0.09,0.6667,0.0,1.0,36.61,11,11,1
0.0,0.0,0,1.0,61.93,0.0,15,0.677,13,0.0,0.0,0.07,0,0.0,10.0,0,0.0,0,0,1,0.0,0.0,61.93,61.93,0,1,0,0,2.0,0.0,0.46,0.0,0.0,1.0,0.0,13,13,1
0.0,0.0,0,1.177,298.44,0.0,54,3.506,23,0.0,0.0,0.07,0,0.0,10.0,0,0.0,0,0,0,1.958,0.0,351.36,351.36,0,3,0,0,2.22,0.0,0.51,0.0,0.0,0.2943,0.0,23,23,0
0.333,0.2857,0,1.65,180.02,265.41,332,0.732,20,0.2857,0.0,0.05,0,0.476,19.5,0,0.5,0,0,0,0.0,0.0,297.03,297.03,0,2,0,0,0.63,0.33,0.15,0.2857,0.0,0.657,265.41,20,20,1
0.333,0.5,1,1.165,236.14,297.53,457,0.522,13,0.5,0.0,0.07,0,-1.667,0.0,0,0.5,0,0,0,0.0,132.04,275.04,275.04,0,1,0,1,0.53,0.33,0.12,0.5,1.0,0.7756,297.53,13,13,1
0.0,0.25,0,1.531,324.18,212.39,280,0.323,30,0.25,0.0,0.03,0,-2.5,0.0,0,1.0,0,0,0,3.333,0.0,496.4,496.4,0,1,0,0,0.43,0.0,0.1,0.25,0.0,0.5466,212.39,30,30,1
0.0,0.0,0,1.0,457.64,0.0,148,0.226,17,0.0,0.0,0.2,0,0.0,10.0,0,0.0,0,0,0,0.0,0.0,457.64,457.64,0,1,0,0,0.2,0.0,0.05,0.0,0.0,1.0,0.0,17,17,0
0.0,0.0,0,0.355,207.53,0.0,267,0.602,20,0.0,0.0,0.1,0,0.0,10.0,0,0.0,0,0,0,1.713,0.0,73.67,73.67,0,1,0,0,0.56,0.0,0.13,0.0,0.0,0.071,0.0,20,20,0
0.0,0.5455,0,0.983,272.81,247.54,471,0.663,21,0.5455,0.3333,0.08,1,-5.455,0.0,0,0.667,0,0,0,0.0,0.0,268.28,268.28,0,1,0,0,0.7,0.0,0.16,0.5455,0.0,0.5843,247.54,21,21,1
0.0,0.0,0,0.731,266.89,0.0,273,0.819,14,0.0,0.0,0.03,0,0.0,10.0,0,0.0,0,0,0,2.703,0.0,195.12,195.12,0,2,0,0,0.88,0.0,0.2,0.0,0.0,0.0914,0.0,14,14,0
0.333,0.4286,0,0.622,279.5,322.68,272,0.606,3,0.4286,0.3333,0.12,1,-0.952,0.0,0,1.0,0,0,0,3.815,0.0,173.78,173.78,1,1,0,0,0.77,0.33,0.18,0.4286,0.0,0.5836,322.68,3,3,1
0.0,0.0,0,0.547,247.09,0.0,119,1.374,27,0.0,0.0,0.12,0,0.0,10.0,0,0.0,0,0,0,0.703,0.0,135.2,135.2,0,2,0,0,1.26,0.0,0.29,0.0,0.0,0.1094,0.0,27,27,0
0.0,0.0,0,0.321,242.76,0.0,494,0.271,10,0.0,0.0,0.05,0,0.0,10.0,0,0.0,0,0,0,0.0,0.0,78.02,78.02,0,1,0,0,0.18,0.0,0.04,0.0,0.0,0.1071,0.0,10,10,1
0.0,0.1,0,1.787,244.99,212.64,525,0.571,6,0.1,0.0,0.12,0,-1.0,0.0,0,1.0,0,0,0,1.833,0.0,437.78,437.78,1,1,0,0,0.57,0.0,0.13,0.1,0.0,0.2655,212.64,6,6,0
0.0,0.0,0,1.0,110.69,0.0,62,0.962,26,0.0,0.0,0.1,0,0.0,10.0,0,0.0,0,0,0,1.043,0.0,110.69,110.69,0,1,0,0,0.48,0.0,0.11,0.0,0.0,1.0,0.0,26,26,1
1.0,0.4286,0,1.405,292.21,252.72,80,2.598,7,0.4286,0.0,0.12,1,5.714,100.0,0,0.667,0,0,0,1.212,0.0,410.52,410.52,1,1,0,0,2.62,1.0,0.61,0.4286,0.0,0.5713,252.72,7,7,1
0.0,0.25,0,0.736,242.36,411.81,554,0.288,15,0.25,0.0,0.03,0,-2.5,0.0,0,1.0,0,0,0,3.889,0.0,178.27,178.27,0,1,0,0,0.22,0.0,0.05,0.25,0.0,0.6087,411.81,15,15,1
0.0,0.0,0,0.522,189.8,0.0,69,4.245,13,0.0,0.0,0.12,0,0.0,10.0,0,0.0,0,0,0,1.689,0.0,99.01,99.01,3,5,0,0,3.91,0.0,0.9,0.0,0.0,0.058,0.0,13,13,0
0.0,0.375,0,0.69,209.39,101.94,369,0.607,9,0.375,0.0,0.2,0,-3.75,0.0,0,0.0,0,0,0,0.0,0.0,144.4,144.4,0,1,0,0,0.65,0.0,0.15,0.375,0.0,0.2688,101.94,9,9,1
0.333,0.5,1,1.283,254.41,316.74,260,0.24,4,0.5,0.0,0.1,0,-1.667,0.0,0,1.0,0,0,0,4.61,388.52,326.42,326.42,1,2,0,1,0.46,0.33,0.11,0.5,0.5,0.9433,316.74,4,4,1
1.333,0.4,0,0.827,254.35,211.52,108,2.868,28,0.4,0.0,0.12,0,9.333,100.0,0,0.25,1,0,0,1.06,0.0,210.3,210.3,0,3,0,0,2.78,1.33,0.64,0.4,0.0,0.4153,211.52,28,28,1
0.0,0.0,0,1.0,40.82,0.0,225,0.436,20,0.0,0.0,0.12,0,0.0,10.0,0,0.0,0,0,0,2.4,0.0,40.82,40.82,0,1,0,0,0.13,0.0,0.03,0.0,0.0,1.0,0.0,20,20,0
0.0,0.0,0,1.045,261.73,0.0,229,0.465,20,0.0,0.0,0.1,0,0.0,10.0,0,0.0,0,0,0,0.0,0.0,273.44,273.44,1,2,0,0,0.52,0.0,0.12,0.0,0.0,0.2612,0.0,20,20,0
0.0,0.0,0,2.161,190.63,0.0,322,0.36,24,0.0,0.0,0.05,0,0.0,10.0,0,0.0,0,0,0,0.0,0.0,411.92,411.92,0,3,0,0,0.56,0.0,0.13,0.0,0.0,0.3601,0.0,24,24,0
0.0,0.25,0,0.762,174.16,372.66,734,0.194,26,0.25,0.5,0.2,0,-2.5,0.0,0,1.0,0,0,0,0.0,0.0,132.79,132.79,0,1,0,0,0.16,0.0,0.04,0.25,0.0,0.7256,372.66,26,26,0
0.0,0.0,0,1.67,256.07,0.0,62,2.391,3,0.0,0.0,0.08,0,0.0,10.0,0,0.0,0,0,0,0.36,0.0,427.69,427.69,3,4,0,0,2.9,0.0,0.67,0.0,0.0,0.2784,0.0,3,3,0
0.0,0.0,0,0.712,236.65,0.0,84,5.357,23,0.0,0.0,0.1,0,0.0,10.0,0,0.0,0,0,0,0.9,0.0,168.46,168.46,1,5,0,0,5.36,0.0,1.24,0.0,0.0,0.0475,0.0,23,23,0
0.0,0.0,0,0.508,299.16,0.0,28,0.221,19,0.0,0.0,0.07,0,0.0,10.0,0,0.0,0,0,1,0.0,0.0,152.1,152.1,0,3,0,0,3.21,0.0,0.74,0.0,0.0,0.1695,0.0,19,19,1
0.0,0.1,0,0.534,204.07,287.63,362,0.796,21,0.1,0.0,0.2,0,-1.0,0.0,0,1.0,0,0,0,0.0,0.0,109.03,109.03,0,1,0,0,0.83,0.0,0.19,0.1,0.0,0.1944,287.63,21,21,0
1.667,0.3333,5,1.337,270.63,311.99,47,9.574,1,0.3333,0.2,0.03,0,13.333,100.0,1,1.0,0,1,0,1.133,1559.93,361.71,361.71,2,10,2,5,9.57,1.67,2.21,0.3333,0.5,0.4734,311.99,1,1,1
0.0,0.0,0,0.852,276.08,0.0,131,0.877,9,0.0,0.0,0.1,1,0.0,10.0,0,0.0,0,0,0,1.156,0.0,235.13,235.13,1,3,0,0,0.92,0.0,0.21,0.0,0.0,0.2129,0.0,9,9,1
0.0,0.0,0,1.319,322.87,0.0,84,0.448,12,0.0,0.0,0.08,0,0.0,10.0,0,0.0,0,0,0,0.0,0.0,425.8,425.8,0,1,0,0,0.71,0.0,0.16,0.0,0.0,0.6594,0.0,12,12,0
0.0,0.0,0,1.0,306.06,0.0,46,0.215,16,0.0,0.0,0.2,0,0.0,10.0,0,0.0,0,0,0,0.0,0.0,306.06,306.06,0,1,0,0,0.65,0.0,0.15,0.0,0.0,1.0,0.0,16,16,0
0.0,0.0,0,0.609,244.81,0.0,154,2.064,23,0.0,0.0,0.05,0,0.0,10.0,0,0.0,0,0,0,0.0,0.0,149.03,149.03,2,7,0,0,2.53,0.0,0.58,0.0,0.0,0.0468,0.0,23,23,0
0.0,0.0,0,1.0,363.76,0.0,28,0.316,17,0.0,0.0,0.12,1,0.0,10.0,0,0.0,0,0,1,0.0,0.0,363.76,363.76,0,1,0,0,1.07,0.0,0.25,0.0,0.0,1.0,0.0,17,17,1
0.333,0.5,1,1.506,160.49,79.36,361,0.142,6,0.5,0.5,0.07,0,-1.667,0.0,0,0.0,0,0,0,0.0,79.36,241.62,241.62,1,1,0,1,0.17,0.33,0.04,0.5,1.0,1.0,79.36,6,6,1
0.0,0.0,0,0.937,167.4,0.0,162,0.716,19,0.0,0.0,0.07,0,0.0,10.0,0,0.0,0,0,0,0.0,0.0,156.83,156.83,0,1,0,0,0.93,0.0,0.21,0.0,0.0,0.1874,0.0,19,19,0
0.0,0.3333,0,1.142,215.99,80.72,243,0.404,16,0.3333,0.0,0.2,0,-3.333,0.0,0,0.0,0,0,0,0.0,0.0,246.7,246.7,0,2,0,0,0.37,0.0,0.09,0.3333,0.0,0.5053,80.72,16,16,0
0.0,0.0,0,1.746,270.56,0.0,568,0.145,14,0.0,0.0,0.08,0,0.0,10.0,0,0.0,0,0,0,0.0,0.0,472.5,472.5,0,1,0,0,0.16,0.0,0.04,0.0,0.0,0.5821,0.0,14,14,0
0.0,0.0,0,1.803,193.0,0.0,125,0.47,13,0.0,0.0,0.03,0,0.0,10.0,0,0.0,0,0,0,0.0,0.0,347.92,347.92,0,1,0,0,0.48,0.0,0.11,0.0,0.0,0.9013,0.0,13,13,0
0.0,0.0,0,0.867,137.96,0.0,83,0.72,5,0.0,0.0,0.07,0,0.0,10.0,0,0.0,0,0,0,0.0,0.0,119.66,119.66,1,1,0,0,1.08,0.0,0.25,0.0,0.0,0.2891,0.0,5,5,1
0.0,0.0,0,0.9,335.48,0.0,97,0.758,25,0.0,0.0,0.1,0,0.0,10.0,0,0.0,0,0,0,3.733,0.0,301.98,301.98,0,1,0,0,0.93,0.0,0.21,0.0,0.0,0.3,0.0,25,25,0
0.0,0.0,0,1.028,250.14,0.0,33,0.833,23,0.0,0.0,0.05,0,0.0,10.0,0,0.0,1,0,0,1.233,0.0,257.05,257.05,0,2,0,0,1.82,0.0,0.42,0.0,0.0,0.5138,0.0,23,23,0
1.333,0.3077,4,0.333,265.1,251.06,39,9.13,5,0.3077,0.0,0.07,1,10.256,100.0,1,0.5,0,1,0,1.333,1004.23,88.28,88.28,5,11,2,4,10.0,1.33,2.31,0.3077,0.3636,0.317,251.06,5,5,1
0.0,0.0,0,0.6,273.71,0.0,310,1.289,20,0.0,0.0,0.1,0,0.0,10.0,0,0.0,0,0,0,0.76,0.0,164.13,164.13,1,2,0,0,1.35,0.0,0.31,0.0,0.0,0.0428,0.0,20,20,0
0.333,0.2727,1,1.059,245.84,201.21,661,0.499,7,0.2727,0.0,0.12,0,0.606,22.1,0,0.333,1,0,0,4.674,359.48,260.32,260.32,2,2,0,1,0.5,0.33,0.12,0.2727,0.5,0.3195,201.21,7,7,1
0.0,0.0,0,1.614,258.1,0.0,222,0.965,18,0.0,0.0,0.12,0,0.0,10.0,0,0.0,1,0,0,1.039,0.0,416.61,416.61,1,6,0,0,1.22,0.0,0.28,0.0,0.0,0.1793,0.0,18,18,0
0.667,0.3333,1,1.903,213.93,203.62,549,0.401,11,0.3333,0.0,0.05,0,3.333,76.7,0,0.333,0,0,0,0.0,118.25,407.1,407.1,1,2,0,1,0.49,0.67,0.11,0.3333,0.5,0.5287,203.62,11,11,1
0.0,0.0,0,1.0,488.38,0.0,43,0.498,4,0.0,0.0,0.2,0,0.0,10.0,0,0.0,1,0,0,0.0,0.0,488.38,488.38,1,1,0,0,0.7,0.0,0.16,0.0,0.0,1.0,0.0,4,4,1
0.0,0.0,0,1.004,406.15,0.0,43,0.594,20,0.0,0.0,0.1,0,0.0,10.0,0,0.0,1,0,0,0.0,0.0,407.6,407.6,0,2,0,0,1.4,0.0,0.32,0.0,0.0,0.5018,0.0,20,20,1
0.0,0.1429,0,1.272,276.28,156.28,595,0.698,4,0.1429,0.0,0.05,0,-1.429,0.0,0,0.5,1,0,0,1.467,0.0,351.47,351.47,1,1,0,0,0.71,0.0,0.16,0.1429,0.0,0.1717,156.28,4,4,0
0.333,0.4545,0,0.965,342.44,307.55,312,0.83,11,0.4545,0.0,0.05,0,-1.212,0.0,0,0.6,0,0,0,0.0,0.0,330.45,330.45,0,1,0,0,1.06,0.33,0.24,0.4545,0.0,0.496,307.55,11,11,1
0.667,0.6667,1,1.055,240.11,233.55,90,1.429,6,0.6667,0.0,0.08,0,0.0,10.0,0,0.5,0,0,0,2.467,416.84,253.21,253.21,1,1,0,1,1.0,0.67,0.23,0.6667,1.0,1.0,233.55,6,6,1
0.333,0.0714,0,1.203,223.25,499.83,79,5.114,13,0.0714,0.0,0.2,0,2.619,62.4,0,1.0,0,0,0,0.967,0.0,268.65,268.65,0,4,0,0,5.32,0.33,1.23,0.0714,0.0,0.2459,499.83,13,13,0
0.0,0.0,0,1.753,225.81,0.0,392,0.415,17,0.0,0.0,0.2,0,0.0,10.0,0,0.0,0,0,0,0.0,0.0,395.88,395.88,0,1,0,0,0.46,0.0,0.11,0.0,0.0,0.2922,0.0,17,17,0
0.0,0.2857,0,0.699,176.09,271.86,257,0.495,3,0.2857,0.5,0.2,0,-2.857,0.0,0,0.5,0,0,0,2.115,0.0,123.03,123.03,1,1,0,0,0.82,0.0,0.19,0.2857,0.0,0.5409,271.86,3,3,1
0.0,0.0,0,1.296,288.35,0.0,373,0.753,16,0.0,0.0,0.07,0,0.0,10.0,0,0.0,0,0,0,1.352,0.0,373.81,373.81,1,3,0,0,0.8,0.0,0.19,0.0,0.0,0.1296,0.0,16,16,0
0.333,0.3333,1,1.693,277.59,22.04,301,0.226,3,0.3333,0.0,0.03,0,0.0,10.0,0,0.0,0,0,0,0.0,22.04,469.91,469.91,1,2,1,1,0.3,0.33,0.07,0.3333,0.5,0.5907,22.04,3,3,1
0.0,0.5556,0,1.446,272.76,237.4,499,0.457,26,0.5556,0.6667,0.08,1,-5.556,0.0,0,0.4,0,0,0,0.0,0.0,394.33,394.33,0,1,0,0,0.54,0.0,0.12,0.5556,0.0,0.6442,237.4,26,26,1
0.0,0.0,0,1.691,83.54,0.0,77,0.699,30,0.0,0.0,0.12,0,0.0,10.0,0,0.0,0,0,0,0.0,0.0,141.3,141.3,0,2,0,0,0.78,0.0,0.18,0.0,0.0,0.8457,0.0,30,30,0
0.0,0.0,0,0.415,295.2,0.0,115,2.87,5,0.0,0.0,0.12,0,0.0,10.0,0,0.0,0,0,0,0.63,0.0,122.64,122.64,1,2,0,0,2.87,0.0,0.66,0.0,0.0,0.0378,0.0,5,5,0
0.0,0.0,0,0.999,207.32,0.0,303,0.498,10,0.0,0.0,0.12,0,0.0,10.0,0,0.0,0,0,0,0.0,0.0,207.16,207.16,0,1,0,0,0.69,0.0,0.16,0.0,0.0,0.1427,0.0,10,10,0
0.0,0.0,0,1.0,251.81,0.0,6,1.014,2,0.0,0.0,0.05,0,0.0,10.0,0,0.0,0,0,1,0.985,0.0,251.81,251.81,1,1,0,0,5.0,0.0,1.15,0.0,0.0,1.0,0.0,2,2,1
0.0,0.6667,0,0.285,322.51,338.65,701,0.245,13,0.6667,0.5,0.07,0,-6.667,0.0,0,0.75,0,0,0,0.0,0.0,91.76,91.76,0,1,0,0,0.26,0.0,0.06,0.6667,0.0,0.7475,338.65,13,13,1
0.0,0.0,0,1.759,222.5,0.0,560,0.152,13,0.0,0.0,0.08,0,0.0,10.0,0,0.0,0,0,0,7.975,0.0,391.47,391.47,0,1,0,0,0.16,0.0,0.04,0.0,0.0,0.5865,0.0,13,13,0
0.667,0.3846,1,0.288,270.75,328.95,274,1.398,11,0.3846,0.0,0.1,1,2.821,66.4,0,0.8,0,0,0,3.689,376.18,78.09,78.09,2,4,1,1,1.42,0.67,0.33,0.3846,0.25,0.4895,328.95,11,11,1
0.0,0.0,0,1.203,406.66,0.0,243,0.171,8,0.0,0.0,0.2,0,0.0,10.0,0,0.0,0,0,0,0.0,0.0,489.34,489.34,0,1,0,0,0.25,0.0,0.06,0.0,0.0,0.6017,0.0,8,8,0
0.667,0.5,2,0.316,309.04,341.26,35,0.904,3,0.5,0.0,0.03,0,1.667,43.3,0,0.5,0,0,0,1.114,682.52,97.53,97.53,2,2,0,2,3.43,0.67,0.79,0.5,1.0,0.631,341.26,3,3,1
0.0,0.5,0,0.916,334.67,328.7,480,0.259,13,0.5,0.0,0.07,0,-5.0,0.0,0,1.0,1,0,0,0.0,0.0,306.63,306.63,0,1,0,0,0.25,0.0,0.06,0.5,0.0,0.7201,328.7,13,13,1
0.667,0.6667,1,1.077,224.27,215.68,155,0.35,22,0.6667,0.5,0.12,1,0.0,10.0,0,0.5,0,0,0,0.0,267.6,241.47,241.47,0,2,1,1,0.58,0.67,0.13,0.6667,0.5,1.0,215.68,22,22,1
0.0,0.0,0,0.436,260.41,0.0,646,0.433,6,0.0,0.0,0.2,0,0.0,10.0,0,0.0,0,0,0,2.413,0.0,113.51,113.51,2,3,0,0,0.46,0.0,0.11,0.0,0.0,0.0436,0.0,6,6,0
0.0,0.0,0,1.0,436.06,0.0,98,0.268,11,0.0,0.0,0.12,0,0.0,10.0,0,0.0,1,0,0,0.0,0.0,436.06,436.06,0,1,0,0,0.31,0.0,0.07,0.0,0.0,1.0,0.0,11,11,1
1.0,0.5714,1,0.861,186.5,267.42,300,0.789,14,0.5714,0.5,0.07,0,4.286,95.7,0,0.5,0,0,0,2.971,42.65,160.49,160.49,0,1,0,1,0.7,1.0,0.16,0.5714,1.0,0.9423,267.42,14,14,1
0.0,0.0,0,1.0,163.75,0.0,124,0.35,23,0.0,0.0,0.12,1,0.0,10.0,0,0.0,0,0,0,0.0,0.0,163.75,163.75,0,1,0,0,0.24,0.0,0.06,0.0,0.0,1.0,0.0,23,23,1
0.0,0.0,0,0.958,236.43,0.0,252,0.46,1,0.0,0.0,0.2,0,0.0,10.0,0,0.0,0,0,0,0.0,0.0,226.43,226.43,2,2,0,0,0.6,0.0,0.14,0.0,0.0,0.1915,0.0,1,1,0
0.0,0.0,0,0.84,255.15,0.0,229,0.128,14,0.0,0.0,0.12,0,0.0,10.0,0,0.0,0,0,0,0.0,0.0,214.34,214.34,0,1,0,0,0.39,0.0,0.09,0.0,0.0,0.28,0.0,14,14,0
0.333,0.0667,1,0.578,289.89,369.89,48,9.375,21,0.0667,0.0,0.07,0,2.667,63.3,0,1.0,1,0,0,1.65,369.89,167.64,167.64,3,11,0,1,9.38,0.33,2.17,0.0667,0.0909,0.1236,369.89,21,21,0
0.0,0.0,0,0.36,187.14,0.0,36,2.53,28,0.0,0.0,0.05,0,0.0,10.0,0,0.0,0,0,0,0.294,0.0,67.35,67.35,0,4,0,0,3.33,0.0,0.77,0.0,0.0,0.09,0.0,28,28,0
0.333,0.2,0,0.989,262.32,359.06,70,1.494,7,0.2,0.0,0.12,1,1.333,36.7,0,1.0,0,0,0,0.0,0.0,259.33,259.33,2,3,0,0,2.14,0.33,0.49,0.2,0.0,0.4715,359.06,7,7,1
0.0,0.0,0,1.112,268.68,0.0,568,0.497,26,0.0,0.0,0.2,0,0.0,10.0,0,0.0,0,0,0,4.633,0.0,298.65,298.65,0,1,0,0,0.48,0.0,0.11,0.0,0.0,0.1235,0.0,26,26,0
0.0,0.0,0,0.46,87.98,0.0,29,0.998,17,0.0,0.0,0.05,0,0.0,10.0,0,0.0,0,0,1,1.003,0.0,40.46,40.46,1,2,0,0,2.07,0.0,0.48,0.0,0.0,0.23,0.0,17,17,1
0.0,0.0,0,0.769,306.89,0.0,736,0.25,10,0.0,0.0,0.2,0,0.0,10.0,0,0.0,0,0,0,0.0,0.0,235.96,235.96,0,1,0,0,0.24,0.0,0.06,0.0,0.0,0.1281,0.0,10,10,0
0.0,0.25,0,0.776,182.71,120.67,199,0.745,20,0.25,0.3333,0.1,1,-2.5,0.0,0,0.0,1,0,0,1.377,0.0,141.82,141.82,0,1,0,0,0.6,0.0,0.14,0.25,0.0,0.3592,120.67,20,20,1
0.0,0.1429,0,1.82,193.05,347.92,315,0.47,17,0.1429,0.0,0.2,0,-1.429,0.0,0,1.0,0,0,0,0.0,0.0,351.45,351.45,0,1,0,0,0.67,0.0,0.15,0.1429,0.0,0.5175,347.92,17,17,0
0.0,0.0,0,1.0,321.23,0.0,22,0.957,21,0.0,0.0,0.03,1,0.0,10.0,0,0.0,1,0,1,1.067,0.0,321.23,321.23,0,1,0,0,1.36,0.0,0.31,0.0,0.0,1.0,0.0,21,21,1
0.0,0.0,0,0.843,324.99,0.0,190,1.418,13,0.0,0.0,0.1,0,0.0,10.0,0,0.0,0,0,0,2.45,0.0,274.07,274.07,0,4,0,0,1.26,0.0,0.29,0.0,0.0,0.1054,0.0,13,13,0
0.667,0.3333,2,0.349,305.84,436.44,127,2.126,17,0.3333,0.3333,0.05,0,3.333,76.7,0,1.0,0,0,0,1.617,937.76,106.7,106.7,0,3,0,2,2.13,0.67,0.49,0.3333,0.6667,0.5144,436.44,17,17,1
1.333,0.4444,4,1.804,185.35,239.66,12,22.5,7,0.4444,0.6667,0.12,0,8.889,100.0,1,0.75,0,0,1,1.0,958.62,334.39,334.39,8,9,4,4,22.5,1.33,5.2,0.4444,0.4444,0.7751,239.66,7,7,1
0.0,0.5,0,1.1,218.11,250.46,755,0.544,6,0.5,0.3333,0.1,0,-5.0,0.0,0,0.714,0,0,0,1.903,0.0,239.85,239.85,1,1,0,0,0.56,0.0,0.13,0.5,0.0,0.6527,250.46,6,6,1
0.333,0.1667,0,0.605,167.89,327.48,129,1.469,1,0.1667,0.5,0.12,0,1.667,43.3,0,1.0,0,0,0,1.507,0.0,101.62,101.62,1,1,0,0,1.4,0.33,0.32,0.1667,0.0,0.426,327.48,1,1,0
0.0,0.0,0,1.0,47.29,0.0,10,1.741,1,0.0,0.0,0.03,1,0.0,10.0,0,0.0,1,0,1,1.94,0.0,47.29,47.29,1,1,0,0,3.0,0.0,0.69,0.0,0.0,1.0,0.0,1,1,1
0.333,0.125,0,1.134,286.23,438.62,204,1.176,23,0.125,0.0,0.2,0,2.083,51.7,0,1.0,0,0,0,0.829,0.0,324.69,324.69,0,1,0,0,1.18,0.33,0.27,0.125,0.0,0.3334,438.62,23,23,0
0.333,0.3333,0,1.447,52.52,44.92,120,0.804,14,0.3333,0.0,0.2,0,0.0,10.0,0,0.0,1,0,0,2.858,0.0,76.02,76.02,0,1,0,0,0.75,0.33,0.17,0.3333,0.0,0.7675,44.92,14,14,1
0.0,0.0,0,1.0,186.56,0.0,35,0.471,23,0.0,0.0,0.12,0,0.0,10.0,0,0.0,1,0,0,0.0,0.0,186.56,186.56,0,1,0,0,0.86,0.0,0.2,0.0,0.0,1.0,0.0,23,23,1
0.0,0.0,0,1.0,396.01,0.0,54,0.569,30,0.0,0.0,0.08,0,0.0,10.0,0,0.0,0,0,0,1.812,0.0,396.01,396.01,0,1,0,0,0.56,0.0,0.13,0.0,0.0,1.0,0.0,30,30,1
0.0,0.0833,0,1.488,299.71,392.09,488,0.661,12,0.0833,0.5,0.1,0,-0.833,0.0,0,1.0,0,0,0,0.0,0.0,446.08,446.08,0,2,0,0,0.74,0.0,0.17,0.0833,0.0,0.233,392.09,12,12,1
0.0,0.0,0,0.503,352.86,0.0,142,1.848,23,0.0,0.0,0.12,0,0.0,10.0,0,0.0,0,0,0,0.503,0.0,177.56,177.56,0,2,0,0,1.69,0.0,0.39,0.0,0.0,0.0629,0.0,23,23,0
0.333,0.25,0,1.335,237.41,375.03,463,0.212,10,0.25,0.0,0.12,0,0.833,26.7,0,1.0,0,0,0,0.0,0.0,316.94,316.94,0,1,0,0,0.26,0.33,0.06,0.25,0.0,0.7287,375.03,10,10,0
0.667,0.5714,1,0.755,286.08,278.76,196,1.197,5,0.5714,0.0,0.05,0,0.952,29.0,0,0.5,0,0,0,0.824,88.73,216.09,216.09,1,3,0,1,1.07,0.67,0.25,0.5714,0.3333,0.6647,278.76,5,5,1
0.333,0.4,0,0.178,183.66,305.4,213,0.6,2,0.4,0.5,0.2,0,-0.667,0.0,0,1.0,0,0,0,0.0,0.0,32.64,32.64,1,1,0,0,0.7,0.33,0.16,0.4,0.0,0.7007,305.4,2,2,1
0.333,0.375,0,1.485,255.65,256.64,186,0.87,7,0.375,0.3333,0.08,0,-0.417,1.7,0,0.667,0,0,0,1.16,0.0,379.55,379.55,1,2,0,0,1.29,0.33,0.3,0.375,0.0,0.562,256.64,7,7,1
0.0,0.0,0,0.429,219.91,0.0,520,0.372,3,0.0,0.0,0.2,0,0.0,10.0,0,0.0,0,0,0,0.0,0.0,94.29,94.29,1,1,0,0,0.46,0.0,0.11,0.0,0.0,0.0536,0.0,3,3,0
0.0,0.0,0,0.553,332.93,0.0,39,1.023,21,0.0,0.0,0.2,0,0.0,10.0,0,0.0,0,0,0,0.967,0.0,184.25,184.25,0,2,0,0,1.54,0.0,0.36,0.0,0.0,0.2767,0.0,21,21,0
0.0,0.4444,0,1.347,334.95,262.46,567,0.466,2,0.4444,0.0,0.2,0,-4.444,0.0,0,0.5,0,0,0,0.0,0.0,451.24,451.24,1,1,0,0,0.48,0.0,0.11,0.4444,0.0,0.4979,262.46,2,2,1
0.0,0.0,0,1.648,302.74,0.0,20,22.5,11,0.0,0.0,0.08,0,0.0,10.0,0,0.0,0,0,1,1.0,0.0,498.92,498.92,9,15,0,0,22.5,0.0,5.2,0.0,0.0,0.1099,0.0,11,11,0
0.667,0.1667,1,1.041,211.3,121.7,53,7.377,3,0.1667,0.0,0.2,0,5.0,100.0,0,0.5,0,0,0,2.067,33.31,219.91,219.91,6,8,0,1,6.79,0.67,1.57,0.1667,0.125,0.1827,121.7,3,3,1
0.0,0.2,0,1.224,276.09,294.41,686,0.628,2,0.2,0.0,0.1,0,-2.0,0.0,0,1.0,0,0,0,0.0,0.0,338.01,338.01,1,1,0,0,0.66,0.0,0.15,0.2,0.0,0.2949,294.41,2,2,0
0.333,0.6667,1,1.499,321.47,241.2,520,0.161,25,0.6667,0.0,0.1,1,-3.333,0.0,0,1.0,0,0,0,0.0,240.0,482.0,482.0,0,2,1,1,0.17,0.33,0.04,0.6667,0.5,1.0,241.2,25,25,1
0.0,0.0,0,1.0,397.43,0.0,129,0.115,8,0.0,0.0,0.07,0,0.0,10.0,0,0.0,0,0,0,0.0,0.0,397.43,397.43,0,1,0,0,0.23,0.0,0.05,0.0,0.0,1.0,0.0,8,8,1
0.0,0.0,0,1.591,278.09,0.0,519,0.388,22,0.0,0.0,0.08,0,0.0,10.0,0,0.0,0,0,0,2.752,0.0,442.34,442.34,0,1,0,0,0.4,0.0,0.09,0.0,0.0,0.2272,0.0,22,22,0
0.333,0.3333,0,1.497,207.06,160.6,94,0.407,7,0.3333,0.0,0.2,0,0.0,10.0,0,0.0,0,0,0,0.0,0.0,309.9,309.9,1,1,0,0,0.96,0.33,0.22,0.3333,0.0,0.7574,160.6,7,7,0
0.667,0.4,1,1.198,127.0,151.86,66,0.588,8,0.4,0.0,0.07,1,2.667,63.3,0,0.5,0,0,0,0.0,230.29,152.11,152.11,0,3,1,1,2.27,0.67,0.52,0.4,0.3333,0.7178,151.86,8,8,1
0.667,0.2222,1,1.908,226.58,221.84,146,1.75,21,0.2222,0.0,0.2,0,4.444,98.9,0,1.0,0,0,0,0.538,235.47,432.36,432.36,0,4,0,1,1.85,0.67,0.43,0.2222,0.25,0.4296,221.84,21,21,0
0.333,0.4545,0,0.923,249.45,241.02,537,0.483,28,0.4545,0.25,0.08,1,-1.212,0.0,0,0.6,0,0,0,0.0,0.0,230.35,230.35,0,1,0,0,0.61,0.33,0.14,0.4545,0.0,0.5231,241.02,28,28,1
0.333,0.125,1,0.648,221.66,163.24,204,1.562,21,0.125,0.0,0.2,0,2.083,51.7,0,0.0,0,0,0,0.614,163.24,143.54,143.54,0,3,1,1,1.18,0.33,0.27,0.125,0.3333,0.173,163.24,21,21,1
1.0,0.375,3,1.534,281.49,314.21,77,3.117,5,0.375,0.0,0.08,0,6.25,100.0,0,0.667,0,1,0,1.567,942.64,431.75,431.75,1,4,0,3,3.12,1.0,0.72,0.375,0.75,0.6103,314.21,5,5,1
0.333,0.25,1,1.319,310.33,189.83,69,1.171,17,0.25,0.0,0.1,0,0.833,26.7,0,0.0,1,0,0,0.842,189.83,409.42,409.42,0,1,0,1,1.74,0.33,0.4,0.25,1.0,0.4828,189.83,17,17,1
0.0,0.0,0,1.0,484.0,0.0,355,0.173,2,0.0,0.0,0.03,0,0.0,10.0,0,0.0,0,0,0,0.0,0.0,484.0,484.0,1,1,0,0,0.08,0.0,0.02,0.0,0.0,1.0,0.0,2,2,0
0.0,0.2857,0,1.432,338.58,188.26,333,0.603,8,0.2857,0.0,0.03,0,-2.857,0.0,0,0.5,0,0,0,0.0,0.0,484.86,484.86,0,1,0,0,0.63,0.0,0.15,0.2857,0.0,0.3634,188.26,8,8,1
0.0,0.0,0,0.976,414.76,0.0,48,1.129,14,0.0,0.0,0.2,0,0.0,10.0,0,0.0,1,0,0,0.0,0.0,404.71,404.71,0,1,0,0,1.88,0.0,0.43,0.0,0.0,0.3253,0.0,14,14,0
0.0,0.0,0,0.564,247.59,0.0,923,0.368,25,0.0,0.0,0.2,0,0.0,10.0,0,0.0,0,0,0,0.0,0.0,139.55,139.55,0,3,0,0,0.39,0.0,0.09,0.0,0.0,0.047,0.0,25,25,0
0.667,0.5,1,0.211,359.98,453.94,414,0.256,17,0.5,0.0,0.12,0,1.667,43.3,0,1.0,0,0,0,0.0,414.99,75.9,75.9,0,1,0,1,0.29,0.67,0.07,0.5,1.0,0.6832,453.94,17,17,1
0.0,0.0,0,1.0,53.63,0.0,108,0.31,23,0.0,0.0,0.05,0,0.0,10.0,0,0.0,0,0,0,0.0,0.0,53.63,53.63,0,1,0,0,0.28,0.0,0.06,0.0,0.0,1.0,0.0,23,23,0
1.0,0.3636,1,0.614,349.75,368.14,340,0.947,28,0.3636,0.0,0.03,1,6.364,100.0,0,0.75,0,0,0,1.061,335.53,214.66,214.66,0,2,1,1,0.97,1.0,0.22,0.3636,0.5,0.4386,368.14,28,28,1
0.0,0.25,0,1.293,256.21,302.06,358,1.098,17,0.25,0.0,0.1,0,-2.5,0.0,0,0.667,1,0,0,0.905,0.0,331.25,331.25,1,2,0,0,1.01,0.0,0.23,0.25,0.0,0.4025,302.06,17,17,1
0.333,0.2,0,0.25,333.54,488.06,229,0.468,8,0.2,0.0,0.2,0,1.333,36.7,0,1.0,0,0,0,0.0,0.0,83.49,83.49,0,1,0,0,0.66,0.33,0.15,0.2,0.0,0.3427,488.06,8,8,1
0.0,0.0,0,1.0,106.79,0.0,51,0.452,23,0.0,0.0,0.12,0,0.0,10.0,0,0.0,0,0,0,0.0,0.0,106.79,106.79,0,1,0,0,0.59,0.0,0.14,0.0,0.0,1.0,0.0,23,23,1
0.0,0.0,0,1.011,493.16,0.0,13,2.222,2,0.0,0.0,0.07,0,0.0,10.0,0,0.0,1,0,1,0.4,0.0,498.62,498.62,2,3,0,0,6.92,0.0,1.6,0.0,0.0,0.337,0.0,2,2,1
0.333,0.2857,0,1.21,226.42,193.04,370,0.544,1,0.2857,0.0,0.2,0,0.476,19.5,0,0.5,0,0,0,0.0,0.0,273.96,273.96,1,1,0,0,0.57,0.33,0.13,0.2857,0.0,0.4164,193.04,1,1,1
0.0,0.5,0,0.288,321.38,399.59,289,1.183,3,0.5,0.0,0.08,1,-5.0,0.0,0,1.0,0,0,0,1.806,0.0,92.67,92.67,2,2,0,0,1.04,0.0,0.24,0.5,0.0,0.6505,399.59,3,3,1
0.333,0.25,1,1.232,201.74,217.67,67,2.748,7,0.25,0.0,0.1,1,0.833,26.7,0,1.0,0,0,0,1.122,217.67,248.49,248.49,1,3,1,1,1.79,0.33,0.41,0.25,0.3333,0.5777,217.67,7,7,1
0.0,0.2,0,0.871,289.92,359.79,368,0.594,2,0.2,0.0,0.03,0,-2.0,0.0,0,1.0,0,0,0,0.0,0.0,252.66,252.66,1,2,0,0,0.41,0.0,0.09,0.2,0.0,0.4225,359.79,2,2,1
0.0,0.0,0,0.423,248.04,0.0,375,0.96,17,0.0,0.0,0.05,0,0.0,10.0,0,0.0,0,0,0,3.833,0.0,104.97,104.97,0,3,0,0,0.96,0.0,0.22,0.0,0.0,0.0353,0.0,17,17,0
1.0,0.4444,1,0.414,237.17,221.36,244,1.083,10,0.4444,0.0,0.2,0,5.556,100.0,0,0.5,0,0,0,0.915,347.74,98.07,98.07,0,1,0,1,1.11,1.0,0.26,0.4444,1.0,0.4608,221.36,10,10,1
0.0,0.1667,0,0.661,280.84,192.08,629,0.47,21,0.1667,0.3333,0.2,0,-1.667,0.0,0,0.5,1,0,0,0.0,0.0,185.66,185.66,0,1,0,0,0.57,0.0,0.13,0.1667,0.0,0.1691,192.08,21,21,0
0.0,0.0,0,0.141,209.6,0.0,125,1.106,16,0.0,0.0,0.07,0,0.0,10.0,0,0.0,0,0,0,0.898,0.0,29.47,29.47,0,2,0,0,1.44,0.0,0.33,0.0,0.0,0.0234,0.0,16,16,0
0.0,0.0,0,0.847,264.83,0.0,44,1.948,6,0.0,0.0,0.1,0,0.0,10.0,0,0.0,0,0,0,1.044,0.0,224.2,224.2,1,3,0,0,2.05,0.0,0.47,0.0,0.0,0.2822,0.0,6,6,0
0.0,0.1429,0,0.948,235.1,114.42,360,0.483,26,0.1429,0.0,0.03,1,-1.429,0.0,0,0.0,0,0,0,0.0,0.0,222.81,222.81,0,1,0,0,0.58,0.0,0.13,0.1429,0.0,0.2049,114.42,26,26,1
0.0,0.0,0,1.0,111.07,0.0,14,0.435,5,0.0,0.0,0.2,0,0.0,10.0,0,0.0,0,0,1,2.415,0.0,111.07,111.07,1,1,0,0,2.14,0.0,0.49,0.0,0.0,1.0,0.0,5,5,0
0.333,0.3333,0,1.269,333.86,289.57,343,0.605,22,0.3333,0.0,0.03,0,0.0,10.0,0,0.667,0,0,0,0.0,0.0,423.79,423.79,0,2,0,0,0.79,0.33,0.18,0.3333,0.0,0.4302,289.57,22,22,1
0.0,0.0,0,1.0,161.43,0.0,14,0.474,4,0.0,0.0,0.12,0,0.0,10.0,0,0.0,0,0,1,2.212,0.0,161.43,161.43,1,1,0,0,2.14,0.0,0.49,0.0,0.0,1.0,0.0,4,4,0
0.333,0.3636,1,0.567,202.85,134.61,659,0.581,10,0.3636,0.0,0.08,0,-0.303,3.9,0,0.25,0,0,0,3.85,60.47,115.0,115.0,0,2,1,1,0.5,0.33,0.12,0.3636,0.5,0.2929,134.61,10,10,1
0.0,0.0,0,1.608,275.45,0.0,341,0.919,1,0.0,0.0,0.2,0,0.0,10.0,0,0.0,0,0,0,1.095,0.0,442.99,442.99,1,1,0,0,1.06,0.0,0.24,0.0,0.0,0.134,0.0,1,1,0
0.0,0.0,0,0.839,328.75,0.0,135,1.058,30,0.0,0.0,0.2,0,0.0,10.0,0,0.0,0,0,0,2.039,0.0,275.93,275.93,0,2,0,0,1.11,0.0,0.26,0.0,0.0,0.1679,0.0,30,30,0
0.0,0.0,0,0.502,265.15,0.0,430,0.184,21,0.0,0.0,0.2,0,0.0,10.0,0,0.0,0,0,0,0.0,0.0,133.03,133.03,0,1,0,0,0.35,0.0,0.08,0.0,0.0,0.1003,0.0,21,21,0
1.0,0.625,0,0.782,219.49,204.88,267,0.521,17,0.625,0.0,0.05,0,3.75,85.0,0,0.2,0,0,0,0.0,0.0,171.6,171.6,0,2,0,0,0.9,1.0,0.21,0.625,0.0,0.6811,204.88,17,17,1
0.333,0.3333,0,1.063,357.96,477.2,38,1.078,14,0.3333,0.0,0.12,0,0.0,10.0,0,1.0,0,0,0,2.044,0.0,380.52,380.52,0,1,0,0,2.37,0.33,0.55,0.3333,0.0,0.7987,477.2,14,14,1
0.0,0.0,0,1.308,355.64,0.0,134,0.476,7,0.0,0.0,0.05,0,0.0,10.0,0,0.0,0,0,0,2.203,0.0,465.01,465.01,1,3,0,0,0.9,0.0,0.21,0.0,0.0,0.3269,0.0,7,7,0
0.0,0.0,0,1.201,75.21,0.0,43,1.612,19,0.0,0.0,0.1,1,0.0,10.0,0,0.0,0,0,0,0.589,0.0,90.31,90.31,0,1,0,0,1.4,0.0,0.32,0.0,0.0,0.6004,0.0,19,19,1
0.333,0.1111,0,0.96,328.84,263.46,157,1.548,25,0.1111,0.0,0.08,0,2.222,54.4,0,1.0,1,0,0,0.0,0.0,315.58,315.58,0,1,0,0,1.72,0.33,0.4,0.1111,0.0,0.1957,263.46,25,25,0
0.0,0.0,0,0.942,360.32,0.0,506,0.186,15,0.0,0.0,0.2,0,0.0,10.0,0,0.0,0,0,0,6.483,0.0,339.37,339.37,0,1,0,0,0.18,0.0,0.04,0.0,0.0,0.314,0.0,15,15,0
0.333,0.5714,1,1.396,292.43,331.27,323,1.284,18,0.5714,0.5,0.2,0,-2.381,0.0,0,0.875,0,0,0,1.65,472.79,408.3,408.3,1,2,0,1,1.3,0.33,0.3,0.5714,0.5,0.7471,331.27,18,18,1
0.0,0.0,0,1.0,120.42,0.0,96,0.336,17,0.0,0.0,0.12,0,0.0,10.0,0,0.0,0,0,0,0.0,0.0,120.42,120.42,0,1,0,0,0.31,0.0,0.07,0.0,0.0,1.0,0.0,17,17,1
0.0,0.2,0,0.105,244.92,293.76,835,0.155,9,0.2,0.0,0.2,0,-2.0,0.0,0,1.0,0,0,0,0.0,0.0,25.72,25.72,0,1,0,0,0.18,0.0,0.04,0.2,0.0,0.2609,293.76,9,9,0
0.0,0.125,0,0.925,239.94,450.28,477,0.608,21,0.125,0.0,0.05,0,-1.25,0.0,0,1.0,1,0,0,0.0,0.0,221.95,221.95,0,1,0,0,0.5,0.0,0.12,0.125,0.0,0.3502,450.28,21,21,0
0.0,0.0,0,0.909,413.38,0.0,81,0.491,29,0.0,0.0,0.05,0,0.0,10.0,0,0.0,0,0,0,5.307,0.0,375.66,375.66,0,1,0,0,0.74,0.0,0.17,0.0,0.0,0.4544,0.0,29,29,0
0.0,0.2,0,0.631,197.45,364.03,232,0.369,4,0.2,0.0,0.12,0,-2.0,0.0,0,1.0,0,0,0,0.0,0.0,124.61,124.61,1,1,0,0,0.65,0.0,0.15,0.2,0.0,0.495,364.03,4,4,1
0.0,0.3333,0,1.382,196.01,270.08,231,0.28,9,0.3333,0.0,0.12,0,-3.333,0.0,0,1.0,0,0,0,0.0,0.0,270.79,270.79,0,1,0,0,0.39,0.0,0.09,0.3333,0.0,0.9198,270.08,9,9,0
0.0,0.0,0,1.0,226.43,0.0,31,0.727,2,0.0,0.0,0.12,0,0.0,10.0,0,0.0,0,0,0,1.402,0.0,226.43,226.43,1,1,0,0,0.97,0.0,0.22,0.0,0.0,1.0,0.0,2,2,0
0.333,0.5,1,0.684,370.99,380.38,168,0.663,2,0.5,0.0,0.12,1,-1.667,0.0,0,1.0,0,0,0,0.0,335.07,253.83,253.83,1,1,0,1,0.71,0.33,0.16,0.5,1.0,0.6837,380.38,2,2,1
0.0,0.0,0,0.546,306.7,0.0,73,4.128,27,0.0,0.0,0.08,0,0.0,10.0,0,0.0,0,0,0,0.958,0.0,167.34,167.34,0,5,0,0,4.52,0.0,1.04,0.0,0.0,0.0496,0.0,27,27,0
0.0,0.2,0,0.54,318.38,407.92,181,0.984,10,0.2,0.0,0.2,1,-2.0,0.0,0,1.0,0,0,0,1.018,0.0,172.07,172.07,0,2,0,0,0.83,0.0,0.19,0.2,0.0,0.3643,407.92,10,10,1
0.333,0.3333,0,0.565,306.71,450.98,261,0.524,28,0.3333,0.0,0.07,0,0.0,10.0,0,1.0,0,0,0,0.0,0.0,173.4,173.4,0,1,0,0,0.69,0.33,0.16,0.3333,0.0,0.5843,450.98,28,28,1
0.0,0.5,0,0.944,263.08,197.59,787,0.217,12,0.5,0.0,0.1,0,-5.0,0.0,0,0.333,0,0,0,0.0,0.0,248.42,248.42,0,1,0,0,0.23,0.0,0.05,0.5,0.0,0.5329,197.59,12,12,1
0.0,0.0,0,1.079,201.74,0.0,66,2.748,20,0.0,0.0,0.12,1,0.0,10.0,0,0.0,1,0,0,1.122,0.0,217.67,217.67,1,3,0,0,1.82,0.0,0.42,0.0,0.0,0.2697,0.0,20,20,1
0.0,0.0,0,1.0,429.46,0.0,92,0.348,30,0.0,0.0,0.05,0,0.0,10.0,0,0.0,0,0,0,3.06,0.0,429.46,429.46,0,1,0,0,0.33,0.0,0.08,0.0,0.0,1.0,0.0,30,30,1
0.667,0.4,0,1.797,225.99,70.1,127,1.129,30,0.4,0.0,0.08,0,2.667,63.3,0,0.0,0,0,0,0.867,0.0,406.19,406.19,1,3,0,0,1.18,0.67,0.27,0.4,0.0,0.4836,70.1,30,30,1
0.0,0.0,0,0.257,349.84,0.0,31,7.2,9,0.0,0.0,0.12,0,0.0,10.0,0,0.0,0,0,0,1.333,0.0,89.79,89.79,2,7,0,0,6.77,0.0,1.56,0.0,0.0,0.0367,0.0,9,9,0
0.667,0.3333,1,1.683,180.98,92.07,815,0.465,16,0.3333,0.5,0.07,0,3.333,76.7,0,0.0,0,0,0,2.231,133.37,304.68,304.68,0,1,0,1,0.44,0.67,0.1,0.3333,1.0,0.3099,92.07,16,16,1
0.0,0.0,0,2.383,174.08,0.0,52,4.355,28,0.0,0.0,0.2,0,0.0,10.0,0,0.0,0,0,0,0.853,0.0,414.82,414.82,2,6,0,0,5.19,0.0,1.2,0.0,0.0,0.2648,0.0,28,28,0
0.0,0.0,0,1.874,250.81,0.0,36,6.0,21,0.0,0.0,0.12,1,0.0,10.0,0,0.0,1,0,0,1.361,0.0,470.09,470.09,3,6,0,0,5.83,0.0,1.35,0.0,0.0,0.2678,0.0,21,21,1
0.0,0.0,0,1.184,276.85,0.0,108,0.738,26,0.0,0.0,0.1,0,0.0,10.0,0,0.0,0,0,0,2.994,0.0,327.66,327.66,0,1,0,0,0.83,0.0,0.19,0.0,0.0,0.3945,0.0,26,26,0
0.0,0.0,0,0.572,353.19,0.0,36,2.115,27,0.0,0.0,0.2,0,0.0,10.0,0,0.0,0,0,0,0.933,0.0,202.1,202.1,0,4,0,0,3.33,0.0,0.77,0.0,0.0,0.1431,0.0,27,27,0
0.0,0.0,0,1.566,181.92,0.0,237,0.293,30,0.0,0.0,0.12,0,0.0,10.0,0,0.0,1,0,0,0.0,0.0,284.9,284.9,1,3,0,0,0.38,0.0,0.09,0.0,0.0,0.522,0.0,30,30,0
0.0,0.0,0,1.0,347.24,0.0,60,0.36,12,0.0,0.0,0.05,0,0.0,10.0,0,0.0,0,0,0,3.029,0.0,347.24,347.24,0,1,0,0,0.5,0.0,0.12,0.0,0.0,1.0,0.0,12,12,1
0.0,0.0,0,1.0,177.06,0.0,21,1.145,7,0.0,0.0,0.1,1,0.0,10.0,0,0.0,0,0,1,0.859,0.0,177.06,177.06,1,1,0,0,1.43,0.0,0.33,0.0,0.0,1.0,0.0,7,7,1
0.0,0.0,0,0.833,252.79,0.0,216,0.575,8,0.0,0.0,0.08,0,0.0,10.0,0,0.0,0,0,0,0.0,0.0,210.52,210.52,0,1,0,0,0.42,0.0,0.1,0.0,0.0,0.2776,0.0,8,8,0
0.333,0.25,0,1.042,323.09,63.02,133,0.683,30,0.25,0.0,0.2,0,0.833,26.7,0,0.0,0,0,0,1.506,0.0,336.67,336.67,0,1,0,0,0.9,0.33,0.21,0.25,0.0,0.3093,63.02,30,30,1
0.0,0.4545,0,0.405,146.86,179.78,853,0.366,2,0.4545,0.5,0.08,0,-4.545,0.0,0,0.2,0,0,0,0.0,0.0,59.43,59.43,1,1,0,0,0.39,0.0,0.09,0.4545,0.0,0.5932,179.78,2,2,1
0.0,0.0,0,1.12,295.82,0.0,761,0.257,20,0.0,0.0,0.2,0,0.0,10.0,0,0.0,0,0,0,0.0,0.0,331.29,331.29,0,1,0,0,0.24,0.0,0.05,0.0,0.0,0.1867,0.0,20,20,0
0.0,0.5,0,1.291,284.71,273.38,537,0.676,13,0.5,0.0,0.2,0,-5.0,0.0,0,0.6,0,0,0,1.515,0.0,367.65,367.65,1,3,0,0,0.56,0.0,0.13,0.5,0.0,0.6092,273.38,13,13,1
0.333,0.1667,0,0.758,254.76,171.75,167,0.435,10,0.1667,0.0,0.2,0,1.667,43.3,0,0.0,0,0,0,0.0,0.0,193.14,193.14,0,3,0,0,1.08,0.33,0.25,0.1667,0.0,0.2387,171.75,10,10,0
0.0,0.0,0,1.116,181.38,0.0,47,1.123,18,0.0,0.0,0.1,0,0.0,10.0,0,0.0,0,0,0,0.0,0.0,202.49,202.49,2,3,0,0,2.55,0.0,0.59,0.0,0.0,0.2791,0.0,18,18,1
1.333,0.4,3,0.824,234.77,143.7,100,3.103,20,0.4,0.5,0.2,1,9.333,100.0,0,0.25,0,1,0,1.433,347.99,193.5,193.5,1,4,1,3,3.0,1.33,0.69,0.4,0.75,0.3273,143.7,20,20,1
0.0,0.0,0,1.041,446.7,0.0,72,0.426,11,0.0,0.0,0.08,0,0.0,10.0,0,0.0,0,0,0,0.0,0.0,464.92,464.92,0,1,0,0,0.83,0.0,0.19,0.0,0.0,0.5204,0.0,11,11,0
0.0,0.1111,0,1.633,301.68,353.42,554,0.478,10,0.1111,0.0,0.07,0,-1.111,0.0,0,1.0,0,0,0,2.215,0.0,492.61,492.61,0,1,0,0,0.49,0.0,0.11,0.1111,0.0,0.3116,353.42,10,10,0
0.333,0.3333,0,0.802,206.07,259.6,96,0.42,2,0.3333,0.0,0.07,0,0.0,10.0,0,1.0,0,0,0,0.0,0.0,165.28,165.28,1,1,0,0,0.94,0.33,0.22,0.3333,0.0,0.6873,259.6,2,2,1
0.333,0.2143,0,1.052,292.66,278.53,146,2.877,17,0.2143,0.3333,0.2,0,1.19,33.8,0,0.667,0,0,0,1.055,0.0,307.99,307.99,0,3,0,0,2.88,0.33,0.66,0.2143,0.0,0.2791,278.53,17,17,0
0.0,0.0,0,0.432,85.84,0.0,203,0.411,11,0.0,0.0,0.07,0,0.0,10.0,0,0.0,1,0,0,2.561,0.0,37.08,37.08,0,1,0,0,0.3,0.0,0.07,0.0,0.0,0.216,0.0,11,11,0
0.333,0.6,0,0.861,223.43,293.15,292,0.455,8,0.6,0.0,0.03,0,-2.667,0.0,0,1.0,0,0,0,2.281,0.0,192.34,192.34,0,1,0,0,0.51,0.33,0.12,0.6,0.0,0.9594,293.15,8,8,1
0.333,0.2222,0,0.878,284.26,235.44,286,0.99,12,0.2222,0.3333,0.2,1,1.111,32.2,0,0.5,0,0,0,0.0,0.0,249.67,249.67,0,1,0,0,0.94,0.33,0.22,0.2222,0.0,0.2816,235.44,12,12,1
0.667,0.4444,1,0.638,277.99,368.56,379,0.455,10,0.4444,0.0,0.03,0,2.222,54.4,0,1.0,0,0,0,0.0,460.5,177.37,177.37,1,2,0,1,0.71,0.67,0.16,0.4444,0.5,0.6601,368.56,10,10,1
0.333,0.5,1,0.74,335.4,422.57,28,0.536,26,0.5,0.0,0.05,0,-1.667,0.0,0,1.0,0,0,1,0.0,422.57,248.22,248.22,0,2,0,1,2.14,0.33,0.49,0.5,0.5,1.0,422.57,26,26,1
1.333,0.4545,0,0.606,308.92,395.99,302,1.003,7,0.4545,0.0,0.08,1,8.788,100.0,0,1.0,0,0,0,0.0,0.0,187.36,187.36,1,1,0,0,1.09,1.33,0.25,0.4545,0.0,0.6378,395.99,7,7,1
0.0,0.0,0,0.919,214.58,0.0,572,0.097,13,0.0,0.0,0.08,1,0.0,10.0,0,0.0,0,0,0,0.0,0.0,197.1,197.1,0,1,0,0,0.16,0.0,0.04,0.0,0.0,0.3062,0.0,13,13,1
0.0,0.0,0,1.385,322.27,0.0,760,0.367,15,0.0,0.0,0.1,0,0.0,10.0,0,0.0,0,0,0,2.897,0.0,446.43,446.43,0,1,0,0,0.32,0.0,0.07,0.0,0.0,0.1732,0.0,15,15,0
0.0,0.0,0,1.279,287.4,0.0,80,0.542,13,0.0,0.0,0.07,0,0.0,10.0,0,0.0,0,0,0,0.0,0.0,367.61,367.61,0,1,0,0,0.75,0.0,0.17,0.0,0.0,0.6395,0.0,13,13,0
0.0,0.0,0,0.733,241.73,0.0,528,0.452,10,0.0,0.0,0.2,0,0.0,10.0,0,0.0,1,0,0,0.0,0.0,177.14,177.14,0,2,0,0,0.51,0.0,0.12,0.0,0.0,0.0814,0.0,10,10,0
0.0,0.0,0,1.0,63.77,0.0,207,0.219,6,0.0,0.0,0.2,0,0.0,10.0,0,0.0,0,0,0,5.167,0.0,63.77,63.77,1,1,0,0,0.14,0.0,0.03,0.0,0.0,1.0,0.0,6,6,0
0.333,0.1667,0,1.18,266.54,389.67,177,0.894,10,0.1667,0.0,0.08,1,1.667,43.3,0,1.0,1,0,0,0.0,0.0,314.63,314.63,0,1,0,0,1.02,0.33,0.23,0.1667,0.0,0.4404,389.67,10,10,1
1.0,0.2,3,0.842,233.0,184.92,43,10.465,16,0.2,0.25,0.1,1,8.0,100.0,1,0.333,0,0,0,0.867,554.76,196.3,196.3,2,10,2,3,10.47,1.0,2.42,0.2,0.3,0.2149,184.92,16,16,1
1.0,0.3636,1,0.261,270.12,248.58,336,0.734,27,0.3636,0.3333,0.1,0,6.364,100.0,0,0.75,0,0,0,0.0,301.1,70.46,70.46,0,2,1,1,0.98,1.0,0.23,0.3636,0.5,0.3584,248.58,27,27,1
0.333,0.2857,1,0.462,202.48,164.0,582,0.346,3,0.2857,0.0,0.08,0,0.476,19.5,0,0.5,0,0,0,0.0,119.5,93.64,93.64,1,2,0,1,0.36,0.33,0.08,0.2857,0.5,0.2975,164.0,3,3,1
0.333,0.5,0,2.426,205.27,201.3,463,0.544,23,0.5,0.0,0.07,0,-1.667,0.0,0,0.6,0,0,0,1.903,0.0,498.06,498.06,0,1,0,0,0.65,0.33,0.15,0.5,0.0,0.733,201.3,23,23,1
0.0,0.0,0,1.0,486.7,0.0,25,0.952,15,0.0,0.0,0.1,0,0.0,10.0,0,0.0,0,0,1,0.0,0.0,486.7,486.7,0,1,0,0,1.2,0.0,0.28,0.0,0.0,1.0,0.0,15,15,1
0.0,0.3636,0,0.843,184.59,277.26,534,0.42,19,0.3636,0.5,0.07,0,-3.636,0.0,0,0.75,0,0,0,0.0,0.0,155.62,155.62,0,2,0,0,0.62,0.0,0.14,0.3636,0.0,0.6228,277.26,19,19,1
0.0,0.1429,0,0.783,246.59,30.92,523,0.298,4,0.1429,0.0,0.07,0,-1.429,0.0,0,0.0,0,0,0,0.0,0.0,193.05,193.05,1,1,0,0,0.4,0.0,0.09,0.1429,0.0,0.1298,30.92,4,4,1
0.333,0.25,1,0.801,227.36,162.54,123,0.943,27,0.25,0.0,0.1,1,0.833,26.7,0,0.0,0,0,0,2.4,162.54,182.03,182.03,0,2,1,1,0.98,0.33,0.23,0.25,0.5,0.3789,162.54,27,27,1
0.0,0.0,0,0.626,319.43,0.0,121,1.494,24,0.0,0.0,0.12,0,0.0,10.0,0,0.0,0,0,0,2.31,0.0,200.08,200.08,0,1,0,0,1.74,0.0,0.4,0.0,0.0,0.0895,0.0,24,24,0
0.0,0.3333,0,1.046,253.46,294.73,475,0.75,11,0.3333,0.0,0.07,1,-3.333,0.0,0,0.75,0,0,0,1.364,0.0,265.06,265.06,0,1,0,0,0.76,0.0,0.18,0.3333,0.0,0.4748,294.73,11,11,1
0.667,0.5833,2,0.383,301.65,362.73,495,0.745,16,0.5833,0.6667,0.2,1,0.833,26.7,0,0.857,0,0,0,1.367,716.77,115.44,115.44,0,2,0,2,0.73,0.67,0.17,0.5833,1.0,0.7334,362.73,16,16,1
0.0,0.0,0,1.323,252.9,0.0,10,39.0,8,0.0,0.0,0.2,0,0.0,10.0,0,0.0,0,0,1,1.0,0.0,334.56,334.56,5,13,0,0,39.0,0.0,9.01,0.0,0.0,0.1018,0.0,8,8,0
0.0,0.0,0,0.918,189.94,0.0,68,0.436,25,0.0,0.0,0.2,0,0.0,10.0,0,0.0,1,0,0,0.0,0.0,174.4,174.4,0,3,0,0,1.32,0.0,0.31,0.0,0.0,0.3061,0.0,25,25,1
0.333,0.5,0,0.428,167.97,264.01,267,0.244,2,0.5,0.0,0.08,1,-1.667,0.0,0,1.0,0,0,0,0.0,0.0,71.93,71.93,1,1,0,0,0.22,0.33,0.05,0.5,0.0,1.0,264.01,2,2,1
0.0,0.0,0,0.84,210.57,0.0,15,1.452,2,0.0,0.0,0.12,0,0.0,10.0,0,0.0,0,0,1,0.0,0.0,176.95,176.95,2,2,0,0,4.0,0.0,0.92,0.0,0.0,0.4202,0.0,2,2,0
0.0,0.0769,0,1.433,273.43,48.82,752,0.486,27,0.0769,0.3333,0.2,0,-0.769,0.0,0,0.0,0,0,0,0.0,0.0,391.92,391.92,0,1,0,0,0.52,0.0,0.12,0.0769,0.0,0.124,48.82,27,27,0
0.0,0.1111,0,0.195,265.05,418.7,632,0.423,5,0.1111,0.0,0.05,0,-1.111,0.0,0,1.0,0,0,0,2.503,0.0,51.64,51.64,1,1,0,0,0.43,0.0,0.1,0.1111,0.0,0.1972,418.7,5,5,0
0.333,0.3333,1,0.991,400.26,305.9,42,0.378,12,0.3333,0.0,0.2,0,0.0,10.0,0,1.0,0,0,0,2.85,305.9,396.7,396.7,0,3,1,1,2.14,0.33,0.49,0.3333,0.3333,0.5851,305.9,12,12,1
0.0,0.0,0,1.405,262.57,0.0,337,1.097,4,0.0,0.0,0.08,0,0.0,10.0,0,0.0,0,0,0,0.905,0.0,368.95,368.95,1,1,0,0,1.16,0.0,0.27,0.0,0.0,0.1081,0.0,4,4,0
0.0,0.1667,0,0.141,244.0,100.12,186,1.429,7,0.1667,0.0,0.1,0,-1.667,0.0,0,0.0,0,0,0,2.43,0.0,34.43,34.43,1,1,0,0,0.97,0.0,0.22,0.1667,0.0,0.0919,100.12,7,7,1
1.333,0.4545,1,0.951,230.07,237.49,186,1.338,15,0.4545,0.5,0.2,0,8.788,100.0,0,0.4,0,0,0,0.728,375.68,218.82,218.82,0,1,0,1,1.77,1.33,0.41,0.4545,1.0,0.5557,237.49,15,15,1
0.333,0.0769,0,0.724,190.94,428.4,152,2.364,21,0.0769,0.0,0.1,0,2.564,61.3,0,1.0,0,0,0,0.818,0.0,138.23,138.23,0,4,0,0,2.57,0.33,0.59,0.0769,0.0,0.2283,428.4,21,21,0
0.0,0.3333,0,0.475,167.19,354.33,293,0.188,6,0.3333,0.0,0.1,0,-3.333,0.0,0,1.0,0,0,0,0.0,0.0,79.45,79.45,1,1,0,0,0.31,0.0,0.07,0.3333,0.0,0.8649,354.33,6,6,0
1.667,0.5455,1,0.711,263.84,332.46,166,1.603,11,0.5455,0.0,0.12,1,11.212,100.0,0,0.833,0,0,0,0.0,135.02,187.58,187.58,0,3,0,1,1.99,1.67,0.46,0.5455,0.3333,0.7519,332.46,11,11,1
0.0,0.0,0,1.0,492.18,0.0,22,2.847,19,0.0,0.0,0.1,0,0.0,10.0,0,0.0,0,0,1,1.07,0.0,492.18,492.18,0,1,0,0,1.36,0.0,0.31,0.0,0.0,1.0,0.0,19,19,0
0.333,0.0714,1,0.165,202.57,158.9,75,5.6,15,0.0714,0.0,0.08,0,2.619,62.4,0,0.0,0,0,0,0.833,158.9,33.41,33.41,0,5,0,1,5.6,0.33,1.29,0.0714,0.2,0.0678,158.9,15,15,0
0.0,0.0,0,1.0,403.59,0.0,10,0.406,7,0.0,0.0,0.08,0,0.0,10.0,0,0.0,0,0,1,0.0,0.0,403.59,403.59,1,1,0,0,3.0,0.0,0.69,0.0,0.0,1.0,0.0,7,7,0
0.0,0.3636,0,0.69,295.52,253.74,912,0.372,22,0.3636,0.0,0.05,0,-3.636,0.0,0,0.5,1,0,0,0.0,0.0,203.82,203.82,0,2,0,0,0.36,0.0,0.08,0.3636,0.0,0.3749,253.74,22,22,1
0.333,0.6667,0,0.266,138.53,189.34,144,1.03,10,0.6667,0.0,0.08,0,-3.333,0.0,0,0.5,1,0,0,0.0,0.0,36.89,36.89,0,1,0,0,0.62,0.33,0.14,0.6667,0.0,1.0,189.34,10,10,1
0.333,0.2,1,0.255,158.54,206.01,61,2.687,23,0.2,0.0,0.07,0,1.333,36.7,0,1.0,0,0,0,2.467,206.01,40.35,40.35,0,3,0,1,2.46,0.33,0.57,0.2,0.3333,0.3108,206.01,23,23,0
0.0,0.0,0,0.596,276.05,0.0,296,0.536,21,0.0,0.0,0.2,0,0.0,10.0,0,0.0,0,0,0,4.341,0.0,164.62,164.62,0,2,0,0,0.61,0.0,0.14,0.0,0.0,0.0994,0.0,21,21,0
0.0,0.0,0,1.582,243.74,0.0,62,1.043,14,0.0,0.0,0.1,0,0.0,10.0,0,0.0,0,0,0,0.944,0.0,385.69,385.69,0,2,0,0,0.97,0.0,0.22,0.0,0.0,0.7912,0.0,14,14,0
0.0,0.0,0,1.441,256.33,0.0,37,3.803,7,0.0,0.0,0.1,0,0.0,10.0,0,0.0,0,0,0,0.683,0.0,369.28,369.28,2,5,0,0,4.86,0.0,1.12,0.0,0.0,0.2401,0.0,7,7,0
0.0,0.0,0,1.057,436.66,0.0,152,0.274,23,0.0,0.0,0.03,0,0.0,10.0,0,0.0,0,0,0,0.0,0.0,461.7,461.7,0,1,0,0,0.39,0.0,0.09,0.0,0.0,0.5287,0.0,23,23,1
0.0,0.0,0,0.955,104.2,0.0,64,0.584,17,0.0,0.0,0.07,0,0.0,10.0,0,0.0,0,0,0,0.0,0.0,99.5,99.5,0,3,0,0,1.41,0.0,0.32,0.0,0.0,0.3183,0.0,17,17,0
0.0,0.4,0,1.271,297.58,269.92,482,0.705,11,0.4,0.5,0.1,0,-4.0,0.0,0,0.5,0,0,0,3.144,0.0,378.14,378.14,0,1,0,0,0.62,0.0,0.14,0.4,0.0,0.4899,269.92,11,11,1
0.0,0.375,0,1.523,285.41,297.04,609,0.382,10,0.375,0.5,0.07,0,-3.75,0.0,0,0.667,0,0,0,6.644,0.0,434.55,434.55,1,2,0,0,0.39,0.0,0.09,0.375,0.0,0.5806,297.04,10,10,1
0.0,0.0,0,0.523,291.4,0.0,664,0.496,21,0.0,0.0,0.08,0,0.0,10.0,0,0.0,0,0,0,0.0,0.0,152.37,152.37,0,1,0,0,0.45,0.0,0.1,0.0,0.0,0.0523,0.0,21,21,0
0.0,0.0,0,0.433,297.32,0.0,36,1.389,15,0.0,0.0,0.2,0,0.0,10.0,0,0.0,0,0,0,0.65,0.0,128.88,128.88,1,2,0,0,1.67,0.0,0.38,0.0,0.0,0.2167,0.0,15,15,0
0.0,0.0,0,0.74,290.98,0.0,846,0.442,9,0.0,0.0,0.1,0,0.0,10.0,0,0.0,0,0,0,0.0,0.0,215.22,215.22,0,1,0,0,0.46,0.0,0.11,0.0,0.0,0.0569,0.0,9,9,0
0.0,0.5,0,0.564,307.66,441.71,515,0.213,2,0.5,0.0,0.2,0,-5.0,0.0,0,1.0,0,0,0,0.0,0.0,173.62,173.62,1,1,0,0,0.12,0.0,0.03,0.5,0.0,1.0,441.71,2,2,0
1.333,0.4286,2,0.432,296.14,302.24,133,3.158,14,0.4286,0.5,0.12,0,9.048,100.0,0,0.667,0,0,0,1.907,719.02,127.81,127.81,2,5,1,2,3.16,1.33,0.73,0.4286,0.4,0.4682,302.24,14,14,1
0.0,0.0,0,1.227,335.92,0.0,22,1.059,3,0.0,0.0,0.1,0,0.0,10.0,0,0.0,1,0,1,0.0,0.0,412.24,412.24,1,2,0,0,2.73,0.0,0.63,0.0,0.0,0.6136,0.0,3,3,1
0.0,0.0,0,1.378,336.95,0.0,182,0.311,5,0.0,0.0,0.2,0,0.0,10.0,0,0.0,0,0,0,0.0,0.0,464.35,464.35,1,1,0,0,0.49,0.0,0.11,0.0,0.0,0.4594,0.0,5,5,0
1.0,0.3333,0,0.854,261.86,197.39,150,0.875,8,0.3333,0.5,0.2,1,6.667,100.0,0,0.333,0,0,0,0.0,0.0,223.67,223.67,0,2,0,0,1.8,1.0,0.42,0.3333,0.0,0.3462,197.39,8,8,1
0.333,0.25,1,1.372,323.58,458.05,73,0.491,21,0.25,0.0,0.07,0,0.833,26.7,0,1.0,0,0,0,0.0,458.05,443.86,443.86,0,1,1,1,1.64,0.33,0.38,0.25,1.0,0.6968,458.05,21,21,0
0.333,0.4,0,0.956,247.78,305.48,236,0.442,18,0.4,0.0,0.2,0,-0.667,0.0,0,0.5,0,0,0,0.0,0.0,237.0,237.0,0,2,0,0,0.64,0.33,0.15,0.4,0.0,0.6845,305.48,18,18,1
1.333,0.5714,2,1.337,354.32,358.69,85,3.095,24,0.5714,0.6667,0.2,0,7.619,100.0,0,0.75,0,0,0,1.422,966.19,473.62,473.62,1,5,1,2,2.47,1.33,0.57,0.5714,0.4,0.7694,358.69,24,24,1
0.0,0.0,0,1.059,341.02,0.0,46,1.373,16,0.0,0.0,0.05,0,0.0,10.0,0,0.0,0,0,0,0.0,0.0,361.08,361.08,0,2,0,0,1.96,0.0,0.45,0.0,0.0,0.3529,0.0,16,16,1
1.0,0.6,0,0.893,253.48,205.02,379,0.466,3,0.6,0.5,0.07,0,4.0,90.0,0,0.5,1,0,0,0.0,0.0,226.41,226.41,1,1,0,0,0.79,1.0,0.18,0.6,0.0,0.5746,205.02,3,3,1
0.333,0.2857,0,0.926,305.56,321.14,342,0.67,7,0.2857,0.0,0.08,0,0.476,19.5,0,0.5,0,0,0,6.56,0.0,282.87,282.87,1,2,0,0,0.61,0.33,0.14,0.2857,0.0,0.4325,321.14,7,7,0
0.333,0.2,1,1.168,290.1,63.64,274,0.625,4,0.2,0.0,0.2,0,1.333,36.7,0,0.0,0,0,0,4.3,63.64,338.71,338.71,1,1,0,1,0.55,0.33,0.13,0.2,1.0,0.2774,63.64,4,4,0
0.0,0.0,0,1.0,369.36,0.0,40,0.729,17,0.0,0.0,0.07,0,0.0,10.0,0,0.0,0,0,0,0.0,0.0,369.36,369.36,0,1,0,0,0.75,0.0,0.17,0.0,0.0,1.0,0.0,17,17,0
0.333,0.0714,0,1.486,284.34,209.67,956,0.439,11,0.0714,0.0,0.2,0,2.619,62.4,0,1.0,1,0,0,5.144,0.0,422.65,422.65,0,2,0,0,0.44,0.33,0.1,0.0714,0.0,0.1588,209.67,11,11,0
1.0,0.6667,2,0.235,199.44,230.88,252,1.429,20,0.6667,0.0,0.05,0,3.333,76.7,0,0.625,0,0,0,2.467,591.97,46.8,46.8,0,3,1,2,1.43,1.0,0.33,0.6667,0.6667,0.7913,230.88,20,20,1
0.0,0.1111,0,1.134,180.09,189.22,597,0.372,30,0.1111,0.0,0.07,0,-1.111,0.0,0,0.0,0,0,0,0.0,0.0,204.18,204.18,0,1,0,0,0.45,0.0,0.1,0.1111,0.0,0.2427,189.22,30,30,1
0.0,0.0,0,1.892,209.28,0.0,604,0.137,10,0.0,0.0,0.05,0,0.0,10.0,0,0.0,0,0,0,0.0,0.0,396.05,396.05,0,1,0,0,0.15,0.0,0.03,0.0,0.0,0.6308,0.0,10,10,0
0.667,0.6667,1,0.973,141.27,143.2,64,1.424,27,0.6667,0.0,0.05,0,0.0,10.0,0,0.5,0,0,0,2.409,75.38,137.42,137.42,0,1,0,1,1.41,0.67,0.32,0.6667,1.0,1.0,143.2,27,27,1
0.667,0.6667,0,1.074,213.36,205.46,79,0.824,27,0.6667,0.0,0.12,1,0.0,10.0,0,0.5,1,0,0,0.0,0.0,229.18,229.18,0,1,0,0,1.14,0.67,0.26,0.6667,0.0,1.0,205.46,27,27,1
0.0,0.4,0,0.302,190.42,220.16,274,0.651,25,0.4,0.0,0.07,0,-4.0,0.0,0,0.5,0,0,0,0.0,0.0,57.53,57.53,0,1,0,0,0.55,0.0,0.13,0.4,0.0,0.5229,220.16,25,25,0
1.667,0.3571,5,1.176,324.27,276.78,48,8.077,27,0.3571,0.5,0.05,1,13.095,100.0,0,0.8,0,0,0,0.2,1383.9,381.24,381.24,1,5,0,5,8.75,1.67,2.02,0.3571,1.0,0.3888,276.78,27,27,1
1.0,0.4286,2,1.124,337.5,298.87,57,3.082,5,0.4286,0.0,0.2,1,5.714,100.0,0,1.0,0,0,0,0.595,606.05,379.34,379.34,1,2,0,2,3.68,1.0,0.85,0.4286,1.0,0.5401,298.87,5,5,1
0.0,0.0,0,1.0,372.33,0.0,25,0.323,9,0.0,0.0,0.05,0,0.0,10.0,0,0.0,0,0,1,0.0,0.0,372.33,372.33,0,1,0,0,1.2,0.0,0.28,0.0,0.0,1.0,0.0,9,9,1
0.0,0.1111,0,0.325,268.46,295.06,481,0.396,29,0.1111,0.0,0.12,0,-1.111,0.0,0,1.0,0,0,0,0.0,0.0,87.16,87.16,0,1,0,0,0.56,0.0,0.13,0.1111,0.0,0.1582,295.06,29,29,0
0.0,0.0,0,1.0,351.51,0.0,130,0.84,15,0.0,0.0,0.05,0,0.0,10.0,0,0.0,0,0,0,0.0,0.0,351.51,351.51,0,1,0,0,0.23,0.0,0.05,0.0,0.0,1.0,0.0,15,15,1
0.0,0.0,0,1.851,230.29,0.0,131,0.263,15,0.0,0.0,0.2,0,0.0,10.0,0,0.0,1,0,0,0.0,0.0,426.35,426.35,0,1,0,0,0.92,0.0,0.21,0.0,0.0,0.4628,0.0,15,15,1
1.333,0.5385,0,0.28,297.16,292.89,139,2.727,16,0.5385,0.5,0.08,0,7.949,100.0,0,0.714,0,0,0,0.692,0.0,83.12,83.12,0,2,0,0,2.81,1.33,0.65,0.5385,0.0,0.5522,292.89,16,16,1
0.667,0.4,1,1.477,281.65,346.64,56,1.398,24,0.4,0.0,0.07,1,2.667,63.3,0,1.0,0,0,0,3.689,369.49,415.96,415.96,0,4,0,1,2.68,0.67,0.62,0.4,0.25,0.7877,346.64,24,24,1
0.667,0.5,1,1.235,318.37,383.52,170,0.761,28,0.5,0.0,0.08,1,1.667,43.3,0,1.0,0,0,0,1.342,333.77,393.07,393.07,0,2,1,1,0.71,0.67,0.16,0.5,0.5,0.911,383.52,28,28,1
0.0,0.0,0,0.668,60.58,0.0,442,0.285,13,0.0,0.0,0.03,0,0.0,10.0,0,0.0,0,0,0,0.0,0.0,40.47,40.47,0,1,0,0,0.14,0.0,0.03,0.0,0.0,0.334,0.0,13,13,0
0.0,0.0909,0,1.657,235.97,73.67,420,0.602,23,0.0909,0.0,0.2,0,-0.909,0.0,0,0.0,0,0,0,1.713,0.0,391.01,391.01,0,4,0,0,0.79,0.0,0.18,0.0909,0.0,0.179,73.67,23,23,0
0.0,0.0,0,0.497,295.65,0.0,98,1.515,18,0.0,0.0,0.07,0,0.0,10.0,0,0.0,0,0,0,1.533,0.0,146.97,146.97,1,2,0,0,1.53,0.0,0.35,0.0,0.0,0.0994,0.0,18,18,1
0.0,0.3333,0,1.513,305.81,59.31,229,0.455,21,0.3333,0.5,0.2,0,-3.333,0.0,0,0.0,0,0,0,0.0,0.0,462.74,462.74,0,2,0,0,0.39,0.0,0.09,0.3333,0.0,0.569,59.31,21,21,1
1.0,0.75,0,0.607,202.35,228.82,69,1.329,24,0.75,0.6667,0.05,1,2.5,60.0,0,0.333,0,0,0,0.0,0.0,122.92,122.92,0,1,0,0,1.74,1.0,0.4,0.75,0.0,1.0,228.82,24,24,1
0.0,0.2,0,1.029,231.16,445.81,439,0.284,3,0.2,0.0,0.08,0,-2.0,0.0,0,1.0,0,0,0,4.027,0.0,237.87,237.87,1,1,0,0,0.34,0.0,0.08,0.2,0.0,0.5915,445.81,3,3,0
0.667,0.2308,0,0.374,280.29,259.07,335,1.164,26,0.2308,0.0,0.1,0,4.359,97.2,0,0.667,0,0,0,0.847,0.0,104.87,104.87,0,1,0,0,1.16,0.67,0.27,0.2308,0.0,0.2421,259.07,26,26,1
1.333,0.4615,2,0.714,318.58,263.61,162,2.407,29,0.4615,0.0,0.2,1,8.718,100.0,1,0.667,0,0,0,1.32,797.29,227.62,227.62,0,3,2,2,2.41,1.33,0.56,0.4615,0.6667,0.4369,263.61,29,29,1
1.667,0.3571,5,0.774,273.9,218.5,44,9.13,23,0.3571,0.0,0.05,1,13.095,100.0,1,0.4,0,1,0,1.333,1092.51,211.97,211.97,3,10,2,5,9.55,1.67,2.2,0.3571,0.5,0.3402,218.5,23,23,1
0.333,0.1429,1,0.265,202.25,282.85,102,1.633,16,0.1429,0.0,0.05,0,1.905,48.1,0,1.0,0,0,0,0.0,282.85,53.68,53.68,0,4,0,1,2.06,0.33,0.48,0.1429,0.25,0.2377,282.85,16,16,1
0.0,0.0,0,1.0,404.93,0.0,27,0.324,27,0.0,0.0,0.2,0,0.0,10.0,0,0.0,0,0,1,7.475,0.0,404.93,404.93,0,1,0,0,1.11,0.0,0.26,0.0,0.0,1.0,0.0,27,27,0
1.0,0.4667,2,0.662,219.61,175.32,414,1.044,24,0.4667,0.5,0.1,0,5.333,100.0,0,0.429,0,0,0,0.955,329.03,145.45,145.45,0,3,1,2,1.09,1.0,0.25,0.4667,0.6667,0.4167,175.32,24,24,1
0.333,0.1,0,1.505,191.89,115.58,59,2.917,30,0.1,0.0,0.12,0,2.333,56.7,0,0.0,0,0,0,0.292,0.0,288.85,288.85,0,4,0,0,5.08,0.33,1.17,0.1,0.0,0.2108,115.58,30,30,0
0.0,0.4286,0,1.172,273.33,303.63,293,0.698,12,0.4286,0.0,0.2,0,-4.286,0.0,0,0.667,0,0,0,0.0,0.0,320.24,320.24,0,1,0,0,0.72,0.0,0.17,0.4286,0.0,0.6435,303.63,12,12,1
0.0,0.0,0,1.0,60.01,0.0,23,0.371,3,0.0,0.0,0.12,0,0.0,10.0,0,0.0,0,0,1,0.0,0.0,60.01,60.01,1,1,0,0,1.3,0.0,0.3,0.0,0.0,1.0,0.0,3,3,1
0.0,0.125,0,0.507,208.81,209.66,372,0.611,26,0.125,0.0,0.2,0,-1.25,0.0,0,1.0,0,0,0,0.0,0.0,105.93,105.93,0,2,0,0,0.65,0.0,0.15,0.125,0.0,0.1889,209.66,26,26,0
0.0,0.1,0,1.83,209.36,335.82,360,0.617,28,0.1,0.0,0.1,0,-1.0,0.0,0,1.0,1,0,0,3.617,0.0,383.03,383.03,0,1,0,0,0.83,0.0,0.19,0.1,0.0,0.3434,335.82,28,28,0
0.667,0.4615,1,1.66,294.02,289.01,189,2.063,15,0.4615,0.0,0.03,0,2.051,51.0,0,0.833,0,0,0,1.59,463.5,488.15,488.15,0,3,0,1,2.06,0.67,0.48,0.4615,0.3333,0.5814,289.01,15,15,1
0.333,0.0667,0,0.908,258.64,255.09,771,0.572,3,0.0667,0.0,0.2,0,2.667,63.3,0,1.0,0,0,0,1.802,0.0,234.92,234.92,1,1,0,0,0.58,0.33,0.13,0.0667,0.0,0.1263,255.09,3,3,0
0.0,0.0,0,0.589,212.14,0.0,14,2.553,11,0.0,0.0,0.12,0,0.0,10.0,0,0.0,0,0,1,0.305,0.0,124.94,124.94,2,4,0,0,8.57,0.0,1.98,0.0,0.0,0.1472,0.0,11,11,0
0.0,0.0,0,1.507,193.88,0.0,419,0.835,25,0.0,0.0,0.2,0,0.0,10.0,0,0.0,0,0,0,0.0,0.0,292.15,292.15,0,1,0,0,0.86,0.0,0.2,0.0,0.0,0.1256,0.0,25,25,0
0.333,0.5,1,0.765,210.36,259.75,317,0.208,30,0.5,0.0,0.12,1,-1.667,0.0,0,1.0,0,0,0,0.0,259.75,160.97,160.97,0,1,0,1,0.19,0.33,0.04,0.5,1.0,1.0,259.75,30,30,1
0.0,0.0,0,0.193,182.88,0.0,300,0.393,14,0.0,0.0,0.2,0,0.0,10.0,0,0.0,0,0,0,2.697,0.0,35.26,35.26,0,2,0,0,0.7,0.0,0.16,0.0,0.0,0.0275,0.0,14,14,0
0.0,0.0,0,1.466,184.72,0.0,195,0.345,18,0.0,0.0,0.2,1,0.0,10.0,0,0.0,0,0,0,0.0,0.0,270.87,270.87,0,1,0,0,0.31,0.0,0.07,0.0,0.0,0.7332,0.0,18,18,1
0.0,0.0,0,1.0,381.33,0.0,119,0.251,7,0.0,0.0,0.07,0,0.0,10.0,0,0.0,0,0,0,0.0,0.0,381.33,381.33,1,1,0,0,0.25,0.0,0.06,0.0,0.0,1.0,0.0,7,7,0
1.0,0.4286,2,0.264,236.31,220.57,162,1.044,20,0.4286,0.5,0.2,1,5.714,100.0,0,0.333,0,0,0,0.0,237.06,62.37,62.37,0,1,1,2,1.3,1.0,0.3,0.4286,2.0,0.4377,220.57,20,20,1
0.0,0.3333,0,1.099,275.14,343.58,681,0.661,21,0.3333,0.0,0.1,1,-3.333,0.0,0,0.8,0,0,0,1.55,0.0,302.49,302.49,0,1,0,0,0.66,0.0,0.15,0.3333,0.0,0.4896,343.58,21,21,1
0.333,0.3333,1,1.068,226.86,199.21,37,1.071,6,0.3333,0.0,0.08,0,0.0,10.0,0,0.0,0,0,0,0.0,199.21,242.38,242.38,1,3,0,1,2.43,0.33,0.56,0.3333,0.3333,0.6488,199.21,6,6,0
0.0,0.5,0,1.002,299.04,270.45,423,0.904,7,0.5,0.0,0.2,0,-5.0,0.0,0,0.5,0,0,0,1.114,0.0,299.76,299.76,1,1,0,0,0.85,0.0,0.2,0.5,0.0,0.5357,270.45,7,7,1
0.0,0.0,0,1.195,285.25,0.0,158,1.368,9,0.0,0.0,0.03,0,0.0,10.0,0,0.0,0,0,0,1.545,0.0,341.0,341.0,0,2,0,0,1.33,0.0,0.31,0.0,0.0,0.1708,0.0,9,9,0
0.0,0.0,0,1.535,304.57,0.0,20,8.077,11,0.0,0.0,0.05,1,0.0,10.0,0,0.0,0,0,1,0.2,0.0,467.38,467.38,2,10,0,0,15.0,0.0,3.46,0.0,0.0,0.1535,0.0,11,11,1
0.333,0.2,0,0.613,373.26,371.94,81,1.951,25,0.2,0.0,0.1,0,1.333,36.7,0,1.0,1,0,0,1.86,0.0,228.72,228.72,0,2,0,0,1.85,0.33,0.43,0.2,0.0,0.3218,371.94,25,25,0
0.0,0.4,0,0.903,304.47,304.62,277,0.452,6,0.4,0.5,0.1,0,-4.0,0.0,0,1.0,0,0,0,0.0,0.0,274.84,274.84,1,1,0,0,0.54,0.0,0.13,0.4,0.0,0.5807,304.62,6,6,1
0.333,0.3846,1,0.823,219.18,152.11,569,0.6,20,0.3846,0.3333,0.12,0,-0.513,0.0,0,0.4,0,0,0,0.0,42.8,180.46,180.46,0,2,0,1,0.69,0.33,0.16,0.3846,0.5,0.3303,152.11,20,20,1
0.0,0.1818,0,1.395,243.16,255.97,441,0.589,12,0.1818,0.0,0.07,0,-1.818,0.0,0,0.5,1,0,0,0.0,0.0,339.12,339.12,0,1,0,0,0.75,0.0,0.17,0.1818,0.0,0.3182,255.97,12,12,0
1.667,0.4545,4,0.548,252.93,208.09,112,2.845,18,0.4545,0.0,0.07,0,12.121,100.0,0,0.6,0,1,0,1.638,655.29,138.63,138.63,1,4,0,4,2.95,1.67,0.68,0.4545,1.0,0.4238,208.09,18,18,1
0.333,0.6667,0,0.715,247.55,282.89,246,0.165,16,0.6667,0.0,0.1,0,-3.333,0.0,0,0.5,0,0,0,0.0,0.0,176.88,176.88,0,1,0,0,0.37,0.33,0.08,0.6667,0.0,1.0,282.89,16,16,1
0.0,0.0,0,0.969,440.2,0.0,157,0.516,2,0.0,0.0,0.05,0,0.0,10.0,0,0.0,0,0,0,2.033,0.0,426.68,426.68,1,1,0,0,0.38,0.0,0.09,0.0,0.0,0.4846,0.0,2,2,1
0.0,0.0,0,0.197,237.54,0.0,389,0.78,22,0.0,0.0,0.2,0,0.0,10.0,0,0.0,0,0,0,1.306,0.0,46.84,46.84,0,1,0,0,0.77,0.0,0.18,0.0,0.0,0.0197,0.0,22,22,0
0.333,0.2,0,0.875,224.12,442.07,184,0.431,15,0.2,0.5,0.1,0,1.333,36.7,0,1.0,1,0,0,2.467,0.0,196.07,196.07,0,1,0,0,0.82,0.33,0.19,0.2,0.0,0.5695,442.07,15,15,0
0.0,0.1,0,1.105,265.13,77.7,779,0.332,18,0.1,0.0,0.2,0,-1.0,0.0,0,0.0,0,0,0,0.0,0.0,293.04,293.04,0,1,0,0,0.39,0.0,0.09,0.1,0.0,0.1398,77.7,18,18,0
0.333,0.0833,1,0.377,234.16,360.28,15,21.176,13,0.0833,0.0,0.05,0,2.5,60.0,0,1.0,0,0,1,1.0,360.28,88.28,88.28,5,12,1,1,24.0,0.33,5.54,0.0833,0.0833,0.1596,360.28,13,13,0
0.333,0.5,1,1.066,311.56,266.06,185,0.673,7,0.5,0.6667,0.07,0,-1.667,0.0,0,0.5,0,0,0,0.0,455.73,332.07,332.07,2,2,0,1,0.65,0.33,0.15,0.5,0.5,0.6934,266.06,7,7,1
0.0,0.0,0,1.162,350.16,0.0,70,0.278,3,0.0,0.0,0.07,1,0.0,10.0,0,0.0,0,0,0,0.0,0.0,406.92,406.92,1,2,0,0,0.86,0.0,0.2,0.0,0.0,0.581,0.0,3,3,1
1.667,0.3846,4,0.885,291.11,295.54,98,3.98,19,0.3846,0.0,0.2,1,12.821,100.0,0,0.8,0,1,0,1.943,1065.08,257.5,257.5,1,6,1,4,3.98,1.67,0.92,0.3846,0.6667,0.4585,295.54,19,19,1
0.0,0.1667,0,0.978,258.16,367.05,174,0.947,11,0.1667,0.0,0.2,0,-1.667,0.0,0,1.0,0,0,0,1.06,0.0,252.46,252.46,0,2,0,0,1.03,0.0,0.24,0.1667,0.0,0.4,367.05,11,11,0
0.0,0.1111,0,1.021,270.06,402.12,614,0.571,1,0.1111,0.0,0.12,0,-1.111,0.0,0,1.0,0,0,0,20.033,0.0,275.81,275.81,3,3,0,0,0.44,0.0,0.1,0.1111,0.0,0.2789,402.12,1,1,0
0.333,0.3333,0,0.372,213.8,130.68,63,0.228,10,0.3333,0.0,0.2,0,0.0,10.0,0,0.0,1,0,0,0.0,0.0,79.61,79.61,1,2,0,0,1.43,0.33,0.33,0.3333,0.0,0.3279,130.68,10,10,1
0.0,0.0,0,0.627,243.02,0.0,353,0.616,11,0.0,0.0,0.08,0,0.0,10.0,0,0.0,0,0,0,0.0,0.0,152.45,152.45,0,1,0,0,0.59,0.0,0.14,0.0,0.0,0.0896,0.0,11,11,0
0.333,0.3636,0,1.34,317.89,392.78,447,0.579,11,0.3636,0.0,0.07,0,-0.303,3.9,0,1.0,0,0,0,0.0,0.0,425.97,425.97,0,1,0,0,0.74,0.33,0.17,0.3636,0.0,0.5711,392.78,11,11,1
0.333,0.5,1,1.179,249.05,204.48,62,0.408,28,0.5,0.0,0.08,0,-1.667,0.0,0,1.0,0,0,0,0.0,204.48,293.62,293.62,0,1,0,1,0.97,0.33,0.22,0.5,1.0,1.0,204.48,28,28,1
0.0,0.0,0,1.218,330.18,0.0,135,2.062,5,0.0,0.0,0.2,0,0.0,10.0,0,0.0,0,0,0,0.963,0.0,402.03,402.03,2,2,0,0,2.44,0.0,0.56,0.0,0.0,0.1107,0.0,5,5,0
0.0,0.0,0,0.348,228.32,0.0,415,0.75,5,0.0,0.0,0.12,0,0.0,10.0,0,0.0,0,0,0,0.0,0.0,79.55,79.55,1,1,0,0,0.8,0.0,0.18,0.0,0.0,0.0317,0.0,5,5,0
0.0,0.0,0,1.053,384.57,0.0,29,1.883,9,0.0,0.0,0.05,1,0.0,10.0,0,0.0,0,0,1,0.495,0.0,404.85,404.85,1,4,0,0,4.14,0.0,0.96,0.0,0.0,0.2632,0.0,9,9,1
1.333,0.3333,3,0.713,189.13,233.74,131,2.459,29,0.3333,0.0,0.1,0,10.0,100.0,0,0.5,0,1,0,0.785,843.54,134.89,134.89,0,5,1,3,2.75,1.33,0.63,0.3333,0.6,0.4714,233.74,29,29,1
0.0,0.3846,0,1.655,289.23,350.22,599,0.638,8,0.3846,0.25,0.08,0,-3.846,0.0,0,0.8,0,0,0,1.607,0.0,478.71,478.71,0,1,0,0,0.65,0.0,0.15,0.3846,0.0,0.593,350.22,8,8,1
0.667,0.2222,1,0.116,274.31,401.86,68,2.877,12,0.2222,0.0,0.03,0,4.444,98.9,0,1.0,0,0,0,1.055,449.82,31.86,31.86,0,3,0,1,3.97,0.67,0.92,0.2222,0.3333,0.3385,401.86,12,12,0
1.333,0.5714,1,0.563,293.51,297.3,84,0.904,26,0.5714,0.0,0.07,0,7.619,100.0,0,0.5,0,0,0,1.114,409.14,165.3,165.3,0,3,1,1,2.5,1.33,0.58,0.5714,0.3333,0.6593,297.3,26,26,1
0.667,0.5,0,2.105,211.23,96.79,261,0.415,7,0.5,0.0,0.12,0,1.667,43.3,0,0.0,0,0,0,2.525,0.0,444.68,444.68,1,1,0,0,0.69,0.67,0.16,0.5,0.0,0.58,96.79,7,7,1
0.0,0.0,0,1.33,160.89,0.0,107,0.484,23,0.0,0.0,0.2,0,0.0,10.0,0,0.0,0,0,0,0.0,0.0,213.92,213.92,0,1,0,0,0.56,0.0,0.13,0.0,0.0,0.6648,0.0,23,23,0
0.0,0.125,0,1.024,313.45,389.4,675,0.305,9,0.125,0.0,0.12,0,-1.25,0.0,0,1.0,0,0,0,0.0,0.0,320.86,320.86,0,1,0,0,0.36,0.0,0.08,0.125,0.0,0.2832,389.4,9,9,0
0.0,0.0,0,1.0,265.98,0.0,79,0.109,16,0.0,0.0,0.08,0,0.0,10.0,0,0.0,0,0,0,0.0,0.0,265.98,265.98,0,1,0,0,0.38,0.0,0.09,0.0,0.0,1.0,0.0,16,16,0
0.0,0.0,0,0.823,231.11,0.0,244,0.42,14,0.0,0.0,0.12,1,0.0,10.0,0,0.0,0,0,0,2.844,0.0,190.16,190.16,0,2,0,0,0.37,0.0,0.09,0.0,0.0,0.2743,0.0,14,14,1
0.333,0.4615,0,1.22,235.67,245.37,383,0.998,15,0.4615,0.0,0.12,0,-1.282,0.0,0,0.667,0,0,0,1.003,0.0,287.56,287.56,0,1,0,0,1.02,0.33,0.24,0.4615,0.0,0.5744,245.37,15,15,1
0.667,0.3333,1,1.355,342.66,323.26,44,2.727,1,0.3333,0.0,0.2,0,3.333,76.7,0,1.0,0,0,0,0.692,253.94,464.4,464.4,2,5,0,1,4.09,0.67,0.94,0.3333,0.2,0.5404,323.26,1,1,1
0.0,0.6667,0,0.608,322.5,371.58,352,0.533,14,0.6667,0.0,0.2,0,-6.667,0.0,0,1.0,0,0,0,0.0,0.0,195.92,195.92,0,1,0,0,0.51,0.0,0.12,0.6667,0.0,0.8694,371.58,14,14,1
0.0,0.0,0,1.508,290.82,0.0,150,1.176,3,0.0,0.0,0.07,0,0.0,10.0,0,0.0,0,0,0,0.829,0.0,438.62,438.62,1,1,0,0,1.0,0.0,0.23,0.0,0.0,0.3016,0.0,3,3,0
0.333,0.5,1,1.045,222.27,212.28,185,0.274,14,0.5,0.0,0.07,0,-1.667,0.0,0,1.0,0,0,0,0.0,212.28,232.26,232.26,0,1,0,1,0.32,0.33,0.07,0.5,1.0,1.0,212.28,14,14,1
0.0,0.0,0,1.036,132.2,0.0,114,0.597,6,0.0,0.0,0.07,0,0.0,10.0,0,0.0,0,0,0,0.0,0.0,136.95,136.95,1,1,0,0,0.79,0.0,0.18,0.0,0.0,0.3453,0.0,6,6,0
0.0,0.0,0,1.299,288.71,0.0,384,0.212,3,0.0,0.0,0.2,0,0.0,10.0,0,0.0,0,0,0,0.0,0.0,375.03,375.03,1,1,0,0,0.16,0.0,0.04,0.0,0.0,0.6495,0.0,3,3,0
0.0,0.1429,0,0.325,293.96,472.77,684,0.3,1,0.1429,0.5,0.2,0,-1.429,0.0,0,1.0,0,0,0,0.0,0.0,95.6,95.6,1,1,0,0,0.31,0.0,0.07,0.1429,0.0,0.2762,472.77,1,1,0
0.0,0.25,0,1.012,429.0,476.02,476,0.2,8,0.25,0.0,0.2,0,-2.5,0.0,0,1.0,0,0,0,0.0,0.0,433.97,433.97,0,1,0,0,0.25,0.0,0.06,0.25,0.0,0.5303,476.02,8,8,0
0.0,0.5,0,0.941,356.16,344.76,303,0.56,24,0.5,0.0,0.1,1,-5.0,0.0,0,0.667,0,0,0,0.0,0.0,335.1,335.1,0,2,0,0,0.59,0.0,0.14,0.5,0.0,0.6408,344.76,24,24,1
0.0,0.0,0,1.316,299.98,0.0,110,1.174,29,0.0,0.0,0.08,0,0.0,10.0,0,0.0,1,0,0,0.837,0.0,394.63,394.63,0,3,0,0,1.91,0.0,0.44,0.0,0.0,0.1879,0.0,29,29,0
0.333,0.125,1,1.173,272.87,120.02,253,0.659,18,0.125,0.0,0.08,0,2.083,51.7,0,0.0,0,0,0,3.372,120.02,320.0,320.0,1,2,1,1,0.95,0.33,0.22,0.125,0.5,0.2016,120.02,18,18,0
0.0,0.0,0,1.523,253.7,0.0,542,0.441,29,0.0,0.0,0.07,0,0.0,10.0,0,0.0,0,0,0,2.393,0.0,386.45,386.45,0,1,0,0,0.28,0.0,0.06,0.0,0.0,0.3046,0.0,29,29,0
0.0,0.0,0,0.77,382.77,0.0,216,0.539,8,0.0,0.0,0.2,0,0.0,10.0,0,0.0,0,0,0,0.0,0.0,294.81,294.81,0,1,0,0,0.83,0.0,0.19,0.0,0.0,0.1284,0.0,8,8,0
0.0,0.0,0,1.904,247.48,0.0,167,0.45,3,0.0,0.0,0.2,0,0.0,10.0,0,0.0,0,0,0,2.375,0.0,471.2,471.2,1,1,0,0,0.36,0.0,0.08,0.0,0.0,0.952,0.0,3,3,0
1.0,0.6364,2,1.204,189.82,224.4,432,0.812,30,0.6364,0.6667,0.07,0,3.636,82.7,0,0.571,0,0,0,1.25,186.46,228.47,228.47,1,4,1,2,0.76,1.0,0.18,0.6364,0.5,0.8617,224.4,30,30,1
0.333,0.2727,0,1.453,256.89,175.42,820,0.402,8,0.2727,0.0,0.2,1,0.606,22.1,0,0.333,0,0,0,2.633,0.0,373.26,373.26,0,1,0,0,0.4,0.33,0.09,0.2727,0.0,0.3183,175.42,8,8,1
0.0,0.0,0,1.232,129.27,0.0,54,0.635,1,0.0,0.0,0.2,0,0.0,10.0,0,0.0,0,0,0,0.0,0.0,159.23,159.23,1,2,0,0,1.11,0.0,0.26,0.0,0.0,0.6159,0.0,1,1,0
0.667,0.1818,2,1.125,285.64,355.66,36,7.66,3,0.1818,0.0,0.05,0,4.848,100.0,0,1.0,0,0,0,0.567,711.31,321.42,321.42,3,10,0,2,9.17,0.67,2.12,0.1818,0.2,0.3287,355.66,3,3,1
0.0,0.25,0,1.305,316.68,195.99,696,0.31,20,0.25,0.25,0.2,0,-2.5,0.0,0,0.5,0,0,0,0.0,0.0,413.21,413.21,0,1,0,0,0.34,0.0,0.08,0.25,0.0,0.3178,195.99,20,20,0
0.333,0.125,1,1.791,245.72,240.94,50,4.412,2,0.125,0.0,0.1,0,2.083,51.7,0,1.0,0,0,0,0.844,240.94,440.16,440.16,1,7,1,1,4.8,0.33,1.11,0.125,0.1429,0.3465,240.94,2,2,0
0.333,0.125,0,0.369,125.08,35.1,987,0.243,21,0.125,0.0,0.2,0,2.083,51.7,0,0.0,0,0,0,4.557,0.0,46.21,46.21,0,1,0,0,0.24,0.33,0.06,0.125,0.0,0.0813,35.1,21,21,0
0.333,0.2143,0,1.299,296.98,270.51,780,0.552,25,0.2143,0.5,0.12,0,1.19,33.8,0,0.667,0,0,0,0.0,0.0,385.87,385.87,0,2,0,0,0.54,0.33,0.12,0.2143,0.0,0.288,270.51,25,25,1
0.0,0.0,0,0.173,263.09,0.0,645,0.651,28,0.0,0.0,0.03,0,0.0,10.0,0,0.0,0,0,0,1.577,0.0,45.41,45.41,0,1,0,0,0.65,0.0,0.15,0.0,0.0,0.0123,0.0,28,28,0
0.0,0.0,0,0.408,255.51,0.0,93,1.758,9,0.0,0.0,0.05,0,0.0,10.0,0,0.0,0,0,0,0.538,0.0,104.24,104.24,1,3,0,0,1.61,0.0,0.37,0.0,0.0,0.0816,0.0,9,9,1
0.0,0.1667,0,1.926,237.44,183.74,140,1.167,18,0.1667,0.5,0.1,0,-1.667,0.0,0,0.0,0,0,0,1.833,0.0,457.36,457.36,0,2,0,0,1.29,0.0,0.3,0.1667,0.0,0.45,183.74,18,18,0
0.0,0.0,0,1.601,307.82,0.0,269,0.53,17,0.0,0.0,0.2,0,0.0,10.0,0,0.0,0,0,0,0.0,0.0,492.81,492.81,0,2,0,0,0.78,0.0,0.18,0.0,0.0,0.2287,0.0,17,17,0
0.0,0.0,0,0.991,321.22,0.0,87,0.956,12,0.0,0.0,0.03,0,0.0,10.0,0,0.0,0,0,0,0.0,0.0,318.39,318.39,1,3,0,0,1.72,0.0,0.4,0.0,0.0,0.1982,0.0,12,12,0
0.0,0.25,0,0.162,330.72,404.14,201,0.761,16,0.25,0.0,0.12,0,-2.5,0.0,0,1.0,0,0,0,1.336,0.0,53.7,53.7,0,2,0,0,0.6,0.0,0.14,0.25,0.0,0.3461,404.14,16,16,1
0.0,0.0667,0,0.378,263.24,329.68,637,0.693,14,0.0667,0.0,0.12,0,-0.667,0.0,0,1.0,0,0,0,1.474,0.0,99.5,99.5,0,1,0,0,0.71,0.0,0.16,0.0667,0.0,0.1087,329.68,14,14,0
0.0,0.0833,0,0.57,270.3,340.79,178,1.883,15,0.0833,0.0,0.08,0,-0.833,0.0,0,1.0,1,0,0,1.742,0.0,154.04,154.04,0,1,0,0,2.02,0.0,0.47,0.0833,0.0,0.1526,340.79,15,15,0
0.333,0.2,1,1.636,169.78,119.71,72,0.847,21,0.2,0.3333,0.2,0,1.333,36.7,0,0.0,0,0,0,0.0,119.71,277.72,277.72,1,4,1,1,2.08,0.33,0.48,0.2,0.25,0.4682,119.71,21,21,0
0.0,0.0,0,1.0,107.06,0.0,66,0.545,22,0.0,0.0,0.12,0,0.0,10.0,0,0.0,0,0,0,0.0,0.0,107.06,107.06,0,1,0,0,0.45,0.0,0.1,0.0,0.0,1.0,0.0,22,22,1
0.0,0.0,0,0.677,288.55,0.0,182,1.03,22,0.0,0.0,0.2,0,0.0,10.0,0,0.0,0,0,0,0.0,0.0,195.39,195.39,2,4,0,0,1.32,0.0,0.3,0.0,0.0,0.0846,0.0,22,22,0
1.0,0.4286,0,1.415,265.98,239.92,159,0.725,27,0.4286,0.0,0.07,0,5.714,100.0,0,0.333,0,0,0,1.407,0.0,376.41,376.41,0,1,0,0,1.32,1.0,0.31,0.4286,0.0,0.5888,239.92,27,27,1
0.333,0.625,1,1.147,217.09,140.31,234,0.997,6,0.625,0.5,0.03,1,-2.917,0.0,0,0.2,0,0,0,2.258,175.46,249.01,249.01,2,3,0,1,1.03,0.33,0.24,0.625,0.3333,0.5473,140.31,6,6,1
0.333,0.6,0,0.512,204.24,200.02,370,0.808,7,0.6,0.0,0.05,0,-2.667,0.0,0,0.5,0,0,0,1.255,0.0,104.67,104.67,1,1,0,0,0.81,0.33,0.19,0.6,0.0,0.6388,200.02,7,7,1
0.0,0.1429,0,0.108,253.88,405.62,320,1.312,7,0.1429,0.3333,0.2,0,-1.429,0.0,0,1.0,0,0,0,1.611,0.0,27.38,27.38,1,2,0,0,1.31,0.0,0.3,0.1429,0.0,0.2359,405.62,7,7,0
0.0,0.0,0,1.0,353.76,0.0,106,0.379,20,0.0,0.0,0.12,0,0.0,10.0,0,0.0,0,0,0,0.0,0.0,353.76,353.76,0,1,0,0,0.28,0.0,0.07,0.0,0.0,1.0,0.0,20,20,1
0.667,0.4444,2,0.814,215.19,284.12,701,0.381,6,0.4444,0.0,0.05,0,2.222,54.4,0,0.75,0,0,0,0.0,711.89,175.1,175.1,1,3,1,2,0.39,0.67,0.09,0.4444,0.6667,0.6772,284.12,6,6,1
0.0,0.0,0,0.539,337.02,0.0,23,2.707,14,0.0,0.0,0.12,0,0.0,10.0,0,0.0,0,0,1,0.312,0.0,181.5,181.5,1,2,0,0,2.61,0.0,0.6,0.0,0.0,0.2693,0.0,14,14,0
0.333,0.6667,0,1.321,367.2,308.35,256,0.347,25,0.6667,0.5,0.05,0,-3.333,0.0,0,1.0,0,0,0,7.667,0.0,484.91,484.91,0,1,0,0,0.35,0.33,0.08,0.6667,0.0,1.0,308.35,25,25,1
0.0,0.0,0,1.682,264.44,0.0,382,0.748,19,0.0,0.0,0.1,0,0.0,10.0,0,0.0,0,0,0,1.37,0.0,444.77,444.77,0,2,0,0,0.79,0.0,0.18,0.0,0.0,0.1682,0.0,19,19,0
0.0,0.0,0,1.979,212.7,0.0,343,0.468,21,0.0,0.0,0.1,0,0.0,10.0,0,0.0,0,0,0,0.0,0.0,421.03,421.03,0,1,0,0,0.44,0.0,0.1,0.0,0.0,0.3959,0.0,21,21,0
0.0,0.0,0,0.228,92.51,0.0,56,1.353,8,0.0,0.0,0.05,1,0.0,10.0,0,0.0,1,0,0,0.0,0.0,21.06,21.06,0,1,0,0,1.07,0.0,0.25,0.0,0.0,0.1138,0.0,8,8,1
0.0,0.25,0,0.964,259.3,488.38,334,0.498,13,0.25,0.0,0.12,0,-2.5,0.0,0,1.0,0,0,0,0.0,0.0,250.08,250.08,0,1,0,0,0.36,0.0,0.08,0.25,0.0,0.712,488.38,13,13,1
0.333,0.3333,1,0.924,317.82,347.24,77,0.36,1,0.3333,0.0,0.03,0,0.0,10.0,0,1.0,0,0,0,3.029,347.24,293.53,293.53,2,3,0,1,1.17,0.33,0.27,0.3333,0.3333,0.672,347.24,1,1,1
0.0,0.0,0,1.919,173.04,0.0,101,0.351,3,0.0,0.0,0.03,0,0.0,10.0,0,0.0,0,0,0,0.0,0.0,332.13,332.13,2,2,0,0,1.19,0.0,0.27,0.0,0.0,0.4799,0.0,3,3,0
0.0,0.0,0,1.0,361.02,0.0,115,0.092,8,0.0,0.0,0.05,0,0.0,10.0,0,0.0,0,0,0,15.833,0.0,361.02,361.02,0,1,0,0,0.26,0.0,0.06,0.0,0.0,1.0,0.0,8,8,0
0.333,0.3333,1,1.006,270.93,173.42,186,0.504,22,0.3333,0.3333,0.1,0,0.0,10.0,0,0.0,0,0,0,0.0,173.42,272.64,272.64,0,3,0,1,0.48,0.33,0.11,0.3333,0.3333,0.5488,173.42,22,22,1
0.0,0.0,0,1.153,150.14,0.0,180,0.692,20,0.0,0.0,0.07,0,0.0,10.0,0,0.0,0,0,0,0.0,0.0,173.11,173.11,0,2,0,0,0.33,0.0,0.08,0.0,0.0,0.5765,0.0,20,20,0
0.0,0.0,0,0.57,252.31,0.0,638,0.671,14,0.0,0.0,0.1,0,0.0,10.0,0,0.0,0,0,0,0.0,0.0,143.75,143.75,0,1,0,0,0.71,0.0,0.16,0.0,0.0,0.038,0.0,14,14,0
0.0,0.0,0,0.864,242.21,0.0,14,4.787,13,0.0,0.0,0.08,0,0.0,10.0,0,0.0,0,0,1,0.776,0.0,209.32,209.32,1,4,0,0,8.57,0.0,1.98,0.0,0.0,0.2161,0.0,13,13,1
1.0,0.5,1,0.588,182.93,218.12,134,1.121,24,0.5,0.0,0.08,0,5.0,100.0,0,0.333,0,0,0,0.0,172.88,107.55,107.55,0,3,0,1,1.34,1.0,0.31,0.5,0.3333,0.6942,218.12,24,24,1
0.0,0.0,0,0.867,147.78,0.0,86,0.457,11,0.0,0.0,0.07,1,0.0,10.0,0,0.0,0,0,0,0.0,0.0,128.07,128.07,0,2,0,0,0.7,0.0,0.16,0.0,0.0,0.4333,0.0,11,11,1
0.0,0.1429,0,1.23,255.65,223.74,255,0.799,10,0.1429,0.0,0.1,0,-1.429,0.0,0,1.0,0,0,0,0.0,0.0,314.48,314.48,1,3,0,0,0.82,0.0,0.19,0.1429,0.0,0.3008,223.74,10,10,0
1.333,0.8,2,0.62,370.13,405.27,173,0.487,12,0.8,0.0,0.2,0,5.333,100.0,0,1.0,1,0,0,0.0,661.56,229.56,229.56,0,2,0,2,0.87,1.33,0.2,0.8,1.0,1.0,405.27,12,12,1
0.0,0.0,0,0.81,333.97,0.0,184,1.062,16,0.0,0.0,0.08,0,0.0,10.0,0,0.0,0,0,0,0.936,0.0,270.44,270.44,0,2,0,0,1.14,0.0,0.26,0.0,0.0,0.1157,0.0,16,16,0
0.0,0.3333,0,0.947,339.91,396.47,697,0.379,1,0.3333,0.0,0.03,0,-3.333,0.0,0,1.0,0,0,0,2.846,0.0,321.88,321.88,1,2,0,0,0.39,0.0,0.09,0.3333,0.0,0.494,396.47,1,1,1
0.0,0.0,0,1.46,326.13,0.0,271,0.598,13,0.0,0.0,0.2,0,0.0,10.0,0,0.0,0,0,0,0.0,0.0,476.29,476.29,0,1,0,0,0.66,0.0,0.15,0.0,0.0,0.2434,0.0,13,13,0
0.0,0.0,0,0.866,209.9,0.0,96,0.562,6,0.0,0.0,0.08,0,0.0,10.0,0,0.0,1,0,0,0.0,0.0,181.86,181.86,2,2,0,0,0.62,0.0,0.14,0.0,0.0,0.4332,0.0,6,6,0
1.333,0.3077,4,0.579,312.48,300.75,35,8.077,11,0.3077,0.1667,0.08,1,10.256,100.0,1,1.0,0,0,0,0.2,1203.0,180.9,180.9,0,9,2,4,11.14,1.33,2.57,0.3077,0.4444,0.3407,300.75,11,11,1
0.0,0.0,0,1.0,405.72,0.0,19,0.4,15,0.0,0.0,0.08,0,0.0,10.0,0,0.0,0,0,1,0.0,0.0,405.72,405.72,0,1,0,0,1.58,0.0,0.36,0.0,0.0,1.0,0.0,15,15,1
0.333,0.3636,0,2.004,187.37,135.64,238,1.351,16,0.3636,0.5,0.05,0,-0.303,3.9,0,0.25,1,0,0,0.721,0.0,375.47,375.47,0,2,0,0,1.39,0.33,0.32,0.3636,0.0,0.4454,135.64,16,16,1
0.0,0.0833,0,1.165,295.97,199.57,824,0.423,26,0.0833,0.0,0.2,0,-0.833,0.0,0,0.0,1,0,0,0.0,0.0,344.88,344.88,0,1,0,0,0.44,0.0,0.1,0.0833,0.0,0.1533,199.57,26,26,0
1.0,0.375,1,0.91,247.78,182.87,136,1.765,18,0.375,0.0,0.12,0,6.25,100.0,0,0.333,0,0,0,2.12,177.5,225.42,225.42,0,3,0,1,1.76,1.0,0.41,0.375,0.3333,0.3905,182.87,18,18,1
0.0,0.3333,0,1.294,297.78,340.82,166,0.605,27,0.3333,0.5,0.2,0,-3.333,0.0,0,1.0,0,0,0,0.0,0.0,385.2,385.2,0,1,0,0,0.54,0.0,0.13,0.3333,0.0,0.8127,340.82,27,27,1
0.0,0.0,0,1.322,298.05,0.0,340,0.436,1,0.0,0.0,0.07,0,0.0,10.0,0,0.0,0,0,0,2.553,0.0,393.97,393.97,1,1,0,0,0.35,0.0,0.08,0.0,0.0,0.3305,0.0,1,1,0
0.0,0.25,0,0.249,239.28,152.1,186,0.221,9,0.25,0.0,0.1,0,-2.5,0.0,0,0.0,1,0,0,0.0,0.0,59.67,59.67,0,1,0,0,0.65,0.0,0.15,0.25,0.0,0.2213,152.1,9,9,1
1.0,0.5714,1,1.595,266.01,245.46,224,0.673,27,0.5714,0.0,0.1,0,4.286,95.7,0,0.5,0,0,0,0.0,117.63,424.38,424.38,0,2,0,1,0.94,1.0,0.22,0.5714,0.5,0.7552,245.46,27,27,1
0.333,0.75,0,0.891,342.45,344.16,240,0.957,2,0.75,0.0,0.03,0,-4.167,0.0,0,1.0,0,0,0,0.0,0.0,305.29,305.29,1,1,0,0,1.0,0.33,0.23,0.75,0.0,0.8652,344.16,2,2,1
0.0,0.5,0,0.465,274.73,421.63,218,0.382,8,0.5,0.5,0.12,0,-5.0,0.0,0,1.0,0,0,0,6.644,0.0,127.83,127.83,0,1,0,0,0.28,0.0,0.06,0.5,0.0,1.0,421.63,8,8,1
0.0,0.0,0,1.345,355.17,0.0,35,4.158,2,0.0,0.0,0.12,0,0.0,10.0,0,0.0,0,0,0,1.775,0.0,477.63,477.63,1,1,0,0,1.71,0.0,0.4,0.0,0.0,0.6724,0.0,2,2,0
0.0,0.1429,0,1.479,188.33,116.79,158,0.926,1,0.1429,0.0,0.12,0,-1.429,0.0,0,0.0,0,0,0,1.086,0.0,278.59,278.59,1,1,0,0,1.33,0.0,0.31,0.1429,0.0,0.2999,116.79,1,1,0
0.0,0.5714,0,0.414,239.68,210.3,932,0.217,5,0.5714,0.5,0.2,0,-5.714,0.0,0,0.5,0,0,0,0.0,0.0,99.3,99.3,1,1,0,0,0.23,0.0,0.05,0.5714,0.0,0.5606,210.3,5,5,1
0.0,0.0,0,1.301,303.74,0.0,586,0.286,19,0.0,0.0,0.2,0,0.0,10.0,0,0.0,0,0,0,0.0,0.0,395.26,395.26,1,2,0,0,0.31,0.0,0.07,0.0,0.0,0.2169,0.0,19,19,0
0.0,0.2,0,0.767,168.03,401.9,247,0.732,30,0.2,0.0,0.1,0,-2.0,0.0,0,1.0,0,0,0,0.0,0.0,128.93,128.93,0,1,0,0,0.61,0.0,0.14,0.2,0.0,0.6318,401.9,30,30,1
0.0,0.0,0,0.316,263.99,0.0,479,0.402,30,0.0,0.0,0.05,0,0.0,10.0,0,0.0,0,0,0,0.0,0.0,83.41,83.41,0,1,0,0,0.56,0.0,0.13,0.0,0.0,0.0351,0.0,30,30,0
0.333,0.3333,0,1.032,420.12,375.66,162,0.491,1,0.3333,0.0,0.2,0,0.0,10.0,0,1.0,0,0,0,5.307,0.0,433.59,433.59,1,1,0,0,0.56,0.33,0.13,0.3333,0.0,0.6421,375.66,1,1,0
0.0,0.0,0,0.226,225.88,0.0,58,1.237,5,0.0,0.0,0.05,0,0.0,10.0,0,0.0,0,0,0,0.0,0.0,50.95,50.95,1,3,0,0,2.07,0.0,0.48,0.0,0.0,0.0564,0.0,5,5,0
0.0,0.0,0,0.801,213.39,0.0,29,1.094,21,0.0,0.0,0.2,0,0.0,10.0,0,0.0,1,0,1,0.908,0.0,170.84,170.84,0,3,0,0,3.1,0.0,0.72,0.0,0.0,0.2669,0.0,21,21,0
0.0,0.25,0,0.637,259.52,279.36,259,0.371,7,0.25,0.0,0.08,0,-2.5,0.0,0,1.0,0,0,0,2.852,0.0,165.32,165.32,1,1,0,0,0.46,0.0,0.11,0.25,0.0,0.4284,279.36,7,7,1
0.333,0.0769,0,0.832,217.33,267.15,42,6.923,24,0.0769,0.0,0.08,0,2.564,61.3,0,1.0,0,0,0,0.179,0.0,180.83,180.83,0,7,0,0,9.29,0.33,2.14,0.0769,0.0,0.1586,267.15,24,24,0
0.0,0.0,0,1.825,215.28,0.0,538,0.456,16,0.0,0.0,0.12,0,0.0,10.0,0,0.0,0,0,0,0.0,0.0,392.93,392.93,0,1,0,0,0.56,0.0,0.13,0.0,0.0,0.1825,0.0,16,16,0
0.0,0.0,0,0.882,174.29,0.0,222,0.309,26,0.0,0.0,0.07,0,0.0,10.0,0,0.0,0,0,0,0.0,0.0,153.78,153.78,1,2,0,0,0.54,0.0,0.12,0.0,0.0,0.2206,0.0,26,26,1
1.0,0.3846,0,0.182,198.68,164.53,246,1.288,15,0.3846,0.5,0.08,1,6.154,100.0,0,0.4,0,0,0,0.0,0.0,36.18,36.18,0,3,0,0,1.59,1.0,0.37,0.3846,0.0,0.3325,164.53,15,15,1
0.0,0.0,0,0.796,267.29,0.0,12,32.5,3,0.0,0.0,0.12,0,0.0,10.0,0,0.0,0,0,1,1.0,0.0,212.76,212.76,8,13,0,0,32.5,0.0,7.51,0.0,0.0,0.0612,0.0,3,3,0
0.0,0.0909,0,0.279,322.63,335.54,462,0.764,16,0.0909,0.0,0.2,0,-0.909,0.0,0,1.0,0,0,0,2.94,0.0,90.13,90.13,0,1,0,0,0.71,0.0,0.16,0.0909,0.0,0.1199,335.54,16,16,0
0.0,0.5714,0,0.772,255.26,246.81,772,0.457,6,0.5714,0.5,0.2,0,-5.714,0.0,0,0.625,0,0,0,0.0,0.0,196.95,196.95,1,1,0,0,0.54,0.0,0.13,0.5714,0.0,0.6076,246.81,6,6,1
0.0,0.0,0,1.278,383.37,0.0,135,0.519,12,0.0,0.0,0.12,0,0.0,10.0,0,0.0,1,0,0,0.0,0.0,489.89,489.89,0,1,0,0,0.67,0.0,0.15,0.0,0.0,0.4259,0.0,12,12,0
0.0,0.0,0,1.728,202.67,0.0,363,0.553,29,0.0,0.0,0.2,0,0.0,10.0,0,0.0,1,0,0,1.875,0.0,350.2,350.2,0,1,0,0,0.5,0.0,0.11,0.0,0.0,0.288,0.0,29,29,0
0.333,0.25,1,1.718,235.97,266.33,119,0.457,23,0.25,0.0,0.2,0,0.833,26.7,0,1.0,0,0,0,0.0,266.33,405.34,405.34,0,1,0,1,1.01,0.33,0.23,0.25,1.0,0.7116,266.33,23,23,0
0.0,0.5,0,0.702,277.25,263.97,827,0.464,2,0.5,0.5,0.03,0,-5.0,0.0,0,0.667,0,0,0,0.0,0.0,194.74,194.74,1,1,0,0,0.44,0.0,0.1,0.5,0.0,0.5346,263.97,2,2,1
1.0,0.2,1,1.446,301.33,295.0,93,4.839,5,0.2,0.0,0.05,1,8.0,100.0,0,1.0,0,0,0,0.764,300.4,435.68,435.68,1,4,0,1,4.84,1.0,1.12,0.2,0.25,0.2922,295.0,5,5,1
0.0,0.1111,0,0.336,195.05,221.24,269,0.915,10,0.1111,0.0,0.03,0,-1.111,0.0,0,1.0,1,0,0,1.1,0.0,65.45,65.45,1,2,0,0,1.0,0.0,0.23,0.1111,0.0,0.1633,221.24,10,10,0
0.667,0.3333,0,0.956,263.89,266.16,147,1.125,22,0.3333,0.0,0.1,0,3.333,76.7,0,1.0,0,0,0,1.897,0.0,252.23,252.23,0,4,0,0,1.22,0.67,0.28,0.3333,0.0,0.4955,266.16,22,22,1
0.0,0.0,0,0.384,250.23,0.0,385,0.323,25,0.0,0.0,0.2,0,0.0,10.0,0,0.0,0,0,0,0.0,0.0,95.98,95.98,0,1,0,0,0.39,0.0,0.09,0.0,0.0,0.0767,0.0,25,25,0
0.333,0.5,1,1.119,403.21,355.1,143,0.279,19,0.5,0.0,0.03,1,-1.667,0.0,0,1.0,0,0,0,0.0,355.1,451.31,451.31,0,2,0,1,0.42,0.33,0.1,0.5,0.5,1.0,355.1,19,19,1
0.0,0.5,0,0.908,323.59,283.15,786,0.224,25,0.5,0.0,0.1,0,-5.0,0.0,0,0.667,0,0,0,0.0,0.0,293.95,293.95,0,1,0,0,0.23,0.0,0.05,0.5,0.0,0.5889,283.15,25,25,1
0.333,0.3333,1,0.263,297.52,367.1,263,0.466,18,0.3333,0.0,0.1,0,0.0,10.0,0,1.0,0,0,0,0.0,361.33,78.35,78.35,1,3,0,1,0.68,0.33,0.16,0.3333,0.3333,0.4552,367.1,18,18,1
0.0,0.0,0,0.638,331.78,0.0,114,0.117,13,0.0,0.0,0.07,0,0.0,10.0,0,0.0,0,0,0,0.0,0.0,211.76,211.76,0,1,0,0,0.79,0.0,0.18,0.0,0.0,0.2128,0.0,13,13,1
0.0,0.0,0,1.0,493.24,0.0,100,1.048,13,0.0,0.0,0.07,0,0.0,10.0,0,0.0,0,0,0,3.562,0.0,493.24,493.24,0,1,0,0,0.3,0.0,0.07,0.0,0.0,1.0,0.0,13,13,1
0.0,0.0,0,1.0,414.57,0.0,89,0.245,7,0.0,0.0,0.07,0,0.0,10.0,0,0.0,0,0,0,0.0,0.0,414.57,414.57,1,1,0,0,0.34,0.0,0.08,0.0,0.0,1.0,0.0,7,7,1
0.0,0.0,0,1.293,310.53,0.0,10,12.632,5,0.0,0.0,0.08,0,0.0,10.0,0,0.0,0,0,1,1.0,0.0,401.45,401.45,5,5,0,0,15.0,0.0,3.46,0.0,0.0,0.2586,0.0,5,5,1
0.0,0.0,0,0.526,245.44,0.0,605,0.437,30,0.0,0.0,0.2,0,0.0,10.0,0,0.0,0,0,0,2.406,0.0,129.0,129.0,0,2,0,0,0.4,0.0,0.09,0.0,0.0,0.0657,0.0,30,30,0
0.0,0.0,0,1.231,276.83,0.0,46,1.883,16,0.0,0.0,0.1,0,0.0,10.0,0,0.0,0,0,0,1.742,0.0,340.79,340.79,1,6,0,0,4.57,0.0,1.05,0.0,0.0,0.1759,0.0,16,16,0
0.0,0.0833,0,0.575,265.32,496.98,479,0.534,14,0.0833,0.0,0.05,0,-0.833,0.0,0,1.0,0,0,0,1.941,0.0,152.65,152.65,1,4,0,0,0.75,0.0,0.17,0.0833,0.0,0.204,496.98,14,14,0
0.0,0.2857,0,1.375,332.99,373.91,879,0.261,24,0.2857,0.0,0.08,0,-2.857,0.0,0,1.0,0,0,0,0.0,0.0,457.91,457.91,0,1,0,0,0.24,0.0,0.06,0.2857,0.0,0.5173,373.91,24,24,1
0.0,0.0,0,1.002,85.87,0.0,134,0.982,4,0.0,0.0,0.2,0,0.0,10.0,0,0.0,1,0,0,0.0,0.0,86.01,86.01,1,2,0,0,1.12,0.0,0.26,0.0,0.0,0.2003,0.0,4,4,0
1.0,0.5556,0,1.552,194.33,246.04,342,0.789,3,0.5556,0.0,0.05,0,4.444,98.9,0,0.4,1,0,0,2.971,0.0,301.57,301.57,2,2,0,0,0.79,1.0,0.18,0.5556,0.0,0.8758,246.04,3,3,1
0.333,0.25,0,0.95,356.24,271.71,154,0.636,5,0.25,0.0,0.1,0,0.833,26.7,0,1.0,0,0,0,0.0,0.0,338.51,338.51,1,2,0,0,0.78,0.33,0.18,0.25,0.0,0.4282,271.71,5,5,1
0.333,0.25,0,1.334,306.89,435.04,246,1.442,6,0.25,0.0,0.2,0,0.833,26.7,0,1.0,0,0,0,2.35,0.0,409.5,409.5,1,3,0,0,1.46,0.33,0.34,0.25,0.0,0.4656,435.04,6,6,0
0.0,0.0,0,0.831,58.2,0.0,185,0.323,20,0.0,0.0,0.12,0,0.0,10.0,0,0.0,0,0,0,0.0,0.0,48.35,48.35,0,1,0,0,0.32,0.0,0.07,0.0,0.0,0.4154,0.0,20,20,0
0.667,0.5,2,1.171,313.27,321.97,255,0.637,12,0.5,0.0,0.1,0,1.667,43.3,0,0.667,0,0,0,1.61,515.4,366.84,366.84,1,2,1,2,0.71,0.67,0.16,0.5,1.0,0.709,321.97,12,12,1
0.333,0.5,0,1.113,247.4,238.99,276,0.422,4,0.5,0.0,0.2,1,-1.667,0.0,0,0.5,0,0,0,6.617,0.0,275.38,275.38,1,1,0,0,0.43,0.33,0.1,0.5,0.0,0.7613,238.99,4,4,1
0.0,0.0,0,1.0,32.19,0.0,26,0.505,8,0.0,0.0,0.08,0,0.0,10.0,0,0.0,0,0,1,0.0,0.0,32.19,32.19,0,1,0,0,1.15,0.0,0.27,0.0,0.0,1.0,0.0,8,8,1
0.333,0.7143,0,0.755,284.59,283.82,840,0.218,19,0.7143,0.3333,0.05,0,-3.81,0.0,0,0.8,0,0,0,0.0,0.0,214.83,214.83,0,1,0,0,0.25,0.33,0.06,0.7143,0.0,0.8202,283.82,19,19,1
0.0,0.0,0,0.626,259.24,0.0,300,1.221,29,0.0,0.0,0.05,0,0.0,10.0,0,0.0,0,0,0,0.805,0.0,162.35,162.35,1,4,0,0,1.3,0.0,0.3,0.0,0.0,0.0482,0.0,29,29,0
0.0,0.0,0,0.929,401.24,0.0,226,0.312,28,0.0,0.0,0.05,0,0.0,10.0,0,0.0,0,0,0,3.524,0.0,372.73,372.73,0,1,0,0,0.27,0.0,0.06,0.0,0.0,0.4645,0.0,28,28,0
0.333,0.5,1,1.739,110.25,28.74,47,0.796,11,0.5,0.0,0.2,0,-1.667,0.0,0,0.0,1,0,0,1.307,28.74,191.76,191.76,0,2,1,1,1.28,0.33,0.29,0.5,0.5,1.0,28.74,11,11,1
0.0,0.0,0,1.0,372.2,0.0,14,0.233,14,0.0,0.0,0.12,0,0.0,10.0,0,0.0,0,0,1,0.0,0.0,372.2,372.2,0,1,0,0,2.14,0.0,0.49,0.0,0.0,1.0,0.0,14,14,1
0.0,0.1818,0,1.892,221.87,335.16,374,0.843,21,0.1818,0.0,0.12,0,-1.818,0.0,0,1.0,0,0,0,0.0,0.0,419.73,419.73,0,1,0,0,0.88,0.0,0.2,0.1818,0.0,0.4466,335.16,21,21,0
0.0,0.1429,0,0.742,434.68,436.12,244,0.508,23,0.1429,0.0,0.12,0,-1.429,0.0,0,1.0,1,0,0,0.0,0.0,322.7,322.7,0,2,0,0,0.86,0.0,0.2,0.1429,0.0,0.2494,436.12,23,23,1
0.0,0.0,0,1.0,192.26,0.0,97,0.583,4,0.0,0.0,0.12,1,0.0,10.0,0,0.0,0,0,0,1.819,0.0,192.26,192.26,1,1,0,0,0.31,0.0,0.07,0.0,0.0,1.0,0.0,4,4,1
0.0,0.0,0,1.755,264.68,0.0,219,0.68,30,0.0,0.0,0.05,0,0.0,10.0,0,0.0,0,0,0,1.522,0.0,464.53,464.53,0,2,0,0,0.68,0.0,0.16,0.0,0.0,0.351,0.0,30,30,0
0.667,0.3333,0,1.264,240.99,127.5,100,1.818,16,0.3333,0.0,0.12,1,3.333,76.7,0,0.0,1,0,0,1.12,0.0,304.57,304.57,1,2,0,0,1.8,0.67,0.42,0.3333,0.0,0.387,127.5,16,16,1
0.0,0.2857,0,0.712,350.22,318.9,317,0.662,3,0.2857,0.0,0.12,0,-2.857,0.0,0,1.0,0,0,0,1.567,0.0,249.34,249.34,1,1,0,0,0.66,0.0,0.15,0.2857,0.0,0.3619,318.9,3,3,0
0.0,0.0,0,1.0,59.31,0.0,59,0.455,7,0.0,0.0,0.2,0,0.0,10.0,0,0.0,1,0,0,0.0,0.0,59.31,59.31,1,1,0,0,0.51,0.0,0.12,0.0,0.0,1.0,0.0,7,7,1
0.0,0.0,0,0.533,223.46,0.0,112,1.002,28,0.0,0.0,0.12,0,0.0,10.0,0,0.0,0,0,0,2.161,0.0,119.17,119.17,0,1,0,0,0.54,0.0,0.12,0.0,0.0,0.2666,0.0,28,28,0
0.0,0.0,0,0.728,188.89,0.0,125,0.56,1,0.0,0.0,0.2,0,0.0,10.0,0,0.0,0,0,0,0.0,0.0,137.47,137.47,1,2,0,0,0.96,0.0,0.22,0.0,0.0,0.1819,0.0,1,1,0
0.0,0.1111,0,0.155,250.08,273.7,409,0.698,12,0.1111,0.0,0.2,0,-1.111,0.0,0,1.0,0,0,0,1.467,0.0,38.86,38.86,0,3,0,0,0.66,0.0,0.15,0.1111,0.0,0.1389,273.7,12,12,0
0.0,0.0,0,1.278,259.05,0.0,284,0.692,19,0.0,0.0,0.12,0,0.0,10.0,0,0.0,0,0,0,0.0,0.0,331.1,331.1,0,1,0,0,0.74,0.0,0.17,0.0,0.0,0.1826,0.0,19,19,0
0.333,0.5556,0,0.555,212.29,249.16,703,0.39,20,0.5556,0.5,0.1,1,-2.222,0.0,0,0.6,0,0,0,2.737,0.0,117.86,117.86,0,1,0,0,0.38,0.33,0.09,0.5556,0.0,0.7137,249.16,20,20,1
0.0,0.0,0,1.26,335.4,0.0,19,0.536,3,0.0,0.0,0.12,0,0.0,10.0,0,0.0,0,0,1,0.0,0.0,422.57,422.57,1,2,0,0,3.16,0.0,0.73,0.0,0.0,0.63,0.0,3,3,1
0.333,0.5,1,0.772,234.29,287.8,37,3.095,1,0.5,0.0,0.2,0,-1.667,0.0,0,1.0,0,0,0,1.422,287.8,180.77,180.77,1,1,0,1,1.62,0.33,0.37,0.5,1.0,1.0,287.8,1,1,1
0.333,0.5,0,0.696,152.08,198.31,127,0.457,22,0.5,0.0,0.05,0,-1.667,0.0,0,0.0,0,0,0,0.0,0.0,105.86,105.86,0,1,0,0,0.47,0.33,0.11,0.5,0.0,1.0,198.31,22,22,1
0.333,0.4444,0,1.044,276.57,348.76,456,0.592,13,0.4444,0.0,0.2,1,-1.111,0.0,0,0.75,0,0,0,1.775,0.0,288.8,288.8,0,1,0,0,0.59,0.33,0.14,0.4444,0.0,0.6765,348.76,13,13,1
0.0,0.0,0,1.393,189.19,0.0,118,0.497,12,0.0,0.0,0.2,0,0.0,10.0,0,0.0,0,0,0,2.138,0.0,263.56,263.56,0,2,0,0,0.51,0.0,0.12,0.0,0.0,0.6965,0.0,12,12,0
0.0,0.0,0,0.91,277.34,0.0,112,0.83,27,0.0,0.0,0.08,0,0.0,10.0,0,0.0,0,0,0,0.0,0.0,252.28,252.28,1,2,0,0,0.8,0.0,0.19,0.0,0.0,0.3032,0.0,27,27,0
0.0,0.4545,0,0.393,286.92,242.99,476,0.683,23,0.4545,0.3333,0.05,0,-4.545,0.0,0,0.6,0,0,0,1.506,0.0,112.85,112.85,0,1,0,0,0.69,0.0,0.16,0.4545,0.0,0.4207,242.99,23,23,1
0.0,0.0,0,1.2,212.48,0.0,288,0.567,5,0.0,0.0,0.08,0,0.0,10.0,0,0.0,0,0,0,0.0,0.0,255.05,255.05,1,4,0,0,0.73,0.0,0.17,0.0,0.0,0.1715,0.0,5,5,0
0.0,0.0,0,1.059,77.11,0.0,27,3.636,1,0.0,0.0,0.12,0,0.0,10.0,0,0.0,1,0,1,1.0,0.0,81.69,81.69,1,3,0,0,3.33,0.0,0.77,0.0,0.0,0.3531,0.0,1,1,0
0.0,0.0,0,1.0,131.35,0.0,26,0.767,13,0.0,0.0,0.2,0,0.0,10.0,0,0.0,0,0,1,3.144,0.0,131.35,131.35,0,1,0,0,1.15,0.0,0.27,0.0,0.0,1.0,0.0,13,13,0
0.333,0.4,1,2.097,235.32,274.22,452,0.993,13,0.4,0.0,0.1,1,-0.667,0.0,0,0.5,0,0,0,3.525,165.67,493.36,493.36,0,3,0,1,1.0,0.33,0.23,0.4,0.3333,0.6059,274.22,13,13,1
0.0,0.1667,0,0.341,238.8,57.79,233,0.741,8,0.1667,0.0,0.07,1,-1.667,0.0,0,0.0,0,0,0,0.0,0.0,81.47,81.47,2,3,0,0,0.77,0.0,0.18,0.1667,0.0,0.0972,57.79,8,8,1
1.0,0.6667,1,0.095,301.49,371.55,332,0.478,2,0.6667,0.6667,0.2,0,3.333,76.7,0,0.75,0,0,0,0.0,459.61,28.52,28.52,1,1,0,1,0.54,1.0,0.13,0.6667,1.0,0.8374,371.55,2,2,1
0.0,0.25,0,0.225,239.28,330.82,863,0.124,25,0.25,0.0,0.08,0,-2.5,0.0,0,1.0,0,0,0,0.0,0.0,53.73,53.73,0,2,0,0,0.14,0.0,0.03,0.25,0.0,0.4018,330.82,25,25,0
0.0,0.0,0,1.076,195.3,0.0,374,0.504,23,0.0,0.0,0.12,0,0.0,10.0,0,0.0,0,0,0,0.0,0.0,210.1,210.1,0,1,0,0,0.32,0.0,0.07,0.0,0.0,0.2689,0.0,23,23,1
0.333,0.3571,0,1.505,306.48,368.07,711,0.555,12,0.3571,0.0,0.1,0,-0.238,5.2,0,0.8,0,0,0,0.0,0.0,461.22,461.22,0,1,0,0,0.59,0.33,0.14,0.3571,0.0,0.5364,368.07,12,12,1
0.333,0.0769,1,2.039,188.56,78.05,28,13.929,1,0.0769,0.0,0.12,0,2.564,61.3,0,0.0,0,0,1,1.0,78.05,384.53,384.53,4,13,0,1,13.93,0.33,3.22,0.0769,0.0769,0.1887,78.05,1,1,0
0.333,0.2857,1,0.367,234.84,305.36,465,0.51,20,0.2857,0.6667,0.08,0,0.476,19.5,0,0.5,0,0,0,2.031,471.85,86.24,86.24,1,3,0,1,0.45,0.33,0.1,0.2857,0.3333,0.424,305.36,20,20,1
0.0,0.0,0,1.0,97.78,0.0,5,2.037,4,0.0,0.0,0.05,0,0.0,10.0,0,0.0,0,0,1,0.978,0.0,97.78,97.78,1,1,0,0,6.0,0.0,1.39,0.0,0.0,1.0,0.0,4,4,0
0.333,0.25,1,0.683,256.17,262.12,449,0.201,14,0.25,0.0,0.1,1,0.833,26.7,0,1.0,0,0,0,0.0,262.12,175.04,175.04,0,2,0,1,0.27,0.33,0.06,0.25,0.5,0.4266,262.12,14,14,1
0.667,0.5,1,1.567,194.6,203.64,73,1.586,27,0.5,0.0,0.12,0,1.667,43.3,0,0.5,1,0,0,0.0,353.07,304.92,304.92,1,2,0,1,1.64,0.67,0.38,0.5,0.5,0.915,203.64,27,27,1
0.0,0.0,0,1.326,194.71,0.0,188,1.452,3,0.0,0.0,0.08,0,0.0,10.0,0,0.0,0,0,0,3.394,0.0,258.15,258.15,1,1,0,0,1.44,0.0,0.33,0.0,0.0,0.1473,0.0,3,3,0
1.333,0.75,1,1.439,202.83,210.75,149,1.586,22,0.75,0.6667,0.12,0,5.833,100.0,0,0.5,0,0,0,0.0,32.92,291.93,291.93,0,1,0,1,1.61,1.33,0.37,0.75,1.0,0.9592,210.75,22,22,1
0.333,0.25,1,1.1,314.9,122.65,229,0.314,3,0.25,0.0,0.12,0,0.833,26.7,0,0.0,0,0,0,0.0,122.65,346.54,346.54,2,3,0,1,0.52,0.33,0.12,0.25,0.3333,0.3725,122.65,3,3,1
1.0,0.4286,3,0.091,235.31,195.11,46,3.288,20,0.4286,0.0,0.05,1,5.714,100.0,0,0.333,0,1,0,0.205,585.32,21.47,21.47,1,6,1,3,4.57,1.0,1.05,0.4286,0.5,0.3684,195.11,20,20,1
0.0,0.0,0,1.0,435.65,0.0,134,0.433,24,0.0,0.0,0.07,0,0.0,10.0,0,0.0,1,0,0,2.967,0.0,435.65,435.65,0,1,0,0,0.22,0.0,0.05,0.0,0.0,1.0,0.0,24,24,0
0.333,0.3333,0,0.793,297.11,366.2,199,0.606,7,0.3333,0.0,0.12,1,0.0,10.0,0,1.0,0,0,0,3.815,0.0,235.62,235.62,1,2,0,0,0.9,0.33,0.21,0.3333,0.0,0.543,366.2,7,7,1
0.0,0.0,0,1.0,206.54,0.0,90,0.807,23,0.0,0.0,0.12,0,0.0,10.0,0,0.0,0,0,0,2.745,0.0,206.54,206.54,0,1,0,0,0.33,0.0,0.08,0.0,0.0,1.0,0.0,23,23,1
0.0,0.3333,0,0.178,266.18,395.55,396,0.569,26,0.3333,0.0,0.12,0,-3.333,0.0,0,1.0,0,0,0,1.812,0.0,47.25,47.25,0,1,0,0,0.68,0.0,0.16,0.3333,0.0,0.5151,395.55,26,26,1
0.333,0.4286,1,0.522,249.45,168.3,194,1.162,2,0.4286,0.0,0.07,0,-0.952,0.0,0,0.333,1,0,0,0.847,21.98,130.12,130.12,1,2,1,1,1.08,0.33,0.25,0.4286,0.5,0.3637,168.3,2,2,1
0.0,0.0,0,1.208,249.8,0.0,114,0.392,9,0.0,0.0,0.2,0,0.0,10.0,0,0.0,0,0,0,0.0,0.0,301.64,301.64,0,2,0,0,1.05,0.0,0.24,0.0,0.0,0.3019,0.0,9,9,0
0.0,0.0,0,0.485,271.44,0.0,98,1.189,23,0.0,0.0,0.12,0,0.0,10.0,0,0.0,0,0,0,0.0,0.0,131.57,131.57,0,4,0,0,1.84,0.0,0.42,0.0,0.0,0.0808,0.0,23,23,0
0.0,0.125,0,1.005,195.55,159.65,806,0.241,18,0.125,0.0,0.03,0,-1.25,0.0,0,0.0,0,0,0,0.0,0.0,196.46,196.46,0,1,0,0,0.3,0.0,0.07,0.125,0.0,0.2276,159.65,18,18,0
0.333,0.1667,1,1.053,210.6,242.91,49,5.0,5,0.1667,0.0,0.07,0,1.667,43.3,0,1.0,0,0,0,1.5,242.91,221.8,221.8,2,3,0,1,3.67,0.33,0.85,0.1667,0.3333,0.3678,242.91,5,5,1
0.667,0.3333,0,0.795,207.29,184.37,149,1.123,11,0.3333,0.6667,0.1,0,3.333,76.7,0,0.667,0,0,0,0.0,0.0,164.8,164.8,1,4,0,0,1.81,0.67,0.42,0.3333,0.0,0.3848,184.37,11,11,1
0.0,0.0,0,1.0,243.45,0.0,159,0.228,14,0.0,0.0,0.05,0,0.0,10.0,0,0.0,0,0,0,0.0,0.0,243.45,243.45,0,1,0,0,0.19,0.0,0.04,0.0,0.0,1.0,0.0,14,14,1
0.0,0.0,0,1.654,218.94,0.0,58,2.045,26,0.0,0.0,0.12,0,0.0,10.0,0,0.0,0,0,0,0.973,0.0,362.08,362.08,0,2,0,0,1.03,0.0,0.24,0.0,0.0,0.8269,0.0,26,26,0
1.0,0.6,2,0.493,259.48,248.44,226,1.197,19,0.6,0.3333,0.1,0,4.0,90.0,0,0.5,0,0,0,0.824,375.6,127.94,127.94,0,3,0,2,1.33,1.0,0.31,0.6,0.6667,0.6238,248.44,19,19,1
0.0,0.0,0,1.0,339.44,0.0,70,0.593,26,0.0,0.0,0.05,0,0.0,10.0,0,0.0,0,0,0,1.858,0.0,339.44,339.44,0,1,0,0,0.43,0.0,0.1,0.0,0.0,1.0,0.0,26,26,0
0.0,0.0,0,0.275,281.41,0.0,25,2.903,18,0.0,0.0,0.12,1,0.0,10.0,0,0.0,0,0,1,0.213,0.0,77.31,77.31,2,4,0,0,4.8,0.0,1.11,0.0,0.0,0.0687,0.0,18,18,1
0.333,0.5,0,1.192,397.46,321.23,58,0.957,5,0.5,0.0,0.07,1,-1.667,0.0,0,1.0,0,0,0,1.067,0.0,473.68,473.68,1,1,0,0,1.03,0.33,0.24,0.5,0.0,1.0,321.23,5,5,1
0.0,0.25,0,1.431,241.05,245.74,538,0.513,25,0.25,0.0,0.12,0,-2.5,0.0,0,0.5,0,0,0,0.0,0.0,344.85,344.85,0,1,0,0,0.45,0.0,0.1,0.25,0.0,0.4337,245.74,25,25,1
0.667,0.5,1,1.52,316.44,364.02,91,1.003,22,0.5,0.0,0.12,1,1.667,43.3,0,1.0,0,0,0,0.997,406.2,481.11,481.11,0,2,0,1,1.32,0.67,0.3,0.5,0.5,0.9553,364.02,22,22,1
0.0,0.0,0,1.0,410.85,0.0,71,0.587,5,0.0,0.0,0.05,0,0.0,10.0,0,0.0,0,0,0,6.236,0.0,410.85,410.85,1,1,0,0,0.42,0.0,0.1,0.0,0.0,1.0,0.0,5,5,1
0.0,0.0,0,0.323,238.59,0.0,673,0.573,22,0.0,0.0,0.08,0,0.0,10.0,0,0.0,0,0,0,0.0,0.0,77.13,77.13,0,2,0,0,0.45,0.0,0.1,0.0,0.0,0.0323,0.0,22,22,0
0.667,0.2857,2,1.548,246.28,68.38,54,3.947,16,0.2857,0.5,0.2,1,3.81,86.2,0,0.0,0,0,0,1.018,136.75,381.17,381.17,0,4,1,2,3.89,0.67,0.9,0.2857,0.5,0.3004,68.38,16,16,1
0.0,0.1667,0,0.375,238.3,87.14,330,1.023,29,0.1667,0.0,0.12,0,-1.667,0.0,0,0.0,0,0,0,0.0,0.0,89.45,89.45,0,1,0,0,1.09,0.0,0.25,0.1667,0.0,0.0922,87.14,29,29,0
0.0,0.125,0,1.194,295.46,395.6,369,0.391,28,0.125,0.0,0.1,0,-1.25,0.0,0,1.0,0,0,0,0.0,0.0,352.92,352.92,0,1,0,0,0.65,0.0,0.15,0.125,0.0,0.3167,395.6,28,28,0
0.0,0.4286,0,0.102,261.67,244.1,685,0.592,28,0.4286,0.5,0.2,1,-4.286,0.0,0,0.333,0,0,0,0.0,0.0,26.77,26.77,0,1,0,0,0.61,0.0,0.14,0.4286,0.0,0.4071,244.1,28,28,1
1.0,0.5,2,0.466,171.98,247.38,46,2.553,11,0.5,0.0,0.08,1,5.0,100.0,0,0.667,1,0,0,1.233,720.83,80.06,80.06,0,2,1,2,3.91,1.0,0.9,0.5,1.0,0.7968,247.38,11,11,1
0.0,0.0,0,1.0,58.12,0.0,31,1.115,5,0.0,0.0,0.1,0,0.0,10.0,0,0.0,1,0,0,0.0,0.0,58.12,58.12,1,1,0,0,0.97,0.0,0.22,0.0,0.0,1.0,0.0,5,5,0
0.0,0.0,0,1.032,155.64,0.0,62,0.407,23,0.0,0.0,0.08,0,0.0,10.0,0,0.0,0,0,0,0.0,0.0,160.6,160.6,0,1,0,0,0.97,0.0,0.22,0.0,0.0,0.5159,0.0,23,23,0
0.0,0.0,0,1.095,325.29,0.0,140,0.391,24,0.0,0.0,0.2,0,0.0,10.0,0,0.0,0,0,0,0.0,0.0,356.19,356.19,0,1,0,0,0.43,0.0,0.1,0.0,0.0,0.5475,0.0,24,24,0
0.0,0.0,0,1.355,313.68,0.0,306,0.494,14,0.0,0.0,0.08,0,0.0,10.0,0,0.0,0,0,0,0.0,0.0,424.94,424.94,0,1,0,0,0.78,0.0,0.18,0.0,0.0,0.1693,0.0,14,14,0
0.0,0.1429,0,1.883,234.81,99.23,170,0.57,4,0.1429,0.0,0.2,0,-1.429,0.0,0,0.0,0,0,0,0.0,0.0,442.2,442.2,1,2,0,0,1.24,0.0,0.29,0.1429,0.0,0.3294,99.23,4,4,0
0.0,0.0,0,1.0,498.87,0.0,90,0.598,29,0.0,0.0,0.12,0,0.0,10.0,0,0.0,0,0,0,3.813,0.0,498.87,498.87,0,1,0,0,0.33,0.0,0.08,0.0,0.0,1.0,0.0,29,29,1
0.0,0.0,0,0.079,285.39,0.0,35,5.143,1,0.0,0.0,0.08,0,0.0,10.0,0,0.0,1,0,0,1.0,0.0,22.54,22.54,1,6,0,0,5.14,0.0,1.19,0.0,0.0,0.0132,0.0,1,1,0
1.0,0.5714,1,1.197,337.32,260.86,459,0.556,10,0.5714,0.0,0.1,0,4.286,95.7,0,0.75,1,0,0,1.873,264.29,403.69,403.69,0,2,0,1,0.46,1.0,0.11,0.5714,0.5,0.6129,260.86,10,10,1
0.0,0.25,0,1.001,399.15,306.38,384,0.3,7,0.25,0.0,0.12,0,-2.5,0.0,0,1.0,0,0,0,4.111,0.0,399.52,399.52,1,1,0,0,0.31,0.0,0.07,0.25,0.0,0.4421,306.38,7,7,1
0.0,0.0,0,0.561,337.26,0.0,302,0.215,19,0.0,0.0,0.12,0,0.0,10.0,0,0.0,0,0,0,0.0,0.0,189.32,189.32,0,1,0,0,0.2,0.0,0.05,0.0,0.0,0.2807,0.0,19,19,0
0.0,0.0,0,1.0,333.9,0.0,58,0.898,17,0.0,0.0,0.07,0,0.0,10.0,0,0.0,0,0,0,4.343,0.0,333.9,333.9,0,1,0,0,0.52,0.0,0.12,0.0,0.0,1.0,0.0,17,17,0
0.0,0.0,0,0.836,303.6,0.0,170,0.145,27,0.0,0.0,0.2,0,0.0,10.0,0,0.0,1,0,0,8.844,0.0,253.93,253.93,0,1,0,0,0.35,0.0,0.08,0.0,0.0,0.4182,0.0,27,27,0
0.0,0.1111,0,0.455,244.19,244.04,592,0.569,27,0.1111,0.0,0.2,0,-1.111,0.0,0,1.0,0,0,0,3.976,0.0,111.14,111.14,1,2,0,0,0.46,0.0,0.11,0.1111,0.0,0.1616,244.04,27,27,0
0.667,0.5,1,1.422,274.73,249.62,182,0.875,12,0.5,0.6667,0.2,1,1.667,43.3,0,0.6,1,0,0,0.0,432.28,390.58,390.58,0,1,0,1,1.65,0.67,0.38,0.5,1.0,0.5965,249.62,12,12,1
0.333,0.3333,1,0.965,242.81,312.32,104,0.625,1,0.3333,0.0,0.12,0,0.0,10.0,0,1.0,0,0,0,1.8,312.32,234.36,234.36,1,2,0,1,0.87,0.33,0.2,0.3333,0.5,0.7505,312.32,1,1,1
1.333,0.2857,2,1.835,260.93,223.68,255,1.562,12,0.2857,0.0,0.08,0,10.476,100.0,1,0.25,0,0,0,0.614,587.96,478.87,478.87,0,5,2,2,1.65,1.33,0.38,0.2857,0.4,0.376,223.68,12,12,1
0.0,0.0714,0,0.887,253.1,398.55,781,0.444,27,0.0714,0.0,0.1,0,-0.714,0.0,0,1.0,0,0,0,0.0,0.0,224.49,224.49,0,1,0,0,0.54,0.0,0.12,0.0714,0.0,0.1758,398.55,27,27,0
0.0,0.0769,0,1.74,230.13,200.66,405,0.938,29,0.0769,0.1667,0.1,0,-0.769,0.0,0,1.0,0,0,0,0.0,0.0,400.32,400.32,0,2,0,0,0.96,0.0,0.22,0.0769,0.0,0.2009,200.66,29,29,0
0.0,0.4545,0,0.985,289.99,230.61,807,0.406,27,0.4545,0.0,0.07,1,-4.545,0.0,0,0.6,0,0,0,2.61,0.0,285.72,285.72,1,2,0,0,0.41,0.0,0.09,0.4545,0.0,0.451,230.61,27,27,1
0.333,0.3333,0,1.695,289.87,274.15,150,2.209,23,0.3333,0.0,0.1,0,0.0,10.0,0,1.0,0,0,0,1.478,0.0,491.22,491.22,0,2,0,0,1.8,0.33,0.42,0.3333,0.0,0.5036,274.15,23,23,1
0.0,0.125,0,0.618,230.01,78.88,905,0.265,6,0.125,0.0,0.1,0,-1.25,0.0,0,0.0,0,0,0,4.167,0.0,142.22,142.22,1,1,0,0,0.27,0.0,0.06,0.125,0.0,0.1202,78.88,6,6,0
0.0,0.0,0,0.864,160.27,0.0,5,18.75,5,0.0,0.0,0.05,0,0.0,10.0,0,0.0,0,0,1,1.0,0.0,138.51,138.51,7,7,0,0,42.0,0.0,9.7,0.0,0.0,0.1235,0.0,5,5,0
0.0,0.2857,0,1.94,207.45,212.3,689,0.381,10,0.2857,0.0,0.2,0,-2.857,0.0,0,0.5,0,0,0,0.0,0.0,402.45,402.45,0,1,0,0,0.3,0.0,0.07,0.2857,0.0,0.5695,212.3,10,10,1
0.0,0.0,0,0.459,278.44,0.0,32,3.243,7,0.0,0.0,0.08,0,0.0,10.0,0,0.0,0,0,0,1.0,0.0,127.89,127.89,2,4,0,0,3.75,0.0,0.87,0.0,0.0,0.1148,0.0,7,7,0
0.0,0.0833,0,1.097,236.64,33.12,314,0.955,20,0.0833,0.0,0.1,0,-0.833,0.0,0,0.0,0,0,0,1.05,0.0,259.68,259.68,1,2,0,0,1.15,0.0,0.26,0.0833,0.0,0.1031,33.12,20,20,0
0.0,0.2,0,1.72,238.48,340.71,210,0.488,19,0.2,0.3333,0.2,1,-2.0,0.0,0,1.0,0,0,0,2.167,0.0,410.17,410.17,0,1,0,0,0.71,0.0,0.16,0.2,0.0,0.6297,340.71,19,19,1
0.333,0.3636,0,0.643,271.34,258.68,464,0.528,21,0.3636,0.5,0.1,0,-0.303,3.9,0,0.5,0,0,0,0.0,0.0,174.59,174.59,0,1,0,0,0.71,0.33,0.16,0.3636,0.0,0.4052,258.68,21,21,1
0.333,0.1,0,0.432,250.7,100.13,657,0.403,2,0.1,0.0,0.2,0,2.333,56.7,0,0.0,0,0,0,0.0,0.0,108.35,108.35,1,1,0,0,0.46,0.33,0.11,0.1,0.0,0.0832,100.13,2,2,0
0.0,0.0,0,1.0,166.99,0.0,11,3.636,2,0.0,0.0,0.05,1,0.0,10.0,0,0.0,0,0,1,1.2,0.0,166.99,166.99,1,1,0,0,2.73,0.0,0.63,0.0,0.0,1.0,0.0,2,2,1
0.0,0.2857,0,0.633,208.0,247.35,479,0.4,28,0.2857,0.0,0.1,0,-2.857,0.0,0,0.5,1,0,0,0.0,0.0,131.76,131.76,1,2,0,0,0.44,0.0,0.1,0.2857,0.0,0.4303,247.35,28,28,1
0.333,0.2,1,0.907,314.63,283.85,239,0.476,2,0.2,0.0,0.1,1,1.333,36.7,0,1.0,0,0,0,4.782,283.85,285.51,285.51,1,1,1,1,0.63,0.33,0.14,0.2,1.0,0.3619,283.85,2,2,1
1.667,0.4545,5,1.012,300.62,332.01,18,18.333,1,0.4545,0.6667,0.2,0,12.121,100.0,1,0.8,1,0,1,1.0,1660.03,304.12,304.12,5,11,4,5,18.33,1.67,4.23,0.4545,0.4545,0.594,332.01,1,1,1
0.0,0.0,0,1.0,65.27,0.0,346,0.224,11,0.0,0.0,0.1,0,0.0,10.0,0,0.0,0,0,0,0.0,0.0,65.27,65.27,0,1,0,0,0.09,0.0,0.02,0.0,0.0,1.0,0.0,11,11,1
0.0,0.3333,0,1.194,333.79,390.84,401,0.579,8,0.3333,0.0,0.05,0,-3.333,0.0,0,1.0,0,0,0,0.0,0.0,398.61,398.61,0,1,0,0,0.67,0.0,0.16,0.3333,0.0,0.523,390.84,8,8,1
0.0,0.0,0,1.492,191.09,0.0,59,0.676,26,0.0,0.0,0.1,1,0.0,10.0,0,0.0,0,0,0,5.725,0.0,285.11,285.11,0,1,0,0,1.53,0.0,0.35,0.0,0.0,0.4973,0.0,26,26,1
0.0,0.0,0,0.816,210.69,0.0,32,2.577,28,0.0,0.0,0.1,0,0.0,10.0,0,0.0,0,0,0,0.739,0.0,171.94,171.94,0,3,0,0,2.81,0.0,0.65,0.0,0.0,0.272,0.0,28,28,0
0.0,0.0,0,1.0,144.66,0.0,294,0.178,22,0.0,0.0,0.07,1,0.0,10.0,0,0.0,0,0,0,0.0,0.0,144.66,144.66,0,1,0,0,0.1,0.0,0.02,0.0,0.0,1.0,0.0,22,22,1
0.0,0.0,0,0.258,220.34,0.0,345,0.361,6,0.0,0.0,0.05,0,0.0,10.0,0,0.0,0,0,0,2.95,0.0,56.83,56.83,1,1,0,0,0.43,0.0,0.1,0.0,0.0,0.0516,0.0,6,6,0
0.0,0.0,0,0.188,172.08,0.0,257,0.386,11,0.0,0.0,0.08,0,0.0,10.0,0,0.0,1,0,0,0.0,0.0,32.28,32.28,0,2,0,0,0.47,0.0,0.11,0.0,0.0,0.0469,0.0,11,11,0
0.0,0.0,0,1.224,340.15,0.0,113,2.727,24,0.0,0.0,0.1,0,0.0,10.0,0,0.0,0,0,0,2.429,0.0,416.38,416.38,0,3,0,0,2.39,0.0,0.55,0.0,0.0,0.136,0.0,24,24,0
0.0,0.0,0,0.922,294.54,0.0,116,0.636,6,0.0,0.0,0.08,0,0.0,10.0,0,0.0,0,0,0,0.0,0.0,271.71,271.71,1,1,0,0,0.52,0.0,0.12,0.0,0.0,0.4612,0.0,6,6,1
0.667,0.375,2,1.144,289.61,414.12,240,1.003,14,0.375,0.0,0.07,1,2.917,68.3,0,1.0,0,0,0,0.0,774.42,331.33,331.33,1,2,0,2,1.0,0.67,0.23,0.375,1.0,0.6792,414.12,14,14,1
0.0,0.0,0,1.0,329.42,0.0,103,0.233,11,0.0,0.0,0.1,1,0.0,10.0,0,0.0,0,0,0,0.0,0.0,329.42,329.42,0,1,0,0,0.29,0.0,0.07,0.0,0.0,1.0,0.0,11,11,1
0.333,0.4,1,0.231,338.65,350.47,400,0.556,15,0.4,0.0,0.05,0,-0.667,0.0,0,1.0,0,0,0,1.873,203.45,78.2,78.2,0,1,0,1,0.38,0.33,0.09,0.4,1.0,0.4601,350.47,15,15,1
0.0,0.0,0,1.0,42.54,0.0,511,0.148,11,0.0,0.0,0.1,0,0.0,10.0,0,0.0,0,0,0,0.0,0.0,42.54,42.54,0,1,0,0,0.06,0.0,0.01,0.0,0.0,1.0,0.0,11,11,1
1.333,0.2857,3,2.186,222.1,249.91,78,5.385,1,0.2857,0.0,0.12,1,10.476,100.0,1,0.75,0,1,0,2.133,751.37,485.42,485.42,2,8,3,3,5.38,1.33,1.24,0.2857,0.375,0.4776,249.91,1,1,1
0.0,0.0,0,1.0,85.54,0.0,14,0.829,12,0.0,0.0,0.07,0,0.0,10.0,0,0.0,0,0,1,1.247,0.0,85.54,85.54,0,1,0,0,2.14,0.0,0.49,0.0,0.0,1.0,0.0,12,12,1
0.0,0.0,0,1.0,155.52,0.0,174,0.277,2,0.0,0.0,0.03,0,0.0,10.0,0,0.0,0,0,0,0.0,0.0,155.52,155.52,1,1,0,0,0.17,0.0,0.04,0.0,0.0,1.0,0.0,2,2,1
0.0,0.0,0,1.36,237.42,0.0,66,0.483,11,0.0,0.0,0.2,0,0.0,10.0,0,0.0,0,0,0,2.148,0.0,322.79,322.79,0,2,0,0,0.91,0.0,0.21,0.0,0.0,0.6798,0.0,11,11,0
0.0,0.0,0,1.856,212.88,0.0,34,1.183,23,0.0,0.0,0.08,0,0.0,10.0,0,0.0,0,0,0,0.833,0.0,395.14,395.14,0,2,0,0,1.76,0.0,0.41,0.0,0.0,0.9281,0.0,23,23,0
0.0,0.1429,0,0.71,276.92,221.26,713,0.498,13,0.1429,0.0,0.07,0,-1.429,0.0,0,1.0,0,0,0,0.0,0.0,196.56,196.56,0,1,0,0,0.59,0.0,0.14,0.1429,0.0,0.1648,221.26,13,13,0
0.0,0.2,0,1.129,371.53,495.14,188,0.559,1,0.2,0.0,0.08,0,-2.0,0.0,0,1.0,0,0,0,1.878,0.0,419.43,419.43,1,1,0,0,0.8,0.0,0.18,0.2,0.0,0.4923,495.14,1,1,0
0.0,0.0,0,1.151,175.77,0.0,93,1.22,20,0.0,0.0,0.12,0,0.0,10.0,0,0.0,1,0,0,2.067,0.0,202.31,202.31,0,1,0,0,0.97,0.0,0.22,0.0,0.0,0.3837,0.0,20,20,0
0.0,0.0,0,0.439,247.21,0.0,115,1.304,26,0.0,0.0,0.08,0,0.0,10.0,0,0.0,0,0,0,1.711,0.0,108.55,108.55,0,1,0,0,1.3,0.0,0.3,0.0,0.0,0.0878,0.0,26,26,1
0.0,0.0,0,1.502,212.82,0.0,18,8.4,9,0.0,0.0,0.12,0,0.0,10.0,0,0.0,0,0,1,0.667,0.0,319.71,319.71,3,6,0,0,10.0,0.0,2.31,0.0,0.0,0.2504,0.0,9,9,0
0.333,0.2857,0,1.874,241.54,157.64,298,0.618,13,0.2857,0.0,0.08,0,0.476,19.5,0,0.5,0,0,0,0.0,0.0,452.55,452.55,0,2,0,0,0.7,0.33,0.16,0.2857,0.0,0.4541,157.64,13,13,1
0.0,0.0,0,0.965,245.37,0.0,66,1.622,28,0.0,0.0,0.12,0,0.0,10.0,0,0.0,0,0,0,1.272,0.0,236.72,236.72,1,2,0,0,1.36,0.0,0.31,0.0,0.0,0.3216,0.0,28,28,0
0.333,0.5,0,1.306,224.34,155.8,57,0.997,18,0.5,0.0,0.12,1,-1.667,0.0,0,0.0,0,0,0,2.258,0.0,292.89,292.89,0,1,0,0,1.05,0.33,0.24,0.5,0.0,1.0,155.8,18,18,1
0.0,0.0,0,1.496,318.04,0.0,88,2.234,18,0.0,0.0,0.2,0,0.0,10.0,0,0.0,0,0,0,2.844,0.0,475.68,475.68,0,3,0,0,1.7,0.0,0.39,0.0,0.0,0.2991,0.0,18,18,0
0.0,0.0,0,1.309,243.0,0.0,31,3.488,30,0.0,0.0,0.05,0,0.0,10.0,0,0.0,0,0,0,0.289,0.0,318.12,318.12,0,2,0,0,3.87,0.0,0.89,0.0,0.0,0.3273,0.0,30,30,0
0.333,0.2,1,0.467,228.49,189.73,41,4.648,10,0.2,0.0,0.1,0,1.333,36.7,0,0.0,0,0,0,1.64,189.73,106.6,106.6,1,5,0,1,3.66,0.33,0.84,0.2,0.2,0.2594,189.73,10,10,1
0.0,0.0,0,0.779,336.86,0.0,312,0.313,3,0.0,0.0,0.07,0,0.0,10.0,0,0.0,0,0,0,3.633,0.0,262.51,262.51,1,2,0,0,0.29,0.0,0.07,0.0,0.0,0.2598,0.0,3,3,0
0.0,0.1111,0,1.395,343.46,293.5,754,0.3,16,0.1111,0.0,0.2,0,-1.111,0.0,0,1.0,0,0,0,0.0,0.0,479.07,479.07,0,1,0,0,0.36,0.0,0.08,0.1111,0.0,0.2499,293.5,16,16,0
0.0,0.0,0,0.402,206.5,0.0,208,1.171,25,0.0,0.0,0.08,0,0.0,10.0,0,0.0,0,0,0,0.842,0.0,83.0,83.0,0,2,0,0,1.01,0.0,0.23,0.0,0.0,0.0574,0.0,25,25,0
0.333,0.6667,0,1.696,260.06,188.12,390,0.504,27,0.6667,0.0,0.07,0,-3.333,0.0,0,0.25,0,0,0,0.0,0.0,441.16,441.16,0,1,0,0,0.46,0.33,0.11,0.6667,0.0,0.765,188.12,27,27,1
0.0,0.0,0,0.515,226.78,0.0,405,0.592,24,0.0,0.0,0.08,0,0.0,10.0,0,0.0,0,0,0,0.0,0.0,116.82,116.82,0,1,0,0,0.59,0.0,0.14,0.0,0.0,0.0644,0.0,24,24,0
0.333,0.4286,1,1.509,266.87,233.91,346,0.478,27,0.4286,0.0,0.12,1,-0.952,0.0,0,0.667,1,0,0,2.174,285.69,402.79,402.79,0,3,0,1,0.61,0.33,0.14,0.4286,0.3333,0.5913,233.91,27,27,1
0.333,0.5,1,1.374,361.96,322.52,458,0.304,1,0.5,0.5,0.2,1,-1.667,0.0,0,1.0,0,0,0,3.579,319.95,497.25,497.25,1,1,0,1,0.26,0.33,0.06,0.5,1.0,0.789,322.52,1,1,1
0.333,0.75,0,1.394,284.02,248.77,545,0.35,15,0.75,0.0,0.05,1,-4.167,0.0,0,0.667,0,0,0,0.0,0.0,395.9,395.9,0,1,0,0,0.44,0.33,0.1,0.75,0.0,0.8311,248.77,15,15,1
0.0,0.0,0,0.853,330.44,0.0,152,0.464,30,0.0,0.0,0.2,0,0.0,10.0,0,0.0,0,0,0,4.861,0.0,282.0,282.0,0,2,0,0,0.79,0.0,0.18,0.0,0.0,0.2133,0.0,30,30,0
0.0,0.4,0,1.597,168.47,147.69,223,0.67,7,0.4,0.0,0.03,0,-4.0,0.0,0,0.0,0,0,0,3.644,0.0,269.0,269.0,1,2,0,0,0.67,0.0,0.16,0.4,0.0,0.67,147.69,7,7,1
0.667,0.5,0,1.116,223.15,140.96,346,0.938,24,0.5,0.6667,0.05,1,1.667,43.3,0,0.333,0,0,0,0.0,0.0,249.14,249.14,0,1,0,0,1.04,0.67,0.24,0.5,0.0,0.4089,140.96,24,24,1
0.0,0.25,0,0.564,337.25,397.27,414,0.29,8,0.25,0.5,0.05,0,-2.5,0.0,0,1.0,0,0,0,4.267,0.0,190.07,190.07,0,1,0,0,0.29,0.0,0.07,0.25,0.0,0.4354,397.27,8,8,1
0.0,0.0,0,1.99,203.44,0.0,598,0.15,23,0.0,0.0,0.2,0,0.0,10.0,0,0.0,0,0,0,9.5,0.0,404.93,404.93,0,1,0,0,0.15,0.0,0.03,0.0,0.0,0.6635,0.0,23,23,1
0.0,0.2857,0,1.365,297.11,434.42,291,0.592,11,0.2857,0.0,0.12,1,-2.857,0.0,0,1.0,0,0,0,1.775,0.0,405.69,405.69,0,1,0,0,0.72,0.0,0.17,0.2857,0.0,0.6128,434.42,11,11,1
0.0,0.0,0,1.539,203.83,0.0,25,3.6,3,0.0,0.0,0.2,0,0.0,10.0,0,0.0,0,0,1,1.0,0.0,313.8,313.8,1,3,0,0,3.6,0.0,0.83,0.0,0.0,0.5132,0.0,3,3,0
0.0,0.0,0,0.733,217.23,0.0,81,2.295,9,0.0,0.0,0.05,0,0.0,10.0,0,0.0,0,0,0,0.392,0.0,159.28,159.28,1,2,0,0,2.59,0.0,0.6,0.0,0.0,0.1047,0.0,9,9,0
0.0,0.2,0,1.259,184.57,37.08,531,0.411,12,0.2,0.0,0.08,0,-2.0,0.0,0,0.0,0,0,0,2.561,0.0,232.41,232.41,0,1,0,0,0.28,0.0,0.07,0.2,0.0,0.292,37.08,12,12,0
0.333,0.6154,0,1.217,252.69,276.86,782,0.455,13,0.6154,0.5,0.07,0,-2.821,0.0,0,0.75,0,0,0,2.281,0.0,307.41,307.41,0,1,0,0,0.5,0.33,0.12,0.6154,0.0,0.7678,276.86,13,13,1
1.0,0.2143,1,0.453,265.22,270.42,97,4.33,13,0.2143,0.25,0.2,0,7.857,100.0,0,0.667,0,0,0,0.609,341.2,120.06,120.06,0,3,1,1,4.33,1.0,1.0,0.2143,0.3333,0.2508,270.42,13,13,0
0.0,0.5,0,1.739,240.26,62.8,314,0.39,7,0.5,0.0,0.12,0,-5.0,0.0,0,0.0,0,0,0,0.0,0.0,417.72,417.72,1,1,0,0,0.19,0.0,0.04,0.5,0.0,1.0,62.8,7,7,0
0.0,0.5,0,0.293,116.56,199.02,437,0.441,26,0.5,0.0,0.1,0,-5.0,0.0,0,0.0,0,0,0,0.0,0.0,34.1,34.1,0,1,0,0,0.14,0.0,0.03,0.5,0.0,1.0,199.02,26,26,1
0.0,0.4286,0,1.267,309.09,320.41,561,0.271,30,0.4286,0.0,0.08,0,-4.286,0.0,0,0.667,0,0,0,0.0,0.0,391.48,391.48,0,1,0,0,0.37,0.0,0.09,0.4286,0.0,0.6252,320.41,30,30,1
0.333,0.25,1,1.156,430.52,385.93,54,3.051,26,0.25,0.0,0.05,0,0.833,26.7,0,1.0,1,0,0,1.467,385.93,497.71,497.71,0,2,0,1,2.22,0.33,0.51,0.25,0.5,0.5131,385.93,26,26,1
0.0,0.0,0,1.032,359.05,0.0,129,0.708,12,0.0,0.0,0.05,0,0.0,10.0,0,0.0,1,0,0,1.471,0.0,370.53,370.53,1,2,0,0,0.7,0.0,0.16,0.0,0.0,0.344,0.0,12,12,0
0.0,0.6667,0,1.209,391.01,350.16,186,0.278,5,0.6667,0.0,0.03,1,-6.667,0.0,0,1.0,0,0,0,0.0,0.0,472.69,472.69,1,1,0,0,0.48,0.0,0.11,0.6667,0.0,1.0,350.16,5,5,1
0.0,0.7,0,1.989,239.75,201.7,433,0.559,28,0.7,0.3333,0.08,1,-7.0,0.0,0,0.429,1,0,0,1.845,0.0,476.95,476.95,0,1,0,0,0.69,0.0,0.16,0.7,0.0,0.7879,201.7,28,28,1
0.667,0.5,1,1.073,430.88,490.66,114,0.98,20,0.5,0.6667,0.1,0,1.667,43.3,0,1.0,0,0,0,1.025,497.03,462.2,462.2,0,1,1,1,1.05,0.67,0.24,0.5,1.0,0.8375,490.66,20,20,1
0.0,0.5,0,0.601,257.27,359.8,107,0.427,14,0.5,0.0,0.2,0,-5.0,0.0,0,1.0,0,0,0,0.0,0.0,154.74,154.74,0,1,0,0,0.56,0.0,0.13,0.5,0.0,1.0,359.8,14,14,1
0.667,0.4286,1,1.283,228.52,294.12,207,0.959,17,0.4286,0.5,0.05,0,2.381,57.6,0,0.667,0,0,0,1.05,445.74,293.08,293.08,0,2,0,1,1.01,0.67,0.23,0.4286,0.5,0.7348,294.12,17,17,1
0.0,0.0,0,1.257,194.69,0.0,698,0.203,26,0.0,0.0,0.2,0,0.0,10.0,0,0.0,0,0,0,0.0,0.0,244.69,244.69,0,1,0,0,0.17,0.0,0.04,0.0,0.0,0.3142,0.0,26,26,0
0.0,0.0,0,0.956,376.91,0.0,182,1.243,22,0.0,0.0,0.12,0,0.0,10.0,0,0.0,0,0,0,1.711,0.0,360.32,360.32,0,2,0,0,0.99,0.0,0.23,0.0,0.0,0.1593,0.0,22,22,0
0.0,0.6,0,0.256,214.52,319.97,387,0.24,23,0.6,0.5,0.1,0,-6.0,0.0,0,1.0,0,0,0,4.61,0.0,54.99,54.99,0,1,0,0,0.39,0.0,0.09,0.6,0.0,0.9462,319.97,23,23,1
0.0,0.0,0,1.012,318.12,0.0,236,0.722,25,0.0,0.0,0.2,0,0.0,10.0,0,0.0,1,0,0,0.0,0.0,321.86,321.86,0,1,0,0,0.76,0.0,0.18,0.0,0.0,0.1686,0.0,25,25,0
0.0,0.0,0,1.285,195.9,0.0,637,0.153,24,0.0,0.0,0.1,0,0.0,10.0,0,0.0,0,0,0,0.0,0.0,251.71,251.71,0,1,0,0,0.19,0.0,0.04,0.0,0.0,0.3212,0.0,24,24,0
0.333,0.25,1,2.077,201.38,125.84,59,1.169,28,0.25,0.0,0.03,0,0.833,26.7,0,0.0,0,0,0,1.821,125.84,418.28,418.28,0,3,0,1,2.03,0.33,0.47,0.25,0.3333,0.6755,125.84,28,28,1
0.333,0.25,0,0.559,200.42,205.95,67,1.038,12,0.25,0.0,0.07,0,0.833,26.7,0,1.0,0,0,0,0.958,0.0,112.01,112.01,1,2,0,0,1.79,0.33,0.41,0.25,0.0,0.3966,205.95,12,12,1
0.0,0.25,0,0.782,201.61,51.76,149,0.754,18,0.25,0.0,0.05,1,-2.5,0.0,0,0.0,0,0,0,3.067,0.0,157.68,157.68,0,2,0,0,0.81,0.0,0.19,0.25,0.0,0.2597,51.76,18,18,1
0.0,0.0,0,0.316,223.98,0.0,6,4.375,5,0.0,0.0,0.2,0,0.0,10.0,0,0.0,0,0,1,0.88,0.0,70.86,70.86,3,3,0,0,15.0,0.0,3.46,0.0,0.0,0.1055,0.0,5,5,0
0.0,0.0,0,1.562,223.49,0.0,67,1.978,3,0.0,0.0,0.2,0,0.0,10.0,0,0.0,0,0,0,1.017,0.0,349.2,349.2,1,1,0,0,2.24,0.0,0.52,0.0,0.0,0.3125,0.0,3,3,0
0.333,0.0909,1,1.227,272.95,249.71,61,4.839,2,0.0909,0.0,0.07,1,2.424,58.5,0,1.0,0,0,0,0.764,249.71,334.9,334.9,3,7,1,1,5.41,0.33,1.25,0.0909,0.1429,0.1947,249.71,2,2,1
0.0,0.0,0,1.0,212.28,0.0,160,0.274,20,0.0,0.0,0.1,0,0.0,10.0,0,0.0,0,0,0,0.0,0.0,212.28,212.28,0,1,0,0,0.19,0.0,0.04,0.0,0.0,1.0,0.0,20,20,1
0.0,0.0,0,1.444,247.62,0.0,301,0.828,22,0.0,0.0,0.12,0,0.0,10.0,0,0.0,0,0,0,1.225,0.0,357.64,357.64,1,2,0,0,0.9,0.0,0.21,0.0,0.0,0.1605,0.0,22,22,0
0.0,0.0,0,0.665,208.28,0.0,422,0.271,12,0.0,0.0,0.1,0,0.0,10.0,0,0.0,0,0,0,4.589,0.0,138.59,138.59,1,2,0,0,0.28,0.0,0.07,0.0,0.0,0.1664,0.0,12,12,1
0.667,0.25,1,0.955,294.34,241.97,130,1.675,15,0.25,0.0,0.2,0,4.167,93.3,0,0.5,1,0,0,1.237,171.46,281.19,281.19,0,3,1,1,1.85,0.67,0.43,0.25,0.3333,0.3249,241.97,15,15,0
0.0,0.25,0,0.66,393.9,367.47,385,0.361,7,0.25,0.0,0.12,1,-2.5,0.0,0,1.0,0,0,0,3.12,0.0,259.84,259.84,1,1,0,0,0.31,0.0,0.07,0.25,0.0,0.3981,367.47,7,7,1
0.0,0.3333,0,1.66,300.34,236.08,345,0.493,26,0.3333,0.0,0.2,0,-3.333,0.0,0,1.0,0,0,0,4.825,0.0,498.6,498.6,0,1,0,0,0.52,0.0,0.12,0.3333,0.0,0.5387,236.08,26,26,1
0.0,0.0,0,1.511,239.78,0.0,174,1.211,3,0.0,0.0,0.07,0,0.0,10.0,0,0.0,0,0,0,0.811,0.0,362.28,362.28,1,2,0,0,1.55,0.0,0.36,0.0,0.0,0.1679,0.0,3,3,0
0.0,0.0,0,0.682,199.03,0.0,247,1.094,24,0.0,0.0,0.2,0,0.0,10.0,0,0.0,0,0,0,0.0,0.0,135.67,135.67,0,2,0,0,1.09,0.0,0.25,0.0,0.0,0.0757,0.0,24,24,0
0.0,0.0,0,1.013,199.22,0.0,152,0.897,16,0.0,0.0,0.2,1,0.0,10.0,0,0.0,0,0,0,0.0,0.0,201.84,201.84,0,2,0,0,0.79,0.0,0.18,0.0,0.0,0.2533,0.0,16,16,1
0.667,0.3333,1,1.003,372.05,363.21,99,1.299,9,0.3333,0.5,0.07,0,3.333,76.7,0,1.0,0,0,0,0.0,413.98,373.17,373.17,0,4,1,1,1.82,0.67,0.42,0.3333,0.25,0.4926,363.21,9,9,0
0.333,0.3333,1,0.817,303.81,493.76,44,0.779,30,0.3333,0.0,0.1,1,0.0,10.0,0,1.0,0,0,0,1.324,493.76,248.26,248.26,1,2,1,1,2.05,0.33,0.47,0.3333,0.5,0.8141,493.76,30,30,1
0.0,0.2,0,0.111,188.6,131.35,189,0.767,26,0.2,0.0,0.07,0,-2.0,0.0,0,0.0,0,0,0,3.144,0.0,20.92,20.92,0,1,0,0,0.79,0.0,0.18,0.2,0.0,0.1615,131.35,26,26,0
0.0,0.0,0,0.659,168.68,0.0,210,0.523,3,0.0,0.0,0.12,0,0.0,10.0,0,0.0,0,0,0,0.0,0.0,111.17,111.17,1,1,0,0,0.43,0.0,0.1,0.0,0.0,0.2197,0.0,3,3,1
0.0,0.0,0,1.0,243.67,0.0,45,0.322,21,0.0,0.0,0.12,0,0.0,10.0,0,0.0,0,0,0,0.0,0.0,243.67,243.67,0,1,0,0,0.67,0.0,0.15,0.0,0.0,1.0,0.0,21,21,0
1.333,0.4444,4,0.397,282.1,303.54,38,6.164,9,0.4444,0.5,0.2,1,8.889,100.0,1,0.75,0,0,0,0.956,1214.18,111.91,111.91,1,7,3,4,7.11,1.33,1.64,0.4444,0.5714,0.5223,303.54,9,9,1
0.0,0.5,0,0.848,375.02,431.96,234,0.173,17,0.5,0.0,0.08,0,-5.0,0.0,0,1.0,0,0,0,0.0,0.0,318.09,318.09,0,1,0,0,0.26,0.0,0.06,0.5,0.0,1.0,431.96,17,17,0
0.0,0.0,0,0.403,95.98,0.0,178,0.345,26,0.0,0.0,0.2,0,0.0,10.0,0,0.0,0,0,0,0.0,0.0,38.64,38.64,0,1,0,0,0.34,0.0,0.08,0.0,0.0,0.2013,0.0,26,26,1
0.0,0.6667,0,1.624,276.64,190.39,200,0.405,8,0.6667,0.0,0.07,0,-6.667,0.0,0,0.5,0,0,0,3.2,0.0,449.14,449.14,0,1,0,0,0.45,0.0,0.1,0.6667,0.0,1.0,190.39,8,8,1
0.0,0.1667,0,1.247,285.35,424.67,137,0.753,29,0.1667,0.0,0.05,0,-1.667,0.0,0,1.0,0,0,0,1.356,0.0,355.77,355.77,0,1,0,0,1.31,0.0,0.3,0.1667,0.0,0.4558,424.67,29,29,0
0.0,0.0,0,1.169,286.91,0.0,192,0.187,25,0.0,0.0,0.2,0,0.0,10.0,0,0.0,0,0,0,0.0,0.0,335.39,335.39,0,2,0,0,0.31,0.0,0.07,0.0,0.0,0.5845,0.0,25,25,0
0.0,0.0,0,1.303,114.75,0.0,347,0.24,12,0.0,0.0,0.07,0,0.0,10.0,0,0.0,0,0,0,4.614,0.0,149.49,149.49,0,1,0,0,0.17,0.0,0.04,0.0,0.0,0.6514,0.0,12,12,1
1.0,0.375,0,1.118,293.4,257.33,114,1.654,18,0.375,0.0,0.03,0,6.25,100.0,0,0.667,0,0,0,0.0,0.0,327.89,327.89,1,3,0,0,2.11,1.0,0.49,0.375,0.0,0.4686,257.33,18,18,1
0.333,0.5,1,0.795,118.06,142.22,186,0.278,1,0.5,0.0,0.03,0,-1.667,0.0,0,0.0,0,0,0,3.971,142.22,93.9,93.9,1,1,0,1,0.32,0.33,0.07,0.5,1.0,1.0,142.22,1,1,0
0.0,0.0,0,1.6,234.92,0.0,120,3.145,28,0.0,0.0,0.1,0,0.0,10.0,0,0.0,1,0,0,1.393,0.0,375.94,375.94,1,5,0,0,3.25,0.0,0.75,0.0,0.0,0.1231,0.0,28,28,0
0.0,0.0,0,0.681,343.21,0.0,141,0.804,13,0.0,0.0,0.2,0,0.0,10.0,0,0.0,0,0,0,0.0,0.0,233.71,233.71,0,1,0,0,1.28,0.0,0.29,0.0,0.0,0.1135,0.0,13,13,0
0.0,0.0,0,1.304,300.69,0.0,76,2.037,7,0.0,0.0,0.2,0,0.0,10.0,0,0.0,0,0,0,0.978,0.0,392.1,392.1,1,1,0,0,1.97,0.0,0.46,0.0,0.0,0.2608,0.0,7,7,0
0.0,0.1429,0,1.589,306.76,355.82,253,0.579,4,0.1429,0.0,0.1,0,-1.429,0.0,0,1.0,0,0,0,0.0,0.0,487.37,487.37,2,3,0,0,0.83,0.0,0.19,0.1429,0.0,0.3927,355.82,4,4,1
0.333,0.125,0,0.943,337.12,177.7,388,0.625,4,0.125,0.0,0.08,0,2.083,51.7,0,0.0,0,0,0,1.65,0.0,318.07,318.07,1,1,0,0,0.62,0.33,0.14,0.125,0.0,0.1838,177.7,4,4,0
0.333,0.5,0,1.159,392.0,329.58,71,1.373,23,0.5,0.0,0.07,0,-1.667,0.0,0,1.0,0,0,0,0.683,0.0,454.43,454.43,0,1,0,0,0.85,0.33,0.2,0.5,0.0,1.0,329.58,23,23,1
0.0,0.0,0,0.52,115.34,0.0,88,0.742,4,0.0,0.0,0.1,0,0.0,10.0,0,0.0,0,0,0,0.0,0.0,59.98,59.98,1,2,0,0,0.68,0.0,0.16,0.0,0.0,0.26,0.0,4,4,0
0.0,0.0,0,1.0,166.4,0.0,11,4.138,11,0.0,0.0,0.1,1,0.0,10.0,0,0.0,0,0,1,1.357,0.0,166.4,166.4,0,1,0,0,2.73,0.0,0.63,0.0,0.0,1.0,0.0,11,11,1
0.0,0.0,0,0.621,388.17,0.0,65,1.154,9,0.0,0.0,0.05,0,0.0,10.0,0,0.0,0,0,0,0.0,0.0,240.87,240.87,0,2,0,0,1.85,0.0,0.43,0.0,0.0,0.1551,0.0,9,9,0
1.333,0.5,1,1.32,374.42,375.93,176,1.183,26,0.5,0.3333,0.05,1,8.333,100.0,0,1.0,0,0,0,1.806,458.06,494.23,494.23,0,1,0,1,1.36,1.33,0.31,0.5,1.0,0.667,375.93,26,26,1
0.0,0.0,0,1.202,378.31,0.0,72,0.878,11,0.0,0.0,0.03,0,0.0,10.0,0,0.0,0,0,0,0.0,0.0,454.69,454.69,0,2,0,0,1.67,0.0,0.38,0.0,0.0,0.3005,0.0,11,11,0
0.667,0.375,0,1.666,293.97,309.86,127,1.741,13,0.375,0.0,0.12,1,2.917,68.3,0,0.667,0,0,0,1.94,0.0,489.79,489.79,2,4,0,0,1.89,0.67,0.44,0.375,0.0,0.6035,309.86,13,13,1
0.333,0.75,1,1.767,223.23,166.14,312,0.274,16,0.75,0.0,0.2,0,-4.167,0.0,0,0.667,0,0,0,0.0,53.88,394.51,394.51,0,2,0,1,0.38,0.33,0.09,0.75,0.5,1.0,166.14,16,16,1
1.0,0.3333,3,1.868,218.9,174.66,56,4.875,12,0.3333,0.25,0.07,1,6.667,100.0,0,0.333,0,0,0,1.429,523.98,408.98,408.98,2,7,0,3,4.82,1.0,1.11,0.3333,0.4286,0.4736,174.66,12,12,1
0.0,0.25,0,1.056,268.17,40.21,556,0.248,19,0.25,0.3333,0.03,1,-2.5,0.0,0,0.0,0,0,0,4.8,0.0,283.27,283.27,0,2,0,0,0.22,0.0,0.05,0.25,0.0,0.3016,40.21,19,19,1
0.0,0.0,0,1.0,467.95,0.0,49,1.003,28,0.0,0.0,0.05,1,0.0,10.0,0,0.0,0,0,0,0.0,0.0,467.95,467.95,0,1,0,0,0.61,0.0,0.14,0.0,0.0,1.0,0.0,28,28,1
1.0,0.2,3,0.603,297.03,402.97,42,10.714,7,0.2,0.0,0.12,0,8.0,100.0,0,1.0,0,0,0,0.8,1208.9,179.01,179.01,3,10,0,3,10.71,1.0,2.47,0.2,0.3,0.3115,402.97,7,7,0
0.0,0.0,0,1.843,268.48,0.0,87,0.543,3,0.0,0.0,0.2,0,0.0,10.0,0,0.0,1,0,0,0.0,0.0,494.75,494.75,1,2,0,0,0.69,0.0,0.16,0.0,0.0,0.9214,0.0,3,3,1
0.667,0.2,1,0.611,298.69,486.76,74,4.158,1,0.2,0.0,0.07,0,4.667,100.0,0,1.0,0,0,0,1.775,495.9,182.61,182.61,3,8,0,1,4.05,0.67,0.94,0.2,0.125,0.3871,486.76,1,1,0
0.333,0.25,1,0.178,237.88,377.75,68,1.024,28,0.25,0.0,0.2,0,0.833,26.7,0,1.0,0,0,0,0.975,377.75,42.43,42.43,1,3,0,1,1.76,0.33,0.41,0.25,0.3333,0.4416,377.75,28,28,1
0.667,0.5,1,1.237,354.57,357.44,255,0.745,7,0.5,0.0,0.2,1,1.667,43.3,0,0.667,0,0,0,1.367,487.31,438.46,438.46,1,1,0,1,0.71,0.67,0.16,0.5,1.0,0.7102,357.44,7,7,1
0.667,0.5,2,0.457,318.28,300.15,296,0.622,11,0.5,0.5,0.1,0,1.667,43.3,0,0.667,0,0,0,0.0,471.54,145.45,145.45,0,1,0,2,0.61,0.67,0.14,0.5,2.0,0.5477,300.15,11,11,1
0.0,0.0,0,1.0,186.37,0.0,323,0.103,6,0.0,0.0,0.07,1,0.0,10.0,0,0.0,0,0,0,0.0,0.0,186.37,186.37,1,1,0,0,0.09,0.0,0.02,0.0,0.0,1.0,0.0,6,6,1
1.0,0.3,2,0.644,298.69,385.38,76,4.158,27,0.3,0.0,0.03,0,7.0,100.0,0,0.667,0,0,0,1.775,678.51,192.38,192.38,2,7,1,2,3.95,1.0,0.91,0.3,0.2857,0.4515,385.38,27,27,0
0.333,0.4444,1,0.761,264.57,280.5,698,0.387,10,0.4444,0.0,0.07,1,-1.111,0.0,0,0.75,0,0,0,2.783,219.37,201.38,201.38,0,1,0,1,0.39,0.33,0.09,0.4444,1.0,0.5558,280.5,10,10,1
0.0,0.0,0,1.199,331.28,0.0,159,0.29,25,0.0,0.0,0.05,0,0.0,10.0,0,0.0,0,0,0,4.267,0.0,397.27,397.27,0,1,0,0,0.38,0.0,0.09,0.0,0.0,0.5996,0.0,25,25,1
0.0,0.0,0,1.333,250.34,0.0,27,2.609,13,0.0,0.0,0.07,0,0.0,10.0,0,0.0,1,0,1,0.708,0.0,333.68,333.68,1,2,0,0,2.22,0.0,0.51,0.0,0.0,0.6665,0.0,13,13,1
0.0,0.3333,0,1.598,279.52,219.05,243,0.925,3,0.3333,0.3333,0.2,0,-3.333,0.0,0,0.5,0,0,0,1.088,0.0,446.64,446.64,1,1,0,0,0.74,0.0,0.17,0.3333,0.0,0.5275,219.05,3,3,0
0.333,0.2,0,1.476,302.29,171.99,96,0.578,28,0.2,0.0,0.08,0,1.333,36.7,0,0.0,1,0,0,0.0,0.0,446.13,446.13,0,2,0,0,1.56,0.33,0.36,0.2,0.0,0.409,171.99,28,28,1
0.0,0.2,0,2.047,210.71,59.96,585,0.499,15,0.2,0.0,0.07,0,-2.0,0.0,0,0.0,0,0,0,2.089,0.0,431.34,431.34,1,3,0,0,0.51,0.0,0.12,0.2,0.0,0.2616,59.96,15,15,0
1.0,0.75,2,0.574,339.4,387.58,95,1.018,19,0.75,0.0,0.03,0,2.5,60.0,0,1.0,0,0,0,0.981,809.86,194.87,194.87,0,2,0,2,1.26,1.0,0.29,0.75,1.0,1.0,387.58,19,19,1
0.0,0.0,0,1.262,295.41,0.0,51,1.858,26,0.0,0.0,0.12,0,0.0,10.0,0,0.0,0,0,0,2.075,0.0,372.86,372.86,1,3,0,0,2.35,0.0,0.54,0.0,0.0,0.3155,0.0,26,26,0
0.0,0.0,0,1.185,361.66,0.0,79,1.121,8,0.0,0.0,0.12,0,0.0,10.0,0,0.0,0,0,0,0.0,0.0,428.45,428.45,0,2,0,0,0.76,0.0,0.18,0.0,0.0,0.5923,0.0,8,8,1
1.333,0.4,3,0.82,256.19,404.06,107,2.609,14,0.4,0.3333,0.12,0,9.333,100.0,0,1.0,0,0,0,0.708,1282.57,210.2,210.2,0,3,0,3,2.8,1.33,0.65,0.4,1.0,0.7129,404.06,14,14,1
0.0,0.125,0,0.11,312.91,459.22,176,1.098,8,0.125,0.0,0.12,0,-1.25,0.0,0,1.0,0,0,0,0.0,0.0,34.5,34.5,0,3,0,0,1.36,0.0,0.31,0.125,0.0,0.1972,459.22,8,8,0
0.667,0.2308,1,0.317,229.65,127.85,254,1.429,29,0.2308,0.2,0.1,0,4.359,97.2,0,0.333,0,0,0,2.43,248.99,72.73,72.73,2,5,1,1,1.54,0.67,0.35,0.2308,0.2,0.1528,127.85,29,29,1
0.0,0.0,0,0.819,302.14,0.0,45,4.342,10,0.0,0.0,0.2,0,0.0,10.0,0,0.0,0,0,0,0.575,0.0,247.55,247.55,2,7,0,0,5.33,0.0,1.23,0.0,0.0,0.1024,0.0,10,10,0
0.0,0.1667,0,1.197,406.75,215.65,366,0.408,4,0.1667,0.0,0.08,0,-1.667,0.0,0,1.0,0,0,0,0.0,0.0,486.91,486.91,1,1,0,0,0.49,0.0,0.11,0.1667,0.0,0.2879,215.65,4,4,0
0.0,0.0,0,0.705,169.78,0.0,67,0.847,1,0.0,0.0,0.2,0,0.0,10.0,0,0.0,0,0,0,0.0,0.0,119.71,119.71,2,4,0,0,2.24,0.0,0.52,0.0,0.0,0.141,0.0,1,1,0
0.667,0.2857,2,1.071,303.51,408.29,72,3.98,7,0.2857,0.0,0.1,1,3.81,86.2,0,1.0,0,0,0,1.943,816.58,325.1,325.1,1,3,1,2,2.92,0.67,0.67,0.2857,0.6667,0.5374,408.29,7,7,1
0.0,0.0,0,0.605,177.41,0.0,321,0.53,13,0.0,0.0,0.2,0,0.0,10.0,0,0.0,0,0,0,2.033,0.0,107.28,107.28,0,1,0,0,0.37,0.0,0.09,0.0,0.0,0.1512,0.0,13,13,0
0.0,0.0,0,0.56,343.11,0.0,261,0.301,18,0.0,0.0,0.05,0,0.0,10.0,0,0.0,0,0,0,0.0,0.0,192.22,192.22,0,1,0,0,0.23,0.0,0.05,0.0,0.0,0.2801,0.0,18,18,0
0.333,0.3333,0,2.227,222.32,143.7,238,0.313,28,0.3333,0.0,0.07,0,0.0,10.0,0,0.0,0,0,0,0.0,0.0,495.16,495.16,0,1,0,0,0.38,0.33,0.09,0.3333,0.0,0.9579,143.7,28,28,1
0.0,0.0,0,1.033,118.83,0.0,50,0.595,6,0.0,0.0,0.05,0,0.0,10.0,0,0.0,0,0,0,1.767,0.0,122.77,122.77,1,3,0,0,2.4,0.0,0.55,0.0,0.0,0.2583,0.0,6,6,0
0.0,0.0,0,1.088,206.35,0.0,150,0.211,26,0.0,0.0,0.07,0,0.0,10.0,0,0.0,0,0,0,5.978,0.0,224.59,224.59,0,1,0,0,0.4,0.0,0.09,0.0,0.0,0.5442,0.0,26,26,0
0.333,0.2,1,0.229,188.08,145.68,434,0.402,19,0.2,0.0,0.12,0,1.333,36.7,0,0.0,0,0,0,0.0,145.68,43.01,43.01,0,3,0,1,0.35,0.33,0.08,0.2,0.3333,0.2006,145.68,19,19,1
0.0,0.6667,0,0.344,256.14,290.64,512,0.544,29,0.6667,0.0,0.2,1,-6.667,0.0,0,0.667,0,0,0,1.923,0.0,88.2,88.2,0,2,0,0,0.53,0.0,0.12,0.6667,0.0,0.7947,290.64,29,29,1
0.0,0.0,0,2.261,200.03,0.0,241,0.609,22,0.0,0.0,0.08,0,0.0,10.0,0,0.0,0,0,0,1.75,0.0,452.21,452.21,0,1,0,0,0.62,0.0,0.14,0.0,0.0,0.4521,0.0,22,22,0
0.0,0.2143,0,1.151,294.4,337.31,277,1.373,6,0.2143,0.3333,0.07,0,-2.143,0.0,0,0.667,0,0,0,0.0,0.0,338.86,338.86,1,2,0,0,1.52,0.0,0.35,0.2143,0.0,0.3277,337.31,6,6,1
0.333,0.3333,0,0.317,275.41,405.72,87,0.4,22,0.3333,0.3333,0.08,0,0.0,10.0,0,1.0,0,0,0,0.0,0.0,87.44,87.44,0,2,0,0,1.03,0.33,0.24,0.3333,0.0,0.5969,405.72,22,22,1
0.333,0.5,1,1.809,265.18,281.71,816,0.43,13,0.5,0.6667,0.1,0,-1.667,0.0,0,0.667,0,0,0,0.0,371.54,479.73,479.73,0,1,0,1,0.44,0.33,0.1,0.5,1.0,0.6819,281.71,13,13,1
0.667,0.3333,2,1.017,201.59,178.58,219,0.71,9,0.3333,0.5,0.1,1,3.333,76.7,0,0.0,0,0,0,0.0,357.86,204.99,204.99,0,4,1,2,1.23,0.67,0.28,0.3333,0.5,0.4083,178.58,9,9,1
0.333,0.6667,0,1.15,297.04,274.73,289,0.382,28,0.6667,0.0,0.07,0,-3.333,0.0,0,0.5,0,0,0,6.644,0.0,341.66,341.66,0,1,0,0,0.31,0.33,0.07,0.6667,0.0,1.0,274.73,28,28,1
0.0,0.0,0,1.0,33.12,0.0,29,0.955,11,0.0,0.0,0.2,0,0.0,10.0,0,0.0,0,0,1,1.05,0.0,33.12,33.12,0,1,0,0,1.03,0.0,0.24,0.0,0.0,1.0,0.0,11,11,0
0.0,0.0,0,0.565,351.23,0.0,708,0.303,1,0.0,0.0,0.05,0,0.0,10.0,0,0.0,0,0,0,3.592,0.0,198.33,198.33,1,1,0,0,0.21,0.0,0.05,0.0,0.0,0.1129,0.0,1,1,0
0.333,0.5714,1,1.358,306.45,310.84,954,0.44,28,0.5714,0.6,0.12,0,-2.381,0.0,0,0.75,0,0,0,5.133,475.59,416.21,416.21,1,2,0,1,0.44,0.33,0.1,0.5714,0.5,0.6766,310.84,28,28,1
0.333,0.6667,1,1.526,127.57,94.03,219,0.554,9,0.6667,0.0,0.12,1,-3.333,0.0,0,0.0,0,0,0,0.0,137.52,194.66,194.66,0,1,0,1,0.41,0.33,0.09,0.6667,1.0,1.0,94.03,9,9,1
0.333,0.5,1,0.232,314.05,381.8,208,0.436,7,0.5,0.5,0.2,1,-1.667,0.0,0,1.0,0,0,0,0.0,350.83,72.79,72.79,2,3,0,1,1.15,0.33,0.27,0.5,0.3333,0.6368,381.8,7,7,1
0.0,0.0,0,0.385,266.7,0.0,241,1.48,16,0.0,0.0,0.2,0,0.0,10.0,0,0.0,0,0,0,0.0,0.0,102.7,102.7,1,2,0,0,1.87,0.0,0.43,0.0,0.0,0.0257,0.0,16,16,0
0.333,0.2,1,1.543,209.83,202.49,63,1.123,3,0.2,0.5,0.1,0,1.333,36.7,0,1.0,0,0,0,0.0,202.49,323.67,323.67,1,3,0,1,2.38,0.33,0.55,0.2,0.3333,0.5015,202.49,3,3,1
0.333,0.2,0,1.155,366.0,34.89,225,0.918,10,0.2,0.0,0.2,0,1.333,36.7,0,0.0,0,0,0,2.514,0.0,422.83,422.83,0,1,0,0,0.67,0.33,0.15,0.2,0.0,0.2501,34.89,10,10,0
0.333,0.1429,1,0.292,198.76,288.01,12,17.5,4,0.1429,0.0,0.08,0,1.905,48.1,0,1.0,1,0,1,1.0,288.01,58.01,58.01,5,7,1,1,17.5,0.33,4.04,0.1429,0.1429,0.2487,288.01,4,4,1
0.0,0.0,0,0.983,315.35,0.0,161,0.326,16,0.0,0.0,0.12,0,0.0,10.0,0,0.0,0,0,0,0.0,0.0,309.85,309.85,0,1,0,0,0.37,0.0,0.09,0.0,0.0,0.4913,0.0,16,16,0
0.333,0.25,0,0.375,197.27,179.93,56,0.943,12,0.25,0.0,0.12,0,0.833,26.7,0,0.0,0,0,0,0.0,0.0,74.01,74.01,1,3,0,0,2.14,0.33,0.49,0.25,0.0,0.3218,179.93,12,12,1
0.0,0.0,0,0.893,274.5,0.0,32,2.483,6,0.0,0.0,0.08,0,0.0,10.0,0,0.0,0,0,0,0.767,0.0,245.21,245.21,2,4,0,0,3.75,0.0,0.87,0.0,0.0,0.2233,0.0,6,6,0
0.0,0.0,0,1.158,120.24,0.0,163,0.495,2,0.0,0.0,0.12,0,0.0,10.0,0,0.0,1,0,0,2.106,0.0,139.19,139.19,1,2,0,0,0.37,0.0,0.09,0.0,0.0,0.5788,0.0,2,2,1
0.333,0.0909,1,0.411,223.22,448.77,52,5.806,16,0.0909,0.0,0.1,0,2.424,58.5,0,1.0,0,0,0,1.493,448.77,91.67,91.67,3,9,1,1,6.35,0.33,1.47,0.0909,0.1111,0.2201,448.77,16,16,0
0.0,0.0,0,0.136,222.95,0.0,675,0.418,18,0.0,0.0,0.1,0,0.0,10.0,0,0.0,0,0,0,5.473,0.0,30.4,30.4,0,1,0,0,0.31,0.0,0.07,0.0,0.0,0.0195,0.0,18,18,0
0.0,0.0,0,1.395,215.53,0.0,592,0.526,28,0.0,0.0,0.1,0,0.0,10.0,0,0.0,0,0,0,1.978,0.0,300.7,300.7,0,2,0,0,0.46,0.0,0.11,0.0,0.0,0.155,0.0,28,28,0
0.0,0.0,0,0.781,204.38,0.0,74,1.053,7,0.0,0.0,0.1,0,0.0,10.0,0,0.0,0,0,0,2.2,0.0,159.54,159.54,1,2,0,0,0.81,0.0,0.19,0.0,0.0,0.3903,0.0,7,7,1
0.333,0.5,1,1.011,263.61,260.81,46,0.304,18,0.5,0.0,0.12,0,-1.667,0.0,0,1.0,0,0,0,0.0,260.81,266.41,266.41,0,1,0,1,1.3,0.33,0.3,0.5,1.0,1.0,260.81,18,18,1
0.0,0.0,0,1.27,263.56,0.0,430,0.698,6,0.0,0.0,0.08,0,0.0,10.0,0,0.0,0,0,0,1.481,0.0,334.7,334.7,1,1,0,0,0.7,0.0,0.16,0.0,0.0,0.127,0.0,6,6,0
0.667,0.4167,1,1.65,229.31,154.74,355,0.851,22,0.4167,0.5,0.08,0,2.5,60.0,0,0.2,0,0,0,0.0,60.48,378.25,378.25,0,2,0,1,1.01,0.67,0.23,0.4167,0.5,0.4186,154.74,22,22,1
0.0,0.0,0,0.904,265.78,0.0,114,0.938,18,0.0,0.0,0.12,0,0.0,10.0,0,0.0,0,0,0,1.074,0.0,240.17,240.17,0,2,0,0,1.32,0.0,0.3,0.0,0.0,0.1807,0.0,18,18,0
0.0,0.0,0,0.766,336.76,0.0,16,1.419,13,0.0,0.0,0.05,0,0.0,10.0,0,0.0,0,0,1,0.682,0.0,257.92,257.92,1,2,0,0,3.75,0.0,0.87,0.0,0.0,0.3829,0.0,13,13,1
0.667,0.5,1,0.153,268.15,313.38,120,0.594,14,0.5,0.5,0.2,0,1.667,43.3,0,1.0,0,0,0,0.0,219.15,41.15,41.15,0,1,1,1,1.0,0.67,0.23,0.5,1.0,0.6227,313.38,14,14,1
0.667,0.3846,2,1.862,261.27,251.0,649,0.594,2,0.3846,0.0,0.05,0,2.821,66.4,0,0.6,0,0,0,0.0,442.91,486.56,486.56,1,4,1,2,0.6,0.67,0.14,0.3846,0.5,0.5128,251.0,2,2,1
0.333,0.1,1,0.485,246.36,129.91,10,30.0,5,0.1,0.0,0.2,0,2.333,56.7,0,0.0,0,0,1,1.0,129.91,119.46,119.46,7,10,1,1,30.0,0.33,6.93,0.1,0.1,0.1012,129.91,5,5,0
0.0,0.0,0,1.215,277.25,0.0,117,1.741,30,0.0,0.0,0.1,0,0.0,10.0,0,0.0,0,0,0,0.0,0.0,336.83,336.83,0,2,0,0,2.31,0.0,0.53,0.0,0.0,0.135,0.0,30,30,0
0.0,0.0,0,1.45,255.85,0.0,264,0.401,21,0.0,0.0,0.2,0,0.0,10.0,0,0.0,0,0,0,0.0,0.0,370.92,370.92,0,1,0,0,0.34,0.0,0.08,0.0,0.0,0.4833,0.0,21,21,1
0.333,0.1,1,2.028,200.85,309.11,59,5.114,18,0.1,0.0,0.1,1,2.333,56.7,0,1.0,0,0,0,0.967,309.11,407.41,407.41,3,7,1,1,5.08,0.33,1.17,0.1,0.1429,0.3567,309.11,18,18,1
0.0,0.0,0,1.0,24.7,0.0,20,0.938,16,0.0,0.0,0.07,1,0.0,10.0,0,0.0,0,0,1,0.0,0.0,24.7,24.7,0,1,0,0,1.5,0.0,0.35,0.0,0.0,1.0,0.0,16,16,1
0.0,0.5714,0,0.185,185.86,246.52,339,0.575,2,0.5714,0.5,0.12,0,-5.714,0.0,0,0.5,1,0,0,1.797,0.0,34.35,34.35,1,1,0,0,0.62,0.0,0.14,0.5714,0.0,0.7843,246.52,2,2,1
0.333,0.5,0,0.676,310.41,410.85,138,0.587,13,0.5,0.5,0.05,0,-1.667,0.0,0,1.0,0,0,0,6.236,0.0,209.96,209.96,0,1,0,0,0.43,0.33,0.1,0.5,0.0,1.0,410.85,13,13,1
0.0,0.1667,0,1.658,265.87,203.08,914,0.218,30,0.1667,0.0,0.08,1,-1.667,0.0,0,1.0,0,0,0,5.178,0.0,440.69,440.69,0,1,0,0,0.2,0.0,0.05,0.1667,0.0,0.4036,203.08,30,30,1
1.333,0.2857,4,1.362,233.9,227.65,35,12.0,2,0.2857,0.3333,0.1,0,10.476,100.0,1,0.5,0,0,0,1.0,910.6,318.46,318.46,5,12,2,4,12.0,1.33,2.77,0.2857,0.3333,0.3753,227.65,2,2,1
0.0,0.4444,0,1.626,219.42,260.91,529,0.51,12,0.4444,0.0,0.08,0,-4.444,0.0,0,0.75,0,0,0,4.752,0.0,356.71,356.71,0,2,0,0,0.51,0.0,0.12,0.4444,0.0,0.7091,260.91,12,12,1
0.333,0.5,0,1.009,301.65,288.07,335,0.663,12,0.5,0.0,0.2,1,-1.667,0.0,0,0.75,0,0,0,0.0,0.0,304.42,304.42,1,3,0,0,0.72,0.33,0.17,0.5,0.0,0.6036,288.07,12,12,1
1.333,0.5714,0,1.523,288.79,285.58,403,1.018,24,0.5714,0.0,0.1,0,7.619,100.0,0,0.625,0,0,0,0.981,0.0,439.74,439.74,0,1,0,0,1.04,1.33,0.24,0.5714,0.0,0.6738,285.58,24,24,1
0.0,0.0,0,0.525,306.43,0.0,48,1.481,26,0.0,0.0,0.2,0,0.0,10.0,0,0.0,0,0,0,0.567,0.0,160.81,160.81,0,2,0,0,1.88,0.0,0.43,0.0,0.0,0.1749,0.0,26,26,0
0.0,0.0,0,1.0,374.8,0.0,266,0.266,14,0.0,0.0,0.12,0,0.0,10.0,0,0.0,0,0,0,0.0,0.0,374.8,374.8,0,1,0,0,0.11,0.0,0.03,0.0,0.0,1.0,0.0,14,14,0
0.333,0.0909,1,0.511,343.7,447.1,446,0.807,29,0.0909,0.0,0.2,0,2.424,58.5,0,1.0,0,0,0,2.745,447.1,175.47,175.47,0,3,1,1,0.74,0.33,0.17,0.0909,0.3333,0.1647,447.1,29,29,0
0.333,0.0769,0,1.269,300.53,434.03,331,1.102,23,0.0769,0.0,0.2,0,2.564,61.3,0,1.0,0,0,0,0.9,0.0,381.45,381.45,1,4,0,0,1.18,0.33,0.27,0.0769,0.0,0.2087,434.03,23,23,0
0.0,0.0,0,0.191,210.67,0.0,72,0.698,19,0.0,0.0,0.1,0,0.0,10.0,0,0.0,1,0,0,0.0,0.0,40.3,40.3,1,2,0,0,0.83,0.0,0.19,0.0,0.0,0.0956,0.0,19,19,1
0.0,0.25,0,1.633,250.65,347.86,454,0.491,12,0.25,0.5,0.1,1,-2.5,0.0,0,1.0,0,0,0,0.0,0.0,409.25,409.25,0,1,0,0,0.53,0.0,0.12,0.25,0.0,0.5511,347.86,12,12,1
0.0,0.1111,0,0.61,292.92,372.24,270,0.739,7,0.1111,0.3333,0.2,0,-1.111,0.0,0,1.0,0,0,0,1.379,0.0,178.77,178.77,1,3,0,0,1.0,0.0,0.23,0.1111,0.0,0.209,372.24,7,7,0
0.0,0.0667,0,0.985,276.49,498.15,563,0.799,10,0.0667,0.2,0.1,0,-0.667,0.0,0,1.0,0,0,0,2.733,0.0,272.2,272.2,1,2,0,0,0.8,0.0,0.18,0.0667,0.0,0.1857,498.15,10,10,0
0.0,0.0,0,1.163,164.66,0.0,108,0.6,23,0.0,0.0,0.2,0,0.0,10.0,0,0.0,0,0,0,0.0,0.0,191.43,191.43,0,4,0,0,1.39,0.0,0.32,0.0,0.0,0.2325,0.0,23,23,0
0.0,0.4286,0,0.498,209.84,262.76,717,0.266,5,0.4286,0.0,0.2,1,-4.286,0.0,0,0.667,0,0,0,0.0,0.0,104.45,104.45,1,1,0,0,0.29,0.0,0.07,0.4286,0.0,0.6078,262.76,5,5,1
0.0,0.1429,0,0.55,265.12,378.56,510,0.373,5,0.1429,0.3333,0.07,0,-1.429,0.0,0,1.0,1,0,0,0.0,0.0,145.83,145.83,1,1,0,0,0.41,0.0,0.1,0.1429,0.0,0.2826,378.56,5,5,1
1.0,0.6,1,1.028,231.13,191.32,369,1.044,5,0.6,0.5714,0.2,1,4.0,90.0,0,0.333,0,0,0,0.0,171.09,237.52,237.52,2,2,0,1,1.22,1.0,0.28,0.6,0.5,0.5652,191.32,5,5,1
1.667,0.5,3,1.021,192.43,148.98,83,3.614,3,0.5,0.6667,0.03,1,11.667,100.0,0,0.4,0,0,0,4.122,471.81,196.38,196.38,3,7,1,3,3.61,1.67,0.83,0.5,0.4286,0.4891,148.98,3,3,1
0.333,0.25,1,1.471,338.04,483.03,251,0.424,10,0.25,0.0,0.2,0,0.833,26.7,0,1.0,1,0,0,0.0,483.03,497.23,497.23,0,2,1,1,0.48,0.33,0.11,0.25,0.5,0.725,483.03,10,10,0
0.0,0.25,0,0.423,152.58,284.9,462,0.293,22,0.25,0.0,0.1,0,-2.5,0.0,0,1.0,0,0,0,0.0,0.0,64.56,64.56,0,1,0,0,0.26,0.0,0.06,0.25,0.0,0.5726,284.9,22,22,0
0.0,0.3333,0,1.685,128.69,125.39,710,0.122,28,0.3333,0.0,0.05,0,-3.333,0.0,0,0.0,0,0,0,0.0,0.0,216.8,216.8,0,1,0,0,0.13,0.0,0.03,0.3333,0.0,0.8863,125.39,28,28,1
0.667,0.2,1,1.47,293.69,263.62,67,4.432,16,0.2,0.3333,0.12,0,4.667,100.0,0,1.0,0,0,0,2.256,215.26,431.8,431.8,3,7,0,1,4.48,0.67,1.03,0.2,0.1429,0.3266,263.62,16,16,0
0.667,0.3333,0,1.329,248.04,348.68,235,0.659,5,0.3333,0.6667,0.2,0,3.333,76.7,0,1.0,0,0,0,0.0,0.0,329.58,329.58,1,1,0,0,0.77,0.67,0.18,0.3333,0.0,0.69,348.68,5,5,0
0.0,0.0,0,0.921,249.01,0.0,503,0.438,19,0.0,0.0,0.2,0,0.0,10.0,0,0.0,1,0,0,0.0,0.0,229.23,229.23,0,1,0,0,0.48,0.0,0.11,0.0,0.0,0.1151,0.0,19,19,0
0.333,0.1111,1,0.603,257.18,178.54,34,4.853,13,0.1111,0.0,0.07,0,2.222,54.4,0,0.0,0,0,0,0.281,178.54,155.16,155.16,0,9,0,1,7.94,0.33,1.83,0.1111,0.1111,0.1442,178.54,13,13,0
0.0,0.5,0,1.506,313.88,260.8,341,0.522,8,0.5,0.5,0.07,0,-5.0,0.0,0,0.333,0,0,0,2.1,0.0,472.81,472.81,0,1,0,0,0.53,0.0,0.12,0.5,0.0,0.6665,260.8,8,8,1
1.333,0.3636,1,0.722,276.47,193.26,85,3.882,12,0.3636,0.5,0.07,0,9.697,100.0,0,0.25,0,0,0,1.528,26.94,199.68,199.68,1,5,1,1,3.88,1.33,0.9,0.3636,0.2,0.3198,193.26,12,12,1
1.333,0.7,1,1.361,329.36,378.65,429,0.659,28,0.7,0.5,0.05,1,6.333,100.0,0,0.857,0,0,0,0.0,476.25,448.21,448.21,0,2,1,1,0.7,1.33,0.16,0.7,0.5,0.9408,378.65,28,28,1
0.333,0.4,1,0.108,352.85,431.18,275,0.622,28,0.4,0.0,0.2,0,-0.667,0.0,0,1.0,0,0,0,0.0,433.45,38.09,38.09,0,2,1,1,0.55,0.33,0.13,0.4,0.5,0.5104,431.18,28,28,1
0.0,0.0,0,1.618,233.3,0.0,275,0.4,7,0.0,0.0,0.12,0,0.0,10.0,0,0.0,0,0,0,0.0,0.0,377.56,377.56,1,1,0,0,0.22,0.0,0.05,0.0,0.0,0.8092,0.0,7,7,1
0.0,0.0,0,1.428,190.36,0.0,708,0.099,3,0.0,0.0,0.12,1,0.0,10.0,0,0.0,0,0,0,0.0,0.0,271.92,271.92,1,2,0,0,0.13,0.0,0.03,0.0,0.0,0.4762,0.0,3,3,1
0.333,0.2,0,1.33,231.45,234.3,353,0.425,9,0.2,0.0,0.12,0,1.333,36.7,0,1.0,0,0,0,0.0,0.0,307.76,307.76,0,1,0,0,0.42,0.33,0.1,0.2,0.0,0.4684,234.3,9,9,0
0.0,0.0,0,0.243,274.19,0.0,160,0.384,1,0.0,0.0,0.1,0,0.0,10.0,0,0.0,1,0,0,0.0,0.0,66.73,66.73,1,1,0,0,0.38,0.0,0.09,0.0,0.0,0.1217,0.0,1,1,0
0.0,0.0,0,0.93,337.57,0.0,56,4.737,13,0.0,0.0,0.08,0,0.0,10.0,0,0.0,0,0,0,2.476,0.0,314.07,314.07,1,5,0,0,3.75,0.0,0.87,0.0,0.0,0.1329,0.0,13,13,0
0.0,0.0,0,1.322,351.33,0.0,43,1.472,20,0.0,0.0,0.12,0,0.0,10.0,0,0.0,0,0,0,0.653,0.0,464.57,464.57,1,3,0,0,2.09,0.0,0.48,0.0,0.0,0.4408,0.0,20,20,0
1.0,0.5,1,0.156,242.55,268.71,296,0.466,23,0.5,0.3333,0.07,0,5.0,100.0,0,0.75,0,0,0,0.0,262.28,37.74,37.74,0,2,1,1,0.81,1.0,0.19,0.5,0.5,0.5734,268.71,23,23,1
0.0,0.1429,0,0.727,227.95,460.62,723,0.331,18,0.1429,0.0,0.03,1,-1.429,0.0,0,1.0,0,0,0,0.0,0.0,165.79,165.79,0,1,0,0,0.29,0.0,0.07,0.1429,0.0,0.3926,460.62,18,18,1
0.0,0.0,0,1.0,330.87,0.0,63,0.156,16,0.0,0.0,0.1,1,0.0,10.0,0,0.0,0,0,0,0.0,0.0,330.87,330.87,0,1,0,0,0.48,0.0,0.11,0.0,0.0,1.0,0.0,16,16,1
1.0,0.4286,2,0.737,288.22,350.11,120,1.284,24,0.4286,0.0,0.08,0,5.714,100.0,0,1.0,0,0,0,1.65,552.22,212.32,212.32,0,2,0,2,1.75,1.0,0.4,0.4286,1.0,0.6258,350.11,24,24,1
0.0,0.0,0,1.3,348.41,0.0,32,0.529,30,0.0,0.0,0.08,1,0.0,10.0,0,0.0,0,0,0,0.0,0.0,452.87,452.87,0,2,0,0,1.88,0.0,0.43,0.0,0.0,0.6499,0.0,30,30,1
0.0,0.0,0,0.754,294.32,0.0,182,0.701,6,0.0,0.0,0.12,0,0.0,10.0,0,0.0,0,0,0,1.479,0.0,221.89,221.89,1,1,0,0,0.66,0.0,0.15,0.0,0.0,0.1885,0.0,6,6,0
0.0,0.0,0,1.821,260.94,0.0,248,0.369,17,0.0,0.0,0.12,0,0.0,10.0,0,0.0,0,0,0,0.0,0.0,475.14,475.14,0,3,0,0,0.48,0.0,0.11,0.0,0.0,0.4552,0.0,17,17,0
0.0,0.125,0,0.467,288.41,350.46,639,0.389,12,0.125,0.0,0.2,1,-1.25,0.0,0,1.0,0,0,0,0.0,0.0,134.66,134.66,0,1,0,0,0.38,0.0,0.09,0.125,0.0,0.2103,350.46,12,12,1
0.0,0.5,0,0.651,355.04,389.57,440,0.894,5,0.5,0.5,0.2,0,-5.0,0.0,0,1.0,1,0,0,0.0,0.0,231.04,231.04,1,1,0,0,0.95,0.0,0.22,0.5,0.0,0.5951,389.57,5,5,1
1.0,0.375,1,0.121,334.48,458.22,61,2.222,14,0.375,0.3333,0.12,0,6.25,100.0,0,1.0,0,0,0,0.4,394.8,40.39,40.39,0,3,0,1,3.93,1.0,0.91,0.375,0.3333,0.5288,458.22,14,14,1
0.0,0.0,0,0.58,291.74,0.0,102,0.518,30,0.0,0.0,0.2,0,0.0,10.0,0,0.0,0,0,0,0.0,0.0,169.14,169.14,0,2,0,0,0.88,0.0,0.2,0.0,0.0,0.1933,0.0,30,30,0
0.0,0.0,0,1.0,25.88,0.0,12,0.502,3,0.0,0.0,0.03,0,0.0,10.0,0,0.0,0,0,1,0.0,0.0,25.88,25.88,1,1,0,0,2.5,0.0,0.58,0.0,0.0,1.0,0.0,3,3,0
1.0,0.6,1,0.269,160.66,174.55,64,3.614,10,0.6,0.5,0.07,1,4.0,90.0,0,0.667,0,0,0,4.122,250.56,43.18,43.18,0,2,0,1,2.34,1.0,0.54,0.6,0.5,0.7056,174.55,10,10,1
0.333,0.2,0,0.575,235.47,331.6,302,0.498,25,0.2,0.0,0.2,0,1.333,36.7,0,1.0,0,0,0,0.0,0.0,135.39,135.39,1,2,0,0,0.5,0.33,0.11,0.2,0.0,0.3966,331.6,25,25,1
0.0,0.0,0,1.0,416.96,0.0,79,0.455,26,0.0,0.0,0.2,0,0.0,10.0,0,0.0,0,0,0,0.0,0.0,416.96,416.96,0,1,0,0,0.38,0.0,0.09,0.0,0.0,1.0,0.0,26,26,1
0.333,0.1667,0,0.67,218.23,140.85,187,1.003,18,0.1667,0.0,0.12,1,1.667,43.3,0,0.0,0,0,0,0.997,0.0,146.14,146.14,0,1,0,0,0.96,0.33,0.22,0.1667,0.0,0.2192,140.85,18,18,1
0.0,0.0,0,1.0,423.58,0.0,17,0.83,11,0.0,0.0,0.03,0,0.0,10.0,0,0.0,0,0,1,0.0,0.0,423.58,423.58,0,1,0,0,1.76,0.0,0.41,0.0,0.0,1.0,0.0,11,11,1
0.0,0.5,0,0.774,174.74,214.17,516,0.142,19,0.5,0.0,0.03,1,-5.0,0.0,0,1.0,1,0,0,0.0,0.0,135.3,135.3,0,1,0,0,0.12,0.0,0.03,0.5,0.0,1.0,214.17,19,19,1
0.667,0.2857,2,1.679,273.13,284.28,93,2.079,14,0.2857,0.0,0.1,0,3.81,86.2,0,1.0,0,0,0,1.775,568.57,458.55,458.55,0,5,0,2,2.26,0.67,0.52,0.2857,0.4,0.5372,284.28,14,14,1
0.0,0.0,0,0.662,312.88,0.0,208,0.264,18,0.0,0.0,0.05,0,0.0,10.0,0,0.0,0,0,0,0.0,0.0,207.1,207.1,0,1,0,0,0.29,0.0,0.07,0.0,0.0,0.331,0.0,18,18,1
1.0,0.4444,1,1.125,280.77,324.33,279,0.877,2,0.4444,0.0,0.03,1,5.556,100.0,0,1.0,0,0,0,1.156,399.79,315.91,315.91,1,2,0,1,0.97,1.0,0.22,0.4444,0.5,0.6384,324.33,2,2,1
0.0,0.5,0,0.367,304.94,498.01,301,0.394,14,0.5,0.0,0.12,1,-5.0,0.0,0,1.0,0,0,0,0.0,0.0,111.86,111.86,0,1,0,0,0.2,0.0,0.05,0.5,0.0,1.0,498.01,14,14,1
0.333,0.1429,1,0.607,288.48,302.56,38,4.2,2,0.1429,0.0,0.05,0,1.905,48.1,0,1.0,0,0,0,0.636,302.56,175.05,175.05,2,5,0,1,5.53,0.33,1.28,0.1429,0.2,0.2365,302.56,2,2,1
0.333,0.25,0,0.907,123.44,141.21,89,0.87,23,0.25,0.0,0.2,0,0.833,26.7,0,0.0,0,0,0,1.18,0.0,112.02,112.02,0,2,0,0,1.35,0.33,0.31,0.25,0.0,0.5129,141.21,23,23,1
0.333,0.3333,0,1.158,307.15,109.93,65,1.477,9,0.3333,0.0,0.03,0,0.0,10.0,0,0.0,0,0,0,0.65,0.0,355.77,355.77,0,1,0,0,1.38,0.33,0.32,0.3333,0.0,0.5054,109.93,9,9,1
0.0,0.25,0,0.376,221.02,137.63,195,0.388,28,0.25,0.0,0.1,0,-2.5,0.0,0,0.0,0,0,0,0.0,0.0,83.06,83.06,0,2,0,0,0.62,0.0,0.14,0.25,0.0,0.2496,137.63,28,28,0
0.0,0.4444,0,0.416,256.95,281.01,580,0.395,18,0.4444,0.0,0.08,0,-4.444,0.0,0,0.75,0,0,0,0.0,0.0,106.8,106.8,0,1,0,0,0.47,0.0,0.11,0.4444,0.0,0.5322,281.01,18,18,1
0.667,0.3333,0,0.743,192.24,230.15,415,0.532,27,0.3333,0.3333,0.05,0,3.333,76.7,0,0.667,0,0,0,1.961,0.0,142.9,142.9,0,1,0,0,0.65,0.67,0.15,0.3333,0.0,0.4817,230.15,27,27,1
1.667,0.4167,1,1.859,259.5,211.28,117,2.868,3,0.4167,0.5,0.2,0,12.5,100.0,0,0.4,0,0,0,1.06,210.3,482.34,482.34,2,3,0,1,3.08,1.67,0.71,0.4167,0.3333,0.4941,211.28,3,3,1
0.333,0.5,0,0.739,80.02,100.89,163,0.488,26,0.5,0.0,0.08,0,-1.667,0.0,0,0.0,0,0,0,0.0,0.0,59.15,59.15,0,1,0,0,0.37,0.33,0.09,0.5,0.0,1.0,100.89,26,26,1
0.0,0.0,0,1.869,224.86,0.0,309,0.435,25,0.0,0.0,0.2,0,0.0,10.0,0,0.0,1,0,0,2.397,0.0,420.28,420.28,0,2,0,0,0.49,0.0,0.11,0.0,0.0,0.3738,0.0,25,25,0
0.667,0.25,0,1.725,276.95,336.42,378,0.913,18,0.25,0.0,0.1,0,4.167,93.3,0,1.0,0,0,0,0.0,0.0,477.71,477.71,1,2,0,0,0.63,0.67,0.15,0.25,0.0,0.5193,336.42,18,18,1
0.333,0.4545,1,0.298,245.25,152.37,413,0.761,13,0.4545,0.5,0.12,0,-1.212,0.0,0,0.2,0,0,0,1.336,73.06,73.15,73.15,0,2,0,1,0.8,0.33,0.18,0.4545,0.5,0.3095,152.37,13,13,1
0.0,0.0,0,1.0,420.01,0.0,36,0.478,15,0.0,0.0,0.2,0,0.0,10.0,0,0.0,1,0,0,2.174,0.0,420.01,420.01,0,1,0,0,0.83,0.0,0.19,0.0,0.0,1.0,0.0,15,15,0
0.0,0.0,0,0.22,294.65,0.0,66,4.615,6,0.0,0.0,0.2,0,0.0,10.0,0,0.0,0,0,0,1.6,0.0,64.93,64.93,3,6,0,0,4.55,0.0,1.05,0.0,0.0,0.022,0.0,6,6,0
0.667,0.3333,1,0.467,262.17,201.18,285,0.625,4,0.3333,0.5,0.12,0,3.333,76.7,0,0.5,0,0,0,4.3,338.71,122.51,122.51,1,2,0,1,0.63,0.67,0.15,0.3333,0.5,0.3337,201.18,4,4,0
1.333,0.4444,4,1.315,297.47,293.92,17,15.882,15,0.4444,0.5,0.2,0,8.889,100.0,1,0.5,0,0,1,1.0,1175.67,391.21,391.21,4,9,3,4,15.88,1.33,3.67,0.4444,0.4444,0.5853,293.92,15,15,1
0.667,0.1538,2,1.586,303.08,296.4,60,6.5,18,0.1538,0.0,0.05,0,5.128,100.0,0,0.5,0,0,0,1.167,592.79,480.79,480.79,3,7,0,2,6.5,0.67,1.5,0.1538,0.2857,0.2725,296.4,18,18,0
0.0,0.1667,0,0.825,284.24,208.11,293,0.498,27,0.1667,0.3333,0.2,0,-1.667,0.0,0,1.0,0,0,0,0.0,0.0,234.42,234.42,0,1,0,0,0.61,0.0,0.14,0.1667,0.0,0.2595,208.11,27,27,0
0.333,0.1667,1,0.575,187.02,61.56,115,1.565,18,0.1667,0.0,0.08,0,1.667,43.3,0,0.0,0,0,0,2.833,61.56,107.55,107.55,0,3,0,1,1.57,0.33,0.36,0.1667,0.3333,0.1507,61.56,18,18,1
1.333,0.6,2,0.927,288.71,253.61,265,0.664,6,0.6,0.5,0.2,0,7.333,100.0,0,0.667,0,0,0,3.323,694.53,267.71,267.71,2,5,0,2,1.13,1.33,0.26,0.6,0.4,0.6198,253.61,6,6,1
0.333,0.25,1,0.44,330.94,474.11,48,1.506,28,0.25,0.5,0.2,0,0.833,26.7,0,1.0,0,0,0,0.0,474.11,145.66,145.66,0,2,0,1,2.5,0.33,0.58,0.25,0.5,0.4682,474.11,28,28,0
0.0,0.1111,0,0.429,269.18,320.25,808,0.334,20,0.1111,0.0,0.1,0,-1.111,0.0,0,1.0,0,0,0,7.41,0.0,115.46,115.46,0,2,0,0,0.33,0.0,0.08,0.1111,0.0,0.1798,320.25,20,20,0
0.333,0.1429,0,1.556,311.43,115.39,253,0.588,26,0.1429,0.0,0.12,0,1.905,48.1,0,0.0,0,0,0,0.0,0.0,484.56,484.56,0,2,0,0,0.83,0.33,0.19,0.1429,0.0,0.2752,115.39,26,26,0
0.333,0.25,0,1.417,134.95,219.22,178,0.594,3,0.25,0.0,0.1,0,0.833,26.7,0,1.0,0,0,0,0.0,0.0,191.29,191.29,1,1,0,0,0.67,0.33,0.16,0.25,0.0,0.7605,219.22,3,3,0
0.333,0.5,0,1.115,288.35,255.23,276,0.372,28,0.5,0.0,0.08,0,-1.667,0.0,0,1.0,0,0,0,2.933,0.0,321.47,321.47,0,1,0,0,0.22,0.33,0.05,0.5,0.0,1.0,255.23,28,28,1
0.0,0.0,0,1.298,378.72,0.0,159,0.512,20,0.0,0.0,0.1,0,0.0,10.0,0,0.0,0,0,0,0.0,0.0,491.53,491.53,0,1,0,0,0.38,0.0,0.09,0.0,0.0,0.6489,0.0,20,20,0
0.333,0.375,0,0.613,218.48,154.41,195,1.209,2,0.375,0.5,0.2,0,-0.417,1.7,0,0.333,0,0,0,0.81,0.0,133.97,133.97,1,2,0,0,1.23,0.33,0.28,0.375,0.0,0.3417,154.41,2,2,1
0.0,0.0,0,1.0,128.31,0.0,57,0.522,18,0.0,0.0,0.07,0,0.0,10.0,0,0.0,0,0,0,2.1,0.0,128.31,128.31,0,1,0,0,0.53,0.0,0.12,0.0,0.0,1.0,0.0,18,18,1
0.0,0.25,0,1.152,299.98,493.88,362,0.446,9,0.25,0.0,0.08,0,-2.5,0.0,0,1.0,1,0,0,9.186,0.0,345.51,345.51,0,1,0,0,0.33,0.0,0.08,0.25,0.0,0.6995,493.88,9,9,1
0.0,0.0,0,1.331,227.33,0.0,601,0.242,23,0.0,0.0,0.12,0,0.0,10.0,0,0.0,0,0,0,4.76,0.0,302.49,302.49,0,1,0,0,0.2,0.0,0.05,0.0,0.0,0.3327,0.0,23,23,0
0.0,0.0,0,0.16,324.37,0.0,183,0.675,24,0.0,0.0,0.03,0,0.0,10.0,0,0.0,0,0,0,1.524,0.0,52.03,52.03,0,1,0,0,0.49,0.0,0.11,0.0,0.0,0.0535,0.0,24,24,0
0.333,0.3333,1,0.55,272.93,290.2,71,0.651,19,0.3333,0.5,0.2,0,0.0,10.0,0,1.0,0,0,0,0.0,290.2,150.12,150.12,0,2,1,1,1.27,0.33,0.29,0.3333,0.5,0.5378,290.2,19,19,0
0.333,0.6667,1,1.396,297.88,275.42,307,0.382,22,0.6667,0.5,0.05,0,-3.333,0.0,0,0.5,0,0,0,0.0,126.45,415.89,415.89,0,2,1,1,0.59,0.33,0.14,0.6667,0.5,0.8491,275.42,22,22,1
0.0,0.0,0,0.182,149.83,0.0,87,1.044,2,0.0,0.0,0.05,0,0.0,10.0,0,0.0,0,0,0,0.0,0.0,27.21,27.21,1,1,0,0,1.72,0.0,0.4,0.0,0.0,0.0363,0.0,2,2,0
0.667,0.2857,1,1.387,340.73,197.26,130,1.111,14,0.2857,0.5,0.2,0,3.81,86.2,0,0.5,0,0,0,0.89,258.3,472.56,472.56,0,3,0,1,1.62,0.67,0.37,0.2857,0.3333,0.3635,197.26,14,14,1
0.0,0.125,0,0.703,218.26,97.01,245,0.98,8,0.125,0.0,0.08,0,-1.25,0.0,0,0.0,0,0,0,2.389,0.0,153.34,153.34,0,2,0,0,0.98,0.0,0.23,0.125,0.0,0.1434,97.01,8,8,0
0.333,0.25,0,0.4,252.79,399.67,438,0.571,13,0.25,0.0,0.1,1,0.833,26.7,0,1.0,0,0,0,1.833,0.0,101.19,101.19,1,3,0,0,0.55,0.33,0.13,0.25,0.0,0.4453,399.67,13,13,1
0.333,0.5,0,1.463,94.03,50.54,209,0.554,21,0.5,0.0,0.1,1,-1.667,0.0,0,0.0,0,0,0,0.0,0.0,137.52,137.52,0,1,0,0,0.29,0.33,0.07,0.5,0.0,1.0,50.54,21,21,1
0.0,0.0,0,0.462,249.5,0.0,82,0.513,18,0.0,0.0,0.1,1,0.0,10.0,0,0.0,0,0,0,0.0,0.0,115.37,115.37,0,1,0,0,0.73,0.0,0.17,0.0,0.0,0.2312,0.0,18,18,1
0.333,0.5,0,1.109,201.32,119.95,454,0.243,9,0.5,0.0,0.12,0,-1.667,0.0,0,0.0,0,0,0,0.0,0.0,223.28,223.28,0,2,0,0,0.26,0.33,0.06,0.5,0.0,0.5752,119.95,9,9,1
0.0,0.0,0,1.285,315.28,0.0,232,0.133,11,0.0,0.0,0.08,0,0.0,10.0,0,0.0,0,0,0,10.75,0.0,405.21,405.21,0,2,0,0,0.26,0.0,0.06,0.0,0.0,0.6426,0.0,11,11,0
0.333,0.3077,1,1.427,248.89,257.62,486,0.738,20,0.3077,0.0,0.08,0,0.256,15.1,0,0.75,0,0,0,1.382,50.13,355.29,355.29,1,4,1,1,0.8,0.33,0.19,0.3077,0.25,0.4283,257.62,20,20,1
0.667,0.4,0,1.204,279.1,197.9,123,0.546,25,0.4,0.0,0.1,0,2.667,63.3,0,0.5,1,0,0,0.0,0.0,335.98,335.98,0,1,0,0,1.22,0.67,0.28,0.4,0.0,0.5244,197.9,25,25,1
0.0,0.0,0,0.652,244.36,0.0,758,0.278,2,0.0,0.0,0.05,0,0.0,10.0,0,0.0,0,0,0,0.0,0.0,159.25,159.25,1,1,0,0,0.28,0.0,0.06,0.0,0.0,0.0931,0.0,2,2,0
0.0,0.0,0,1.328,367.06,0.0,126,0.53,30,0.0,0.0,0.1,0,0.0,10.0,0,0.0,0,0,0,0.0,0.0,487.55,487.55,0,1,0,0,0.71,0.0,0.16,0.0,0.0,0.4428,0.0,30,30,0
0.0,0.0,0,0.715,298.65,0.0,165,0.814,21,0.0,0.0,0.08,0,0.0,10.0,0,0.0,0,0,0,1.246,0.0,213.51,213.51,0,2,0,0,1.09,0.0,0.25,0.0,0.0,0.1192,0.0,21,21,0
0.333,0.5,0,0.642,335.07,285.72,685,0.311,24,0.5,0.3333,0.03,1,-1.667,0.0,0,0.667,1,0,0,3.487,0.0,215.04,215.04,0,1,0,0,0.26,0.33,0.06,0.5,0.0,0.5333,285.72,24,24,1
0.0,0.6,0,0.261,276.38,322.95,619,0.226,1,0.6,0.5,0.2,0,-6.0,0.0,0,0.667,1,0,0,0.0,0.0,72.21,72.21,1,1,0,0,0.24,0.0,0.06,0.6,0.0,0.7534,322.95,1,1,1
1.0,0.75,0,0.369,202.23,244.78,98,0.673,13,0.75,0.5,0.1,0,2.5,60.0,0,0.333,0,0,0,3.407,0.0,74.58,74.58,0,1,0,0,1.22,1.0,0.28,0.75,0.0,1.0,244.78,13,13,1
0.0,0.1429,0,0.973,297.06,330.48,357,0.522,5,0.1429,0.0,0.07,0,-1.429,0.0,0,1.0,0,0,0,0.0,0.0,289.16,289.16,1,1,0,0,0.59,0.0,0.14,0.1429,0.0,0.298,330.48,5,5,0
0.0,0.0,0,1.384,329.26,0.0,145,2.485,25,0.0,0.0,0.08,0,0.0,10.0,0,0.0,0,0,0,1.853,0.0,455.54,455.54,0,1,0,0,2.07,0.0,0.48,0.0,0.0,0.1384,0.0,25,25,0
0.0,0.0,0,1.241,189.32,0.0,64,1.393,20,0.0,0.0,0.07,0,0.0,10.0,0,0.0,0,0,0,0.698,0.0,234.98,234.98,1,2,0,0,0.94,0.0,0.22,0.0,0.0,0.6206,0.0,20,20,1
0.333,0.5,0,1.517,189.34,91.42,72,1.03,24,0.5,0.0,0.12,0,-1.667,0.0,0,0.0,0,0,0,0.0,0.0,287.27,287.27,0,1,0,0,0.83,0.33,0.19,0.5,0.0,1.0,91.42,24,24,1
0.0,0.0,0,1.717,232.15,0.0,236,0.444,19,0.0,0.0,0.03,0,0.0,10.0,0,0.0,0,0,0,0.0,0.0,398.55,398.55,0,3,0,0,0.89,0.0,0.21,0.0,0.0,0.2453,0.0,19,19,0
0.0,0.0833,0,1.577,301.19,254.63,554,0.65,16,0.0833,0.0,0.12,0,-0.833,0.0,0,1.0,0,0,0,3.493,0.0,474.85,474.85,1,2,0,0,0.65,0.0,0.15,0.0833,0.0,0.2018,254.63,16,16,0
1.0,0.3333,2,1.199,212.61,176.25,97,2.748,22,0.3333,0.3333,0.12,1,6.667,100.0,0,0.667,1,0,0,1.122,311.07,254.98,254.98,0,5,0,2,2.78,1.0,0.64,0.3333,0.4,0.4096,176.25,22,22,1
1.333,0.3636,4,1.218,300.62,323.46,18,18.333,10,0.3636,0.5,0.07,0,9.697,100.0,1,0.75,0,0,1,1.0,1293.85,366.18,366.18,5,11,3,4,18.33,1.33,4.23,0.3636,0.3636,0.502,323.46,10,10,1
0.0,0.0,0,0.473,172.01,0.0,573,0.163,1,0.0,0.0,0.2,0,0.0,10.0,0,0.0,0,0,0,0.0,0.0,81.37,81.37,1,1,0,0,0.16,0.0,0.04,0.0,0.0,0.1577,0.0,1,1,0
0.333,0.3571,0,0.862,197.61,233.84,773,0.513,29,0.3571,0.3333,0.07,0,-0.238,5.2,0,0.6,0,0,0,0.0,0.0,170.29,170.29,1,2,0,0,0.54,0.33,0.13,0.3571,0.0,0.4842,233.84,29,29,1
0.0,0.0,0,0.332,296.29,0.0,217,1.004,5,0.0,0.0,0.2,0,0.0,10.0,0,0.0,0,0,0,3.983,0.0,98.23,98.23,1,1,0,0,0.83,0.0,0.19,0.0,0.0,0.0553,0.0,5,5,0
0.0,0.0,0,0.987,171.15,0.0,136,1.632,1,0.0,0.0,0.12,0,0.0,10.0,0,0.0,0,0,0,1.267,0.0,168.9,168.9,1,3,0,0,1.32,0.0,0.31,0.0,0.0,0.1645,0.0,1,1,0
0.333,0.2,1,0.915,245.55,141.1,12,12.5,3,0.2,0.3333,0.2,0,1.333,36.7,0,0.0,1,0,1,1.0,141.1,224.65,224.65,5,5,1,1,12.5,0.33,2.89,0.2,0.2,0.2979,141.1,3,3,0
0.0,0.25,0,0.437,192.53,50.93,258,0.257,1,0.25,0.0,0.12,0,-2.5,0.0,0,0.0,0,0,0,0.0,0.0,84.11,84.11,1,2,0,0,0.47,0.0,0.11,0.25,0.0,0.1754,50.93,1,1,1
0.0,0.0,0,1.539,234.16,0.0,15,21.176,13,0.0,0.0,0.12,0,0.0,10.0,0,0.0,0,0,1,1.0,0.0,360.28,360.28,5,12,0,0,24.0,0.0,5.54,0.0,0.0,0.1282,0.0,13,13,0
0.333,0.375,1,1.042,200.44,102.27,740,0.257,30,0.375,0.0,0.1,0,-0.417,1.7,0,0.0,0,0,0,0.0,171.77,208.8,208.8,0,2,1,1,0.32,0.33,0.07,0.375,0.5,0.3215,102.27,30,30,1
0.0,0.0,0,0.645,232.0,0.0,51,5.882,16,0.0,0.0,0.2,0,0.0,10.0,0,0.0,0,0,0,0.467,0.0,149.58,149.58,2,4,0,0,5.88,0.0,1.36,0.0,0.0,0.0645,0.0,16,16,0
0.333,0.5,1,1.257,190.39,141.37,89,0.405,21,0.5,0.0,0.1,0,-1.667,0.0,0,0.0,0,0,0,3.2,141.37,239.41,239.41,0,2,1,1,0.67,0.33,0.16,0.5,0.5,1.0,141.37,21,21,1
0.0,0.125,0,0.819,219.38,452.87,226,0.529,27,0.125,0.0,0.2,1,-1.25,0.0,0,1.0,0,0,0,0.0,0.0,179.75,179.75,0,4,0,0,1.06,0.0,0.25,0.125,0.0,0.3605,452.87,27,27,1
0.0,0.0,0,0.871,360.33,0.0,68,1.063,14,0.0,0.0,0.2,0,0.0,10.0,0,0.0,0,0,0,0.936,0.0,313.74,313.74,0,1,0,0,1.32,0.0,0.31,0.0,0.0,0.2902,0.0,14,14,0
0.0,0.0,0,1.0,190.93,0.0,19,0.506,5,0.0,0.0,0.07,1,0.0,10.0,0,0.0,1,0,1,0.0,0.0,190.93,190.93,1,1,0,0,1.58,0.0,0.36,0.0,0.0,1.0,0.0,5,5,1
1.667,0.4545,3,0.078,294.56,341.66,73,4.557,14,0.4545,0.5,0.1,0,12.121,100.0,1,1.0,0,0,0,3.267,999.36,22.83,22.83,2,7,3,3,4.52,1.67,1.04,0.4545,0.4286,0.5343,341.66,14,14,1
2.333,0.7,6,1.021,256.27,220.93,49,6.29,28,0.7,0.0,0.03,0,16.333,100.0,0,0.571,0,1,0,0.32,1358.55,261.71,261.71,0,3,0,6,6.12,2.33,1.41,0.7,2.0,0.7056,220.93,28,28,1
0.0,0.0,0,1.259,347.51,0.0,81,1.127,9,0.0,0.0,0.12,0,0.0,10.0,0,0.0,0,0,0,0.871,0.0,437.58,437.58,0,2,0,0,1.11,0.0,0.26,0.0,0.0,0.4197,0.0,9,9,1
0.333,0.0714,0,1.751,247.41,219.78,111,3.659,28,0.0714,0.0,0.12,0,2.619,62.4,0,1.0,0,0,0,1.127,0.0,433.11,433.11,0,6,0,0,3.78,0.33,0.87,0.0714,0.0,0.1885,219.78,28,28,0
0.667,0.5,1,0.541,247.02,289.34,199,0.687,1,0.5,0.0,0.2,0,1.667,43.3,0,0.667,0,0,0,0.0,33.54,133.54,133.54,2,2,1,1,0.9,0.67,0.21,0.5,0.5,0.6757,289.34,1,1,1
0.0,0.0,0,1.0,270.6,0.0,23,0.808,14,0.0,0.0,0.2,0,0.0,10.0,0,0.0,0,0,1,1.255,0.0,270.6,270.6,0,1,0,0,1.3,0.0,0.3,0.0,0.0,1.0,0.0,14,14,1
0.333,0.3333,0,1.227,397.77,371.14,180,0.551,12,0.3333,0.0,0.05,0,0.0,10.0,0,1.0,0,0,0,1.95,0.0,488.2,488.2,0,1,0,0,0.5,0.33,0.12,0.3333,0.0,0.7201,371.14,12,12,1
0.333,0.5,1,1.887,216.18,24.41,302,0.211,2,0.5,0.0,0.07,0,-1.667,0.0,0,0.0,0,0,0,0.0,24.41,407.96,407.96,1,2,0,1,0.2,0.33,0.05,0.5,0.5,1.0,24.41,2,2,0
0.0,0.0,0,0.901,314.43,0.0,226,1.447,28,0.0,0.0,0.07,0,0.0,10.0,0,0.0,0,0,0,1.467,0.0,283.15,283.15,0,2,0,0,1.46,0.0,0.34,0.0,0.0,0.0819,0.0,28,28,0
0.0,0.5,0,0.927,354.44,380.17,544,0.123,8,0.5,0.0,0.08,0,-5.0,0.0,0,1.0,0,0,0,10.467,0.0,328.7,328.7,0,1,0,0,0.11,0.0,0.03,0.5,0.0,1.0,380.17,8,8,1
0.0,0.0,0,1.0,411.24,0.0,134,0.303,29,0.0,0.0,0.12,0,0.0,10.0,0,0.0,0,0,0,0.0,0.0,411.24,411.24,0,1,0,0,0.22,0.0,0.05,0.0,0.0,1.0,0.0,29,29,0
0.0,0.0,0,1.0,100.89,0.0,118,0.488,20,0.0,0.0,0.1,0,0.0,10.0,0,0.0,0,0,0,0.0,0.0,100.89,100.89,0,1,0,0,0.25,0.0,0.06,0.0,0.0,1.0,0.0,20,20,1
0.0,0.3333,0,1.626,185.4,89.15,166,0.267,1,0.3333,0.5,0.07,0,-3.333,0.0,0,0.0,0,0,0,0.0,0.0,301.49,301.49,1,1,0,0,0.54,0.0,0.13,0.3333,0.0,0.7023,89.15,1,1,1
0.0,0.1667,0,1.225,214.08,426.35,390,0.263,27,0.1667,0.0,0.08,0,-1.667,0.0,0,1.0,0,0,0,0.0,0.0,262.24,262.24,0,1,0,0,0.46,0.0,0.11,0.1667,0.0,0.5361,426.35,27,27,1
0.0,0.0,0,1.275,295.73,0.0,222,0.441,11,0.0,0.0,0.2,0,0.0,10.0,0,0.0,0,0,0,2.583,0.0,377.09,377.09,0,2,0,0,0.41,0.0,0.09,0.0,0.0,0.425,0.0,11,11,0
0.0,0.0,0,0.859,411.38,0.0,31,1.173,1,0.0,0.0,0.2,0,0.0,10.0,0,0.0,0,0,0,0.0,0.0,353.37,353.37,1,2,0,0,1.94,0.0,0.45,0.0,0.0,0.4295,0.0,1,1,0
0.0,0.0,0,0.177,259.4,0.0,395,0.297,8,0.0,0.0,0.1,0,0.0,10.0,0,0.0,0,0,0,0.0,0.0,45.92,45.92,0,1,0,0,0.3,0.0,0.07,0.0,0.0,0.0443,0.0,8,8,0
0.0,0.0,0,1.167,221.39,0.0,108,0.517,16,0.0,0.0,0.05,0,0.0,10.0,0,0.0,0,0,0,0.0,0.0,258.41,258.41,0,1,0,0,1.39,0.0,0.32,0.0,0.0,0.2334,0.0,16,16,0
0.667,0.6,0,0.855,258.8,222.63,165,0.594,23,0.6,0.0,0.12,0,0.667,23.3,0,0.667,0,0,0,0.0,0.0,221.39,221.39,0,1,0,0,0.91,0.67,0.21,0.6,0.0,0.6872,222.63,23,23,1
0.0,0.0,0,0.27,282.18,0.0,132,2.267,17,0.0,0.0,0.2,0,0.0,10.0,0,0.0,0,0,0,2.104,0.0,76.28,76.28,0,1,0,0,1.82,0.0,0.42,0.0,0.0,0.0338,0.0,17,17,0
0.0,0.0,0,1.363,362.28,0.0,79,0.446,7,0.0,0.0,0.2,0,0.0,10.0,0,0.0,0,0,0,9.186,0.0,493.88,493.88,1,2,0,0,0.76,0.0,0.18,0.0,0.0,0.6816,0.0,7,7,1
0.333,0.3,0,1.068,280.72,421.09,646,0.388,7,0.3,0.0,0.08,0,0.333,16.7,0,1.0,0,0,0,0.0,0.0,299.71,299.71,1,1,0,0,0.46,0.33,0.11,0.3,0.0,0.5568,421.09,7,7,1
0.0,0.2,0,1.477,333.89,353.66,534,0.211,8,0.2,0.0,0.2,0,-2.0,0.0,0,1.0,0,0,0,0.0,0.0,493.15,493.15,0,1,0,0,0.28,0.0,0.06,0.2,0.0,0.5072,353.66,8,8,0
0.667,0.1538,2,0.711,312.48,338.83,28,8.077,25,0.1538,0.0,0.08,1,5.128,100.0,0,1.0,0,0,1,0.2,677.66,222.24,222.24,3,13,1,2,13.93,0.67,3.22,0.1538,0.1538,0.2215,338.83,25,25,1
0.0,0.125,0,1.665,297.05,472.92,502,0.523,21,0.125,0.0,0.05,0,-1.25,0.0,0,1.0,0,0,0,1.994,0.0,494.66,494.66,2,4,0,0,0.48,0.0,0.11,0.125,0.0,0.4072,472.92,21,21,1
0.333,0.25,1,1.201,245.92,126.02,38,3.158,20,0.25,0.0,0.08,0,0.833,26.7,0,0.0,1,0,0,0.8,126.02,295.39,295.39,1,3,1,1,3.16,0.33,0.73,0.25,0.3333,0.4284,126.02,20,20,0
1.0,0.6364,0,1.418,273.03,251.07,200,1.612,2,0.6364,0.0,0.07,1,3.636,82.7,0,0.571,0,0,0,0.589,0.0,387.15,387.15,2,3,0,0,1.65,1.0,0.38,0.6364,0.0,0.7141,251.07,2,2,1
0.0,0.0,0,1.933,238.31,0.0,419,0.331,18,0.0,0.0,0.2,1,0.0,10.0,0,0.0,1,0,0,0.0,0.0,460.62,460.62,0,1,0,0,0.43,0.0,0.1,0.0,0.0,0.3221,0.0,18,18,1
0.667,0.5,1,1.561,298.95,270.51,271,0.653,19,0.5,0.5,0.05,0,1.667,43.3,0,0.667,0,0,0,0.0,138.27,466.55,466.55,0,2,1,1,0.66,0.67,0.15,0.5,0.5,0.7125,270.51,19,19,1
0.0,0.0,0,0.814,217.79,0.0,248,0.578,2,0.0,0.0,0.1,0,0.0,10.0,0,0.0,0,0,0,0.0,0.0,177.28,177.28,1,1,0,0,0.85,0.0,0.2,0.0,0.0,0.1163,0.0,2,2,0
0.667,0.375,1,1.081,242.55,270.85,289,0.466,30,0.375,0.5,0.2,0,2.917,68.3,0,0.667,0,0,0,0.0,78.35,262.28,262.28,1,3,0,1,0.83,0.67,0.19,0.375,0.3333,0.5539,270.85,30,30,1
0.333,0.0909,1,1.399,263.03,374.06,873,0.37,19,0.0909,0.0,0.1,0,2.424,58.5,0,1.0,0,0,0,0.0,374.06,368.02,368.02,0,1,0,1,0.38,0.33,0.09,0.0909,1.0,0.2565,374.06,19,19,0
0.333,0.2,0,1.294,303.08,285.82,168,0.915,19,0.2,0.0,0.12,0,1.333,36.7,0,1.0,0,0,0,0.0,0.0,392.25,392.25,0,1,0,0,0.89,0.33,0.21,0.2,0.0,0.4475,285.82,19,19,1
0.667,0.4,1,2.308,211.91,53.2,426,0.368,30,0.4,0.0,0.03,0,2.667,63.3,0,0.0,0,0,0,3.06,53.27,489.09,489.09,0,2,0,1,0.35,0.67,0.08,0.4,0.5,0.562,53.2,30,30,1
0.0,0.3333,0,1.264,343.26,419.7,573,0.446,16,0.3333,0.0,0.07,0,-3.333,0.0,0,1.0,0,0,0,9.186,0.0,434.0,434.0,0,2,0,0,0.31,0.0,0.07,0.3333,0.0,0.6183,419.7,16,16,1
1.333,0.5455,2,0.278,252.13,258.36,153,1.654,26,0.5455,0.0,0.07,0,7.879,100.0,0,0.667,0,0,0,0.0,450.3,70.21,70.21,1,3,1,2,2.16,1.33,0.5,0.5455,0.6667,0.5842,258.36,26,26,1
0.0,0.0,0,1.055,259.45,0.0,457,0.626,15,0.0,0.0,0.07,0,0.0,10.0,0,0.0,0,0,0,3.561,0.0,273.84,273.84,0,2,0,0,0.59,0.0,0.14,0.0,0.0,0.1173,0.0,15,15,0
0.333,0.3333,0,0.702,382.83,395.6,92,0.572,24,0.3333,0.3333,0.1,0,0.0,10.0,0,1.0,0,0,0,0.0,0.0,268.73,268.73,0,1,0,0,0.98,0.33,0.23,0.3333,0.0,0.5784,395.6,24,24,1
0.0,0.0,0,0.217,255.16,0.0,302,0.463,15,0.0,0.0,0.2,0,0.0,10.0,0,0.0,0,0,0,2.24,0.0,55.38,55.38,1,3,0,0,0.6,0.0,0.14,0.0,0.0,0.0362,0.0,15,15,0
0.333,0.25,0,1.081,262.2,338.34,428,0.628,4,0.25,0.0,0.12,0,0.833,26.7,0,1.0,0,0,0,0.0,0.0,283.32,283.32,1,2,0,0,0.56,0.33,0.13,0.25,0.0,0.4577,338.34,4,4,1
0.0,0.0,0,0.157,296.64,0.0,165,1.023,12,0.0,0.0,0.2,0,0.0,10.0,0,0.0,0,0,0,2.433,0.0,46.69,46.69,0,2,0,0,1.09,0.0,0.25,0.0,0.0,0.0262,0.0,12,12,0
0.0,0.0,0,0.489,202.04,0.0,35,4.206,21,0.0,0.0,0.08,0,0.0,10.0,0,0.0,0,0,0,0.642,0.0,98.74,98.74,1,5,0,0,4.29,0.0,0.99,0.0,0.0,0.0977,0.0,21,21,0
0.0,0.0,0,0.964,366.5,0.0,339,0.478,11,0.0,0.0,0.2,0,0.0,10.0,0,0.0,0,0,0,2.215,0.0,353.42,353.42,0,1,0,0,0.44,0.0,0.1,0.0,0.0,0.1929,0.0,11,11,0
0.0,0.0,0,1.324,213.71,0.0,90,1.633,10,0.0,0.0,0.03,0,0.0,10.0,0,0.0,0,0,0,0.0,0.0,282.85,282.85,2,3,0,0,2.0,0.0,0.46,0.0,0.0,0.2206,0.0,10,10,1
0.0,0.0,0,0.149,219.51,0.0,15,18.0,2,0.0,0.0,0.2,0,0.0,10.0,0,0.0,0,0,1,1.0,0.0,32.77,32.77,5,9,0,0,18.0,0.0,4.16,0.0,0.0,0.0166,0.0,2,2,0
0.0,0.0,0,1.358,267.75,0.0,570,0.494,8,0.0,0.0,0.12,0,0.0,10.0,0,0.0,0,0,0,2.137,0.0,363.67,363.67,0,1,0,0,0.47,0.0,0.11,0.0,0.0,0.1509,0.0,8,8,0
0.0,0.0,0,0.273,225.28,0.0,141,1.24,20,0.0,0.0,0.2,0,0.0,10.0,0,0.0,0,0,0,0.785,0.0,61.39,61.39,0,3,0,0,1.7,0.0,0.39,0.0,0.0,0.0341,0.0,20,20,0
0.0,0.0,0,1.657,220.64,0.0,246,0.63,7,0.0,0.0,0.2,0,0.0,10.0,0,0.0,0,0,0,0.0,0.0,365.69,365.69,1,1,0,0,0.49,0.0,0.11,0.0,0.0,0.4143,0.0,7,7,0
0.667,0.4,1,1.072,242.25,210.09,97,1.024,26,0.4,0.5,0.07,0,2.667,63.3,0,0.5,0,0,0,0.975,42.43,259.73,259.73,0,1,0,1,1.55,0.67,0.36,0.4,1.0,0.5613,210.09,26,26,1
1.0,0.7143,2,0.785,282.51,273.14,193,0.991,6,0.7143,0.0,0.12,0,2.857,67.1,0,0.6,0,0,0,0.0,259.58,221.88,221.88,1,2,1,2,1.09,1.0,0.25,0.7143,1.0,0.8028,273.14,6,6,1
0.333,0.3333,1,1.677,234.82,129.09,200,0.393,2,0.3333,0.0,0.2,0,0.0,10.0,0,0.0,0,0,0,0.0,129.09,393.79,393.79,1,2,0,1,0.45,0.33,0.1,0.3333,0.5,0.7423,129.09,2,2,1
0.667,0.2857,1,0.391,238.45,129.42,172,1.216,27,0.2857,0.0,0.08,0,3.81,86.2,0,0.0,0,0,0,0.0,178.27,93.22,93.22,0,1,0,1,1.22,0.67,0.28,0.2857,1.0,0.2109,129.42,27,27,1
0.0,0.0,0,0.591,247.68,0.0,564,0.488,17,0.0,0.0,0.12,0,0.0,10.0,0,0.0,1,0,0,2.126,0.0,146.41,146.41,0,2,0,0,0.48,0.0,0.11,0.0,0.0,0.0657,0.0,17,17,0
0.0,0.0,0,1.674,285.77,0.0,439,0.709,8,0.0,0.0,0.12,0,0.0,10.0,0,0.0,0,0,0,0.0,0.0,478.33,478.33,1,2,0,0,0.96,0.0,0.22,0.0,0.0,0.1196,0.0,8,8,0
0.0,0.75,0,1.057,403.33,395.68,349,0.659,5,0.75,0.6667,0.2,1,-7.5,0.0,0,1.0,0,0,0,0.0,0.0,426.28,426.28,1,1,0,0,0.34,0.0,0.08,0.75,0.0,1.0,395.68,5,5,1
0.0,0.0,0,1.0,417.57,0.0,92,0.659,18,0.0,0.0,0.12,1,0.0,10.0,0,0.0,0,0,0,0.0,0.0,417.57,417.57,0,1,0,0,0.33,0.0,0.08,0.0,0.0,1.0,0.0,18,18,1
0.667,0.2222,2,1.269,224.22,154.35,90,2.744,1,0.2222,0.3333,0.12,1,4.444,98.9,0,0.5,0,0,0,1.117,308.7,284.62,284.62,3,5,1,2,3.0,0.67,0.69,0.2222,0.4,0.294,154.35,1,1,1
0.0,0.1818,0,0.284,262.63,224.63,514,0.612,28,0.1818,0.5,0.12,0,-1.818,0.0,0,0.5,0,0,0,0.0,0.0,74.58,74.58,0,1,0,0,0.64,0.0,0.15,0.1818,0.0,0.1813,224.63,28,28,0
0.667,0.2857,0,1.397,343.96,336.76,100,1.419,12,0.2857,0.0,0.2,0,3.81,86.2,0,1.0,0,0,0,0.682,0.0,480.67,480.67,1,2,0,0,2.1,0.67,0.48,0.2857,0.0,0.4794,336.76,12,12,1
0.0,0.0,0,1.602,229.82,0.0,203,0.927,2,0.0,0.0,0.08,0,0.0,10.0,0,0.0,0,0,0,0.0,0.0,368.17,368.17,3,3,0,0,0.89,0.0,0.2,0.0,0.0,0.267,0.0,2,2,1
0.0,0.6667,0,1.378,210.52,170.74,631,0.095,2,0.6667,0.0,0.05,0,-6.667,0.0,0,0.5,0,0,0,0.0,0.0,290.09,290.09,1,1,0,0,0.14,0.0,0.03,0.6667,0.0,1.0,170.74,2,2,1
0.0,0.0,0,1.296,342.0,0.0,428,0.359,22,0.0,0.0,0.2,0,0.0,10.0,0,0.0,0,0,0,0.0,0.0,443.37,443.37,0,1,0,0,0.35,0.0,0.08,0.0,0.0,0.2593,0.0,22,22,0
0.333,0.2,1,0.323,328.9,404.85,38,1.883,8,0.2,0.0,0.08,1,1.333,36.7,0,1.0,0,0,0,0.495,404.85,106.19,106.19,0,5,0,1,3.95,0.33,0.91,0.2,0.2,0.3108,404.85,8,8,1
0.0,0.0,0,2.104,198.72,0.0,266,0.747,11,0.0,0.0,0.12,0,0.0,10.0,0,0.0,0,0,0,4.92,0.0,418.03,418.03,0,2,0,0,0.68,0.0,0.16,0.0,0.0,0.3506,0.0,11,11,0
0.0,0.0,0,1.0,173.54,0.0,85,0.366,13,0.0,0.0,0.08,0,0.0,10.0,0,0.0,0,0,0,0.0,0.0,173.54,173.54,0,1,0,0,0.35,0.0,0.08,0.0,0.0,1.0,0.0,13,13,1
0.0,0.0,0,0.897,239.26,0.0,244,0.435,29,0.0,0.0,0.03,0,0.0,10.0,0,0.0,0,0,0,0.0,0.0,214.6,214.6,0,1,0,0,0.37,0.0,0.09,0.0,0.0,0.299,0.0,29,29,0
0.667,0.6364,1,1.45,222.05,231.62,430,0.767,6,0.6364,0.5,0.2,0,0.303,16.1,0,0.429,0,0,0,5.0,355.45,321.86,321.86,1,3,1,1,0.77,0.67,0.18,0.6364,0.3333,0.7956,231.62,6,6,1
0.333,0.25,0,1.806,161.27,133.43,430,0.381,28,0.25,0.0,0.03,0,0.833,26.7,0,0.0,0,0,0,0.0,0.0,291.18,291.18,1,2,0,0,0.28,0.33,0.06,0.25,0.0,0.6582,133.43,28,28,1
0.0,0.0,0,1.507,206.32,0.0,412,0.294,20,0.0,0.0,0.2,0,0.0,10.0,0,0.0,0,0,0,0.0,0.0,310.88,310.88,1,2,0,0,0.29,0.0,0.07,0.0,0.0,0.3767,0.0,20,20,0
0.333,0.25,0,1.193,282.95,341.92,662,0.504,27,0.25,0.0,0.1,0,0.833,26.7,0,1.0,0,0,0,0.0,0.0,337.61,337.61,0,2,0,0,0.54,0.33,0.13,0.25,0.0,0.4015,341.92,27,27,1
0.0,0.25,0,1.007,289.77,310.97,147,0.578,23,0.25,0.5,0.03,1,-2.5,0.0,0,1.0,0,0,0,1.781,0.0,291.88,291.88,0,1,0,0,0.82,0.0,0.19,0.25,0.0,0.5201,310.97,23,23,1
0.0,0.0,0,1.0,358.9,0.0,43,0.474,27,0.0,0.0,0.1,0,0.0,10.0,0,0.0,0,0,0,0.0,0.0,358.9,358.9,0,1,0,0,0.7,0.0,0.16,0.0,0.0,1.0,0.0,27,27,0
0.0,0.0,0,1.51,171.15,0.0,374,0.222,26,0.0,0.0,0.12,0,0.0,10.0,0,0.0,0,0,0,0.0,0.0,258.38,258.38,0,1,0,0,0.48,0.0,0.11,0.0,0.0,0.2516,0.0,26,26,0
0.667,0.5,0,0.631,274.77,287.93,609,0.676,20,0.5,0.5,0.07,0,1.667,43.3,0,0.714,0,0,0,1.515,0.0,173.42,173.42,0,3,0,0,0.69,0.67,0.16,0.5,0.0,0.569,287.93,20,20,1
0.0,0.0,0,1.189,349.78,0.0,84,5.0,9,0.0,0.0,0.2,0,0.0,10.0,0,0.0,0,0,0,1.0,0.0,415.83,415.83,2,5,0,0,5.0,0.0,1.15,0.0,0.0,0.0849,0.0,9,9,0
0.0,0.0,0,0.367,264.41,0.0,59,0.98,12,0.0,0.0,0.12,0,0.0,10.0,0,0.0,0,0,0,2.389,0.0,97.01,97.01,2,4,0,0,2.03,0.0,0.47,0.0,0.0,0.0917,0.0,12,12,0
0.0,0.0,0,1.733,251.32,0.0,340,0.398,23,0.0,0.0,0.08,0,0.0,10.0,0,0.0,0,0,0,0.0,0.0,435.49,435.49,0,1,0,0,0.35,0.0,0.08,0.0,0.0,0.4332,0.0,23,23,1
0.0,0.0,0,1.477,336.56,0.0,501,0.302,5,0.0,0.0,0.05,0,0.0,10.0,0,0.0,0,0,0,8.017,0.0,496.99,496.99,1,1,0,0,0.24,0.0,0.06,0.0,0.0,0.3692,0.0,5,5,0
0.0,0.375,0,1.29,352.36,382.71,582,0.378,6,0.375,0.0,0.07,0,-3.75,0.0,0,1.0,0,0,0,2.85,0.0,454.5,454.5,1,1,0,0,0.41,0.0,0.1,0.375,0.0,0.5685,382.71,6,6,1
0.0,0.0,0,1.546,273.53,0.0,70,0.624,12,0.0,0.0,0.03,0,0.0,10.0,0,0.0,0,0,0,0.0,0.0,422.93,422.93,0,1,0,0,1.29,0.0,0.3,0.0,0.0,0.5154,0.0,12,12,1
0.0,0.125,0,1.556,295.14,379.69,165,1.455,12,0.125,0.0,0.1,0,-1.25,0.0,0,1.0,0,0,0,0.643,0.0,459.19,459.19,0,1,0,0,1.45,0.0,0.34,0.125,0.0,0.3553,379.69,12,12,0
0.333,0.25,1,1.509,289.02,166.99,26,3.636,6,0.25,0.0,0.1,1,0.833,26.7,0,0.0,0,0,1,1.2,166.99,436.22,436.22,1,4,0,1,4.62,0.33,1.07,0.25,0.25,0.5218,166.99,6,6,1
0.0,0.0,0,1.0,24.41,0.0,283,0.211,3,0.0,0.0,0.2,0,0.0,10.0,0,0.0,1,0,0,0.0,0.0,24.41,24.41,1,1,0,0,0.11,0.0,0.02,0.0,0.0,1.0,0.0,3,3,0
0.333,0.0909,1,1.904,185.85,267.89,118,2.695,22,0.0909,0.0,0.2,0,2.424,58.5,0,1.0,0,0,0,0.703,267.89,353.85,353.85,1,5,0,1,2.8,0.33,0.65,0.0909,0.2,0.3041,267.89,22,22,0
1.0,0.6667,1,2.268,207.16,138.65,222,0.521,1,0.6667,0.6667,0.2,0,3.333,76.7,0,0.0,1,0,0,0.0,194.17,469.8,469.8,1,2,0,1,0.81,1.0,0.19,0.6667,0.5,0.8242,138.65,1,1,1
0.333,0.2,0,1.893,259.88,266.9,626,0.504,28,0.2,0.5,0.12,0,1.333,36.7,0,1.0,0,0,0,0.0,0.0,491.97,491.97,0,2,0,0,0.48,0.33,0.11,0.2,0.0,0.3947,266.9,28,28,1
0.333,0.5,1,1.091,123.84,112.59,351,0.115,18,0.5,0.5,0.08,0,-1.667,0.0,0,0.0,0,0,0,0.0,112.59,135.09,135.09,0,1,1,1,0.17,0.33,0.04,0.5,1.0,1.0,112.59,18,18,1
0.333,0.3333,1,0.694,365.87,392.59,23,2.727,1,0.3333,0.0,0.08,0,0.0,10.0,0,1.0,1,0,1,0.692,392.59,253.94,253.94,2,3,0,1,3.91,0.33,0.9,0.3333,0.3333,0.589,392.59,1,1,1
0.0,0.2857,0,0.991,333.13,274.36,458,0.454,5,0.2857,0.0,0.08,0,-2.857,0.0,0,0.5,0,0,0,2.406,0.0,329.98,329.98,1,1,0,0,0.46,0.0,0.11,0.2857,0.0,0.3768,274.36,5,5,1
1.333,0.5714,4,0.196,243.84,299.04,53,4.118,30,0.5714,0.0,0.2,1,7.619,100.0,0,0.75,0,1,0,1.8,1196.16,47.7,47.7,0,4,1,4,3.96,1.33,0.92,0.5714,1.0,0.7287,299.04,30,30,1
0.0,0.0,0,0.657,179.33,0.0,186,0.333,2,0.0,0.0,0.2,0,0.0,10.0,0,0.0,0,0,0,7.667,0.0,117.82,117.82,1,2,0,0,0.48,0.0,0.11,0.0,0.0,0.219,0.0,2,2,1
0.0,0.0,0,0.648,230.08,0.0,171,0.627,18,0.0,0.0,0.2,0,0.0,10.0,0,0.0,0,0,0,0.0,0.0,149.09,149.09,0,1,0,0,0.35,0.0,0.08,0.0,0.0,0.324,0.0,18,18,0
0.667,0.3333,2,0.59,255.38,208.49,22,6.207,19,0.3333,0.3333,0.12,0,3.333,76.7,0,1.0,0,0,1,0.667,416.98,150.63,150.63,1,6,1,2,8.18,0.67,1.89,0.3333,0.3333,0.3704,208.49,19,19,0
0.0,0.0,0,0.676,306.54,0.0,83,0.449,17,0.0,0.0,0.07,0,0.0,10.0,0,0.0,0,0,0,0.0,0.0,207.08,207.08,0,1,0,0,0.72,0.0,0.17,0.0,0.0,0.3378,0.0,17,17,0
0.0,0.1429,0,1.036,305.73,34.25,635,0.242,1,0.1429,0.0,0.1,1,-1.429,0.0,0,0.0,0,0,0,0.0,0.0,316.79,316.79,1,1,0,0,0.33,0.0,0.08,0.1429,0.0,0.164,34.25,1,1,1
1.0,0.4615,2,1.65,267.23,269.83,230,1.654,18,0.4615,0.25,0.12,0,5.385,100.0,0,0.833,0,0,0,0.0,761.63,440.8,440.8,0,3,0,2,1.7,1.0,0.39,0.4615,0.6667,0.5929,269.83,18,18,1
0.0,0.0,0,0.532,195.75,0.0,33,1.338,16,0.0,0.0,0.2,0,0.0,10.0,0,0.0,0,0,0,0.728,0.0,104.09,104.09,0,3,0,0,2.73,0.0,0.63,0.0,0.0,0.1772,0.0,16,16,1
0.0,0.5,0,0.794,338.52,369.61,930,0.323,23,0.5,0.5,0.1,0,-5.0,0.0,0,1.0,0,0,0,3.333,0.0,268.67,268.67,0,1,0,0,0.32,0.0,0.07,0.5,0.0,0.6253,369.61,23,23,1
0.0,0.0,0,1.798,271.96,0.0,918,0.185,3,0.0,0.0,0.07,0,0.0,10.0,0,0.0,1,0,0,0.0,0.0,489.05,489.05,1,1,0,0,0.13,0.0,0.03,0.0,0.0,0.4496,0.0,3,3,0
0.333,0.3333,0,0.492,365.07,474.36,239,0.405,12,0.3333,0.5,0.2,1,0.0,10.0,0,1.0,0,0,0,6.256,0.0,179.71,179.71,0,1,0,0,0.38,0.33,0.09,0.3333,0.0,0.5972,474.36,12,12,1
0.333,0.5,1,1.155,252.78,213.7,463,0.123,26,0.5,0.0,0.1,1,-1.667,0.0,0,1.0,0,0,0,0.0,213.7,291.87,291.87,0,1,0,1,0.13,0.33,0.03,0.5,1.0,1.0,213.7,26,26,1
0.333,0.125,0,1.302,321.3,410.82,140,1.495,19,0.125,0.0,0.1,0,2.083,51.7,0,1.0,0,0,0,1.394,0.0,418.32,418.32,1,2,0,0,1.71,0.33,0.4,0.125,0.0,0.3226,410.82,19,19,0
1.0,0.6,0,1.327,368.66,288.49,577,0.245,8,0.6,0.0,0.07,0,4.0,90.0,0,0.667,0,0,0,0.0,0.0,489.15,489.15,0,1,0,0,0.26,1.0,0.06,0.6,0.0,0.7349,288.49,8,8,1
0.333,0.5,1,1.337,296.14,403.33,359,0.659,4,0.5,0.5,0.12,1,-1.667,0.0,0,1.0,1,0,0,0.0,426.28,395.97,395.97,4,5,0,1,0.67,0.33,0.15,0.5,0.2,0.8481,403.33,4,4,1
0.0,0.0,0,1.0,176.71,0.0,53,0.34,29,0.0,0.0,0.12,0,0.0,10.0,0,0.0,0,0,0,0.0,0.0,176.71,176.71,0,1,0,0,0.57,0.0,0.13,0.0,0.0,1.0,0.0,29,29,0
0.0,0.0,0,1.117,346.48,0.0,240,0.272,4,0.0,0.0,0.12,0,0.0,10.0,0,0.0,0,0,0,0.0,0.0,386.91,386.91,1,1,0,0,0.38,0.0,0.09,0.0,0.0,0.3722,0.0,4,4,0
0.667,0.2,0,0.358,218.53,80.36,162,1.758,25,0.2,0.0,0.12,0,4.667,100.0,0,0.0,1,0,0,0.538,0.0,78.13,78.13,1,2,0,0,1.85,0.67,0.43,0.2,0.0,0.1093,80.36,25,25,1
0.0,0.0,0,0.548,224.75,0.0,516,0.4,11,0.0,0.0,0.08,0,0.0,10.0,0,0.0,0,0,0,0.0,0.0,123.25,123.25,0,2,0,0,0.29,0.0,0.07,0.0,0.0,0.1097,0.0,11,11,0
0.0,0.0,0,1.464,101.21,0.0,28,2.308,25,0.0,0.0,0.08,0,0.0,10.0,0,0.0,0,0,1,0.339,0.0,148.15,148.15,0,2,0,0,2.14,0.0,0.49,0.0,0.0,0.7319,0.0,25,25,1
0.0,0.1667,0,1.494,258.72,452.57,244,0.507,14,0.1667,0.0,0.07,0,-1.667,0.0,0,1.0,0,0,0,7.15,0.0,386.45,386.45,0,1,0,0,0.74,0.0,0.17,0.1667,0.0,0.5405,452.57,14,14,0
0.333,0.4,0,0.62,290.61,320.88,392,0.338,15,0.4,0.0,0.07,1,-0.667,0.0,0,0.5,0,0,0,0.0,0.0,180.11,180.11,0,1,0,0,0.38,0.33,0.09,0.4,0.0,0.5656,320.88,15,15,1
0.333,0.0909,0,0.557,275.92,493.55,123,2.378,14,0.0909,0.5,0.2,0,2.424,58.5,0,1.0,0,0,0,0.812,0.0,153.8,153.8,0,5,0,0,2.68,0.33,0.62,0.0909,0.0,0.2133,493.55,14,14,0
0.0,0.0833,0,0.458,240.3,425.54,137,2.628,28,0.0833,0.0,0.1,0,-0.833,0.0,0,1.0,0,0,0,0.324,0.0,110.0,110.0,0,1,0,0,2.63,0.0,0.61,0.0833,0.0,0.1857,425.54,28,28,0
0.667,0.5,0,1.387,280.59,270.16,96,1.741,26,0.5,0.5,0.03,1,1.667,43.3,0,0.5,0,0,0,1.94,0.0,389.25,389.25,0,2,0,0,1.25,0.67,0.29,0.5,0.0,0.8282,270.16,26,26,1
0.333,0.125,1,1.319,278.06,420.81,20,8.125,7,0.125,0.0,0.07,0,2.083,51.7,0,1.0,0,0,1,0.375,420.81,366.88,366.88,1,8,1,1,12.0,0.33,2.77,0.125,0.125,0.3541,420.81,7,7,1
0.0,0.0,0,2.059,196.63,0.0,53,1.698,24,0.0,0.0,0.2,0,0.0,10.0,0,0.0,0,0,0,1.533,0.0,404.78,404.78,0,2,0,0,1.7,0.0,0.39,0.0,0.0,0.6862,0.0,24,24,0
0.0,0.1429,0,1.572,205.97,210.1,546,0.504,20,0.1429,0.0,0.07,0,-1.429,0.0,0,1.0,0,0,0,0.0,0.0,323.7,323.7,0,2,0,0,0.38,0.0,0.09,0.1429,0.0,0.3702,210.1,20,20,1
0.0,0.5,0,0.729,334.14,424.68,313,0.157,29,0.5,0.5,0.2,0,-5.0,0.0,0,1.0,0,0,0,0.0,0.0,243.6,243.6,0,1,0,0,0.19,0.0,0.04,0.5,0.0,1.0,424.68,29,29,0
0.0,0.0,0,1.512,271.66,0.0,62,1.495,21,0.0,0.0,0.05,0,0.0,10.0,0,0.0,0,0,0,1.394,0.0,410.82,410.82,1,2,0,0,1.45,0.0,0.34,0.0,0.0,0.5041,0.0,21,21,0
0.333,0.6,0,1.639,204.16,201.63,726,0.394,7,0.6,0.3333,0.03,0,-2.667,0.0,0,0.5,0,0,0,0.0,0.0,334.63,334.63,1,1,0,0,0.41,0.33,0.1,0.6,0.0,0.7565,201.63,7,7,1
0.0,0.0833,0,0.961,237.72,23.64,543,0.595,1,0.0833,0.0,0.07,0,-0.833,0.0,0,0.0,0,0,0,0.0,0.0,228.41,228.41,1,4,0,0,0.66,0.0,0.15,0.0833,0.0,0.0884,23.64,1,1,0
0.0,0.0,0,0.836,260.07,0.0,526,0.159,5,0.0,0.0,0.1,0,0.0,10.0,0,0.0,0,0,0,0.0,0.0,217.32,217.32,1,1,0,0,0.17,0.0,0.04,0.0,0.0,0.2785,0.0,5,5,0
0.667,0.3333,2,0.374,266.16,331.92,34,2.868,20,0.3333,0.0,0.2,0,3.333,76.7,1,0.5,0,0,0,1.06,663.83,99.59,99.59,1,5,2,2,5.29,0.67,1.22,0.3333,0.4,0.478,331.92,20,20,1
0.0,0.0,0,0.231,228.61,0.0,243,0.595,23,0.0,0.0,0.03,0,0.0,10.0,0,0.0,0,0,0,4.038,0.0,52.72,52.72,0,1,0,0,0.37,0.0,0.09,0.0,0.0,0.0769,0.0,23,23,0
0.0,0.0,0,3.091,157.4,0.0,14,6.111,2,0.0,0.0,0.2,1,0.0,10.0,0,0.0,0,0,1,0.667,0.0,486.57,486.57,4,4,0,0,8.57,0.0,1.98,0.0,0.0,0.7728,0.0,2,2,1
0.0,0.1429,0,0.832,242.14,163.43,611,0.262,8,0.1429,0.0,0.07,0,-1.429,0.0,0,0.0,0,0,0,0.0,0.0,201.53,201.53,0,1,0,0,0.34,0.0,0.08,0.1429,0.0,0.2153,163.43,8,8,0
0.0,0.0,0,1.303,211.72,0.0,492,0.251,2,0.0,0.0,0.12,0,0.0,10.0,0,0.0,0,0,0,0.0,0.0,275.97,275.97,1,1,0,0,0.37,0.0,0.08,0.0,0.0,0.2172,0.0,2,2,0
0.0,0.0,0,0.299,265.04,0.0,666,0.485,14,0.0,0.0,0.2,0,0.0,10.0,0,0.0,0,0,0,0.0,0.0,79.37,79.37,0,2,0,0,0.63,0.0,0.15,0.0,0.0,0.0214,0.0,14,14,0
0.333,0.3333,1,1.073,344.13,181.05,22,2.143,12,0.3333,0.0,0.1,0,0.0,10.0,0,0.0,0,0,1,0.0,181.05,369.42,369.42,0,3,0,1,4.09,0.33,0.94,0.3333,0.3333,0.5332,181.05,12,12,0
0.0,0.3333,0,1.353,282.87,213.01,170,0.558,18,0.3333,0.0,0.2,0,-3.333,0.0,0,1.0,0,0,0,0.0,0.0,382.6,382.6,0,1,0,0,0.53,0.0,0.12,0.3333,0.0,0.7019,213.01,18,18,0
0.0,0.1111,0,1.862,229.53,201.91,532,0.574,24,0.1111,0.0,0.12,0,-1.111,0.0,0,1.0,0,0,0,0.0,0.0,427.37,427.37,0,1,0,0,0.51,0.0,0.12,0.1111,0.0,0.3046,201.91,24,24,0
1.0,0.2,3,0.159,241.31,263.57,43,10.465,13,0.2,0.25,0.2,0,8.0,100.0,1,1.0,0,0,0,0.867,790.71,38.43,38.43,3,10,3,3,10.47,1.0,2.42,0.2,0.3,0.2291,263.57,13,13,0
0.333,0.3333,0,1.67,287.18,256.31,160,0.428,15,0.3333,0.0,0.07,1,0.0,10.0,0,1.0,1,0,0,2.45,0.0,479.57,479.57,0,1,0,0,0.56,0.33,0.13,0.3333,0.0,0.8541,256.31,15,15,1
0.333,0.25,0,1.036,192.25,140.33,115,0.955,10,0.25,0.0,0.07,0,0.833,26.7,0,0.0,0,0,0,0.0,0.0,199.11,199.11,1,3,0,0,1.04,0.33,0.24,0.25,0.0,0.4414,140.33,10,10,1
0.667,0.5455,0,1.765,272.79,240.0,512,0.637,20,0.5455,0.5,0.1,0,1.212,34.2,0,0.5,0,0,0,1.61,0.0,481.36,481.36,0,1,0,0,0.64,0.67,0.15,0.5455,0.0,0.6403,240.0,20,20,1
0.0,0.0,0,1.238,365.78,0.0,104,0.659,29,0.0,0.0,0.1,0,0.0,10.0,0,0.0,1,0,0,0.0,0.0,452.98,452.98,1,2,0,0,0.58,0.0,0.13,0.0,0.0,0.6192,0.0,29,29,0
0.0,0.0,0,1.621,219.54,0.0,58,0.579,14,0.0,0.0,0.2,0,0.0,10.0,0,0.0,0,0,0,0.0,0.0,355.82,355.82,0,1,0,0,1.03,0.0,0.24,0.0,0.0,0.8104,0.0,14,14,1
0.0,0.0,0,1.498,227.16,0.0,726,0.38,10,0.0,0.0,0.05,0,0.0,10.0,0,0.0,0,0,0,0.0,0.0,340.33,340.33,0,1,0,0,0.37,0.0,0.09,0.0,0.0,0.1665,0.0,10,10,0
0.0,0.75,0,0.638,247.3,277.11,302,0.812,29,0.75,0.0,0.07,0,-7.5,0.0,0,1.0,0,0,0,1.25,0.0,157.87,157.87,0,1,0,0,0.4,0.0,0.09,0.75,0.0,1.0,277.11,29,29,1
0.333,0.5,0,1.415,120.06,70.21,389,0.149,19,0.5,0.0,0.07,1,-1.667,0.0,0,0.0,0,0,0,0.0,0.0,169.91,169.91,0,1,0,0,0.15,0.33,0.04,0.5,0.0,1.0,70.21,19,19,1
0.0,0.0,0,0.855,306.47,0.0,99,4.242,5,0.0,0.0,0.2,0,0.0,10.0,0,0.0,0,0,0,1.725,0.0,262.14,262.14,2,6,0,0,4.24,0.0,0.98,0.0,0.0,0.0611,0.0,5,5,0
0.0,0.25,0,0.117,205.65,132.28,330,0.285,10,0.25,0.0,0.03,0,-2.5,0.0,0,0.0,0,0,0,0.0,0.0,24.14,24.14,1,3,0,0,0.36,0.0,0.08,0.25,0.0,0.1902,132.28,10,10,1
0.0,0.0,0,0.132,280.77,0.0,27,15.556,1,0.0,0.0,0.2,0,0.0,10.0,0,0.0,0,0,1,1.0,0.0,37.18,37.18,6,14,0,0,15.56,0.0,3.59,0.0,0.0,0.0095,0.0,1,1,0
0.0,0.0,0,0.732,247.6,0.0,19,1.748,6,0.0,0.0,0.12,0,0.0,10.0,0,0.0,0,0,1,0.0,0.0,181.26,181.26,2,2,0,0,3.16,0.0,0.73,0.0,0.0,0.366,0.0,6,6,0
0.0,0.5,0,1.126,376.48,328.96,115,0.299,21,0.5,0.0,0.2,0,-5.0,0.0,0,1.0,0,0,0,0.0,0.0,423.99,423.99,0,1,0,0,0.52,0.0,0.12,0.5,0.0,1.0,328.96,21,21,0
0.0,0.0,0,1.381,152.16,0.0,101,0.135,17,0.0,0.0,0.12,0,0.0,10.0,0,0.0,1,0,0,0.0,0.0,210.11,210.11,1,2,0,0,0.59,0.0,0.14,0.0,0.0,0.6904,0.0,17,17,0
0.333,0.5,0,0.702,338.92,440.02,194,0.605,11,0.5,0.0,0.12,0,-1.667,0.0,0,1.0,0,0,0,1.708,0.0,237.81,237.81,0,1,0,0,0.31,0.33,0.07,0.5,0.0,1.0,440.02,11,11,1
0.0,0.0,0,0.285,178.58,0.0,50,0.257,29,0.0,0.0,0.07,0,0.0,10.0,0,0.0,0,0,0,0.0,0.0,50.93,50.93,0,2,0,0,1.2,0.0,0.28,0.0,0.0,0.1426,0.0,29,29,1
0.333,0.3333,1,0.432,335.57,363.94,554,0.315,5,0.3333,0.0,0.2,0,0.0,10.0,0,1.0,0,0,0,3.613,414.44,144.9,144.9,1,1,0,1,0.32,0.33,0.08,0.3333,1.0,0.4335,363.94,5,5,1
0.0,0.0,0,0.46,226.72,0.0,70,2.364,3,0.0,0.0,0.03,0,0.0,10.0,0,0.0,1,0,0,2.0,0.0,104.39,104.39,1,2,0,0,1.71,0.0,0.4,0.0,0.0,0.1151,0.0,3,3,0
1.0,0.375,3,2.196,197.45,218.31,44,4.918,27,0.375,0.0,0.12,1,6.25,100.0,0,0.667,0,0,0,0.443,654.93,433.54,433.54,1,4,0,3,5.45,1.0,1.26,0.375,0.75,0.6891,218.31,27,27,1
0.0,0.0,0,0.686,297.48,0.0,484,0.772,3,0.0,0.0,0.03,0,0.0,10.0,0,0.0,1,0,0,2.879,0.0,204.18,204.18,2,4,0,0,0.81,0.0,0.19,0.0,0.0,0.0528,0.0,3,3,0
0.667,0.2857,0,1.828,235.4,238.99,77,2.177,14,0.2857,0.0,0.08,0,3.81,86.2,0,1.0,0,0,0,0.895,0.0,430.34,430.34,1,4,0,0,2.73,0.67,0.63,0.2857,0.0,0.5512,238.99,14,14,1
0.333,0.3333,0,0.522,366.44,311.02,622,0.508,17,0.3333,0.5,0.12,0,0.0,10.0,0,1.0,0,0,0,0.0,0.0,191.46,191.46,0,1,0,0,0.58,0.33,0.13,0.3333,0.0,0.3265,311.02,17,17,1
0.333,0.25,1,1.125,109.43,21.39,81,1.351,7,0.25,0.0,0.05,0,0.833,26.7,0,0.0,0,0,0,0.721,21.39,123.09,123.09,1,3,0,1,1.48,0.33,0.34,0.25,0.3333,0.3301,21.39,7,7,1
0.0,0.2,0,1.915,240.83,144.02,666,0.212,1,0.2,0.0,0.1,0,-2.0,0.0,0,0.0,1,0,0,0.0,0.0,461.25,461.25,1,1,0,0,0.23,0.0,0.05,0.2,0.0,0.5027,144.02,1,1,0
2.333,0.6154,2,0.713,320.51,357.89,126,3.095,10,0.6154,0.0,0.08,0,17.179,100.0,0,0.75,0,0,0,1.422,465.41,228.48,228.48,1,4,1,2,3.1,2.33,0.71,0.6154,0.5,0.742,357.89,10,10,1
0.0,0.0,0,2.055,208.45,0.0,118,2.364,5,0.0,0.0,0.03,0,0.0,10.0,0,0.0,0,0,0,0.818,0.0,428.4,428.4,2,4,0,0,2.29,0.0,0.53,0.0,0.0,0.2284,0.0,5,5,0
0.0,0.0,0,1.0,189.73,0.0,22,4.648,6,0.0,0.0,0.07,0,0.0,10.0,0,0.0,0,0,1,1.64,0.0,189.73,189.73,1,1,0,0,1.36,0.0,0.31,0.0,0.0,1.0,0.0,6,6,1
0.0,0.0,0,1.0,217.37,0.0,20,0.091,8,0.0,0.0,0.03,0,0.0,10.0,0,0.0,0,0,1,0.0,0.0,217.37,217.37,0,1,0,0,1.5,0.0,0.35,0.0,0.0,1.0,0.0,8,8,1
1.0,0.375,1,1.695,198.69,162.33,101,2.376,27,0.375,0.0,0.05,0,6.25,100.0,0,0.333,0,0,0,0.338,190.51,336.78,336.78,0,1,0,1,2.38,1.0,0.55,0.375,1.0,0.5183,162.33,27,27,1
0.0,0.1429,0,1.105,267.17,403.88,536,0.357,21,0.1429,0.0,0.12,0,-1.429,0.0,0,1.0,0,0,0,3.057,0.0,295.23,295.23,0,1,0,0,0.39,0.0,0.09,0.1429,0.0,0.3738,403.88,21,21,1
0.0,0.125,0,0.62,332.42,494.09,686,0.356,4,0.125,0.3333,0.12,0,-1.25,0.0,0,1.0,0,0,0,0.0,0.0,206.22,206.22,1,1,0,0,0.35,0.0,0.08,0.125,0.0,0.2633,494.09,4,4,0
0.0,0.0,0,0.396,188.03,0.0,350,0.231,19,0.0,0.0,0.12,0,0.0,10.0,0,0.0,0,0,0,0.0,0.0,74.41,74.41,0,2,0,0,0.26,0.0,0.06,0.0,0.0,0.1319,0.0,19,19,0
0.0,0.4286,0,0.091,225.29,247.83,679,0.27,9,0.4286,0.0,0.08,1,-4.286,0.0,0,0.667,0,0,0,0.0,0.0,20.59,20.59,0,1,0,0,0.31,0.0,0.07,0.4286,0.0,0.4845,247.83,9,9,1
0.0,0.0,0,1.562,201.73,0.0,55,0.943,23,0.0,0.0,0.2,0,0.0,10.0,0,0.0,0,0,0,0.0,0.0,315.1,315.1,1,2,0,0,1.09,0.0,0.25,0.0,0.0,0.781,0.0,23,23,0
0.0,0.4286,0,0.602,254.31,285.38,368,0.609,27,0.4286,0.0,0.08,0,-4.286,0.0,0,1.0,1,0,0,0.0,0.0,153.07,153.07,0,1,0,0,0.57,0.0,0.13,0.4286,0.0,0.5669,285.38,27,27,1
0.0,0.0,0,0.389,223.4,0.0,311,0.14,28,0.0,0.0,0.12,1,0.0,10.0,0,0.0,0,0,0,0.0,0.0,86.97,86.97,0,1,0,0,0.29,0.0,0.07,0.0,0.0,0.1298,0.0,28,28,1
0.667,0.4,1,0.634,294.18,333.09,75,1.912,7,0.4,0.0,0.2,0,2.667,63.3,0,0.5,0,0,0,0.0,472.54,186.55,186.55,1,2,1,1,2.0,0.67,0.46,0.4,0.5,0.5797,333.09,7,7,0
0.0,0.0,0,1.284,98.09,0.0,43,1.395,12,0.0,0.0,0.2,0,0.0,10.0,0,0.0,0,0,0,0.0,0.0,125.98,125.98,1,4,0,0,2.79,0.0,0.64,0.0,0.0,0.3211,0.0,12,12,1
0.0,0.0,0,1.0,404.61,0.0,35,0.387,12,0.0,0.0,0.2,1,0.0,10.0,0,0.0,0,0,0,2.783,0.0,404.61,404.61,0,1,0,0,0.86,0.0,0.2,0.0,0.0,1.0,0.0,12,12,1
0.0,0.5,0,1.662,231.74,223.18,852,0.266,28,0.5,0.0,0.1,1,-5.0,0.0,0,0.5,0,0,0,0.0,0.0,385.05,385.05,0,1,0,0,0.28,0.0,0.07,0.5,0.0,0.6892,223.18,28,28,1
0.333,0.1429,0,0.762,300.35,482.19,309,0.478,29,0.1429,0.0,0.12,0,1.905,48.1,0,1.0,0,0,0,0.0,0.0,228.92,228.92,0,3,0,0,0.68,0.33,0.16,0.1429,0.0,0.3382,482.19,29,29,0
0.0,0.0,0,0.944,273.5,0.0,522,0.511,21,0.0,0.0,0.2,0,0.0,10.0,0,0.0,0,0,0,4.359,0.0,258.19,258.19,0,1,0,0,0.4,0.0,0.09,0.0,0.0,0.1349,0.0,21,21,0
0.0,0.0,0,0.247,196.11,0.0,58,5.833,15,0.0,0.0,0.07,0,0.0,10.0,0,0.0,0,0,0,0.778,0.0,48.41,48.41,1,6,0,0,6.72,0.0,1.55,0.0,0.0,0.019,0.0,15,15,0
0.0,0.375,0,0.333,309.12,287.13,447,0.603,8,0.375,0.3333,0.03,0,-3.75,0.0,0,0.667,0,0,0,0.0,0.0,102.87,102.87,0,1,0,0,0.54,0.0,0.12,0.375,0.0,0.3899,287.13,8,8,1
0.0,0.1,0,0.503,272.86,203.32,547,0.536,15,0.1,0.0,0.1,0,-1.0,0.0,0,1.0,0,0,0,1.939,0.0,137.32,137.32,0,1,0,0,0.55,0.0,0.13,0.1,0.0,0.1248,203.32,15,15,0
0.0,0.3571,0,0.764,216.89,295.93,437,0.993,12,0.3571,0.0,0.12,1,-3.571,0.0,0,0.6,0,0,0,3.525,0.0,165.67,165.67,0,2,0,0,0.96,0.0,0.22,0.3571,0.0,0.5419,295.93,12,12,1
0.0,0.0,0,0.438,185.63,0.0,150,0.579,17,0.0,0.0,0.08,1,0.0,10.0,0,0.0,1,0,0,1.786,0.0,81.23,81.23,0,1,0,0,0.4,0.0,0.09,0.0,0.0,0.2188,0.0,17,17,1
0.0,0.0,0,1.019,410.43,0.0,196,0.427,2,0.0,0.0,0.08,0,0.0,10.0,0,0.0,0,0,0,0.0,0.0,418.36,418.36,1,2,0,0,0.46,0.0,0.11,0.0,0.0,0.3398,0.0,2,2,0
0.333,0.0769,1,1.443,315.52,254.59,181,2.155,24,0.0769,0.0,0.03,0,2.564,61.3,0,1.0,0,0,0,1.51,254.59,455.43,455.43,0,3,0,1,2.15,0.33,0.5,0.0769,0.3333,0.1731,254.59,24,24,0
0.0,0.0,0,0.356,255.32,0.0,68,5.25,1,0.0,0.0,0.1,0,0.0,10.0,0,0.0,0,0,0,0.926,0.0,90.89,90.89,2,9,0,0,6.18,0.0,1.43,0.0,0.0,0.0254,0.0,1,1,0
0.333,0.4286,0,0.411,265.47,361.4,461,0.501,11,0.4286,0.0,0.1,0,-0.952,0.0,0,0.667,0,0,0,0.0,0.0,109.12,109.12,0,1,0,0,0.46,0.33,0.11,0.4286,0.0,0.6422,361.4,11,11,1
0.0,0.0,0,0.312,178.9,0.0,281,0.42,14,0.0,0.0,0.05,0,0.0,10.0,0,0.0,0,0,0,0.0,0.0,55.89,55.89,0,1,0,0,0.43,0.0,0.1,0.0,0.0,0.0781,0.0,14,14,0
0.0,0.0,0,0.755,342.46,0.0,159,0.449,9,0.0,0.0,0.07,0,0.0,10.0,0,0.0,0,0,0,0.0,0.0,258.61,258.61,0,1,0,0,0.38,0.0,0.09,0.0,0.0,0.3776,0.0,9,9,0
1.0,0.4286,2,1.426,275.04,292.85,108,1.639,22,0.4286,0.5,0.2,0,5.714,100.0,0,1.0,0,0,0,2.186,626.63,392.23,392.23,0,3,1,2,1.94,1.0,0.45,0.4286,0.6667,0.6601,292.85,22,22,1
0.0,0.0,0,0.408,211.16,0.0,321,0.431,3,0.0,0.0,0.07,0,0.0,10.0,0,0.0,0,0,0,0.0,0.0,86.1,86.1,1,1,0,0,0.28,0.0,0.06,0.0,0.0,0.1359,0.0,3,3,1
0.333,0.6667,1,0.699,395.68,455.26,206,0.659,16,0.6667,0.5,0.2,1,-3.333,0.0,0,1.0,0,0,0,0.0,492.94,276.53,276.53,0,1,1,1,0.44,0.33,0.1,0.6667,1.0,1.0,455.26,16,16,1
0.0,0.0,0,1.074,204.88,0.0,212,2.123,23,0.0,0.0,0.05,0,0.0,10.0,0,0.0,0,0,0,1.517,0.0,220.1,220.1,1,3,0,0,2.12,0.0,0.49,0.0,0.0,0.0716,0.0,23,23,0
0.333,0.5,1,0.107,261.72,495.45,109,0.21,12,0.5,0.0,0.07,0,-1.667,0.0,0,1.0,0,0,0,5.692,495.45,27.99,27.99,0,2,1,1,0.55,0.33,0.13,0.5,0.5,1.0,495.45,12,12,1
0.333,0.5,0,0.706,230.46,251.4,421,0.998,8,0.5,0.0,0.08,0,-1.667,0.0,0,0.714,0,0,0,1.003,0.0,162.8,162.8,0,1,0,0,1.0,0.33,0.23,0.5,0.0,0.5959,251.4,8,8,1
0.0,0.0,0,1.0,389.2,0.0,30,0.991,30,0.0,0.0,0.07,0,0.0,10.0,0,0.0,0,0,0,0.0,0.0,389.2,389.2,0,1,0,0,1.0,0.0,0.23,0.0,0.0,1.0,0.0,30,30,1
0.0,0.3333,0,1.859,224.96,164.32,421,0.526,6,0.3333,0.0,0.08,0,-3.333,0.0,0,0.333,0,0,0,0.0,0.0,418.23,418.23,1,1,0,0,0.64,0.0,0.15,0.3333,0.0,0.45,164.32,6,6,1
0.0,0.0,0,1.548,218.25,0.0,401,0.85,18,0.0,0.0,0.2,0,0.0,10.0,0,0.0,0,0,0,1.192,0.0,337.85,337.85,0,3,0,0,0.82,0.0,0.19,0.0,0.0,0.1407,0.0,18,18,0
1.333,0.4,3,1.207,189.75,272.12,61,4.918,7,0.4,0.0,0.07,1,9.333,100.0,0,0.75,1,1,0,0.443,800.52,229.05,229.05,1,3,0,3,4.92,1.33,1.14,0.4,1.0,0.6944,272.12,7,7,1
0.0,0.0,0,1.0,313.06,0.0,172,0.1,22,0.0,0.0,0.07,0,0.0,10.0,0,0.0,0,0,0,0.0,0.0,313.06,313.06,0,1,0,0,0.17,0.0,0.04,0.0,0.0,1.0,0.0,22,22,1
0.0,0.0,0,1.0,221.92,0.0,71,0.259,18,0.0,0.0,0.2,0,0.0,10.0,0,0.0,0,0,0,0.0,0.0,221.92,221.92,0,1,0,0,0.42,0.0,0.1,0.0,0.0,1.0,0.0,18,18,1
0.0,0.1667,0,1.188,261.02,131.16,232,0.656,27,0.1667,0.5,0.2,0,-1.667,0.0,0,0.0,0,0,0,0.0,0.0,309.97,309.97,0,3,0,0,0.78,0.0,0.18,0.1667,0.0,0.2817,131.16,27,27,0
0.0,0.3333,0,0.384,246.6,233.67,321,1.121,7,0.3333,0.5,0.2,0,-3.333,0.0,0,0.75,0,0,0,0.882,0.0,94.62,94.62,1,1,0,0,1.12,0.0,0.26,0.3333,0.0,0.3478,233.67,7,7,1
0.0,0.0,0,0.381,145.8,0.0,109,1.064,25,0.0,0.0,0.2,0,0.0,10.0,0,0.0,1,0,0,2.467,0.0,55.58,55.58,0,1,0,0,0.83,0.0,0.19,0.0,0.0,0.1271,0.0,25,25,0
0.0,0.25,0,0.418,298.86,114.35,581,0.292,3,0.25,0.0,0.2,0,-2.5,0.0,0,0.0,0,0,0,0.0,0.0,124.84,124.84,1,1,0,0,0.21,0.0,0.05,0.25,0.0,0.2001,114.35,3,3,0
0.0,0.0,0,1.0,193.78,0.0,4,0.54,1,0.0,0.0,0.1,0,0.0,10.0,0,0.0,0,0,1,0.0,0.0,193.78,193.78,1,1,0,0,7.5,0.0,1.73,0.0,0.0,1.0,0.0,1,1,1
0.0,0.0,0,0.694,303.7,0.0,64,2.687,14,0.0,0.0,0.2,0,0.0,10.0,0,0.0,1,0,0,0.693,0.0,210.84,210.84,0,2,0,0,2.34,0.0,0.54,0.0,0.0,0.1388,0.0,14,14,0
0.0,0.0,0,1.0,424.67,0.0,30,0.753,16,0.0,0.0,0.12,0,0.0,10.0,0,0.0,0,0,0,1.356,0.0,424.67,424.67,0,1,0,0,1.0,0.0,0.23,0.0,0.0,1.0,0.0,16,16,0
0.333,0.625,0,2.057,221.92,216.82,639,0.313,9,0.625,0.5,0.07,0,-2.917,0.0,0,0.4,0,0,0,0.0,0.0,456.41,456.41,0,1,0,0,0.38,0.33,0.09,0.625,0.0,0.8677,216.82,9,9,1
0.0,0.0,0,1.071,237.52,0.0,64,3.093,9,0.0,0.0,0.2,0,0.0,10.0,0,0.0,0,0,0,0.957,0.0,254.47,254.47,1,2,0,0,3.28,0.0,0.76,0.0,0.0,0.1531,0.0,9,9,0
0.0,0.1111,0,1.34,330.2,364.43,565,0.497,2,0.1111,0.0,0.2,0,-1.111,0.0,0,1.0,0,0,0,2.086,0.0,442.36,442.36,1,1,0,0,0.48,0.0,0.11,0.1111,0.0,0.2715,364.43,2,2,0
0.0,0.0769,0,1.605,299.44,41.78,951,0.398,5,0.0769,0.0,0.2,0,-0.769,0.0,0,0.0,0,0,0,0.0,0.0,480.48,480.48,1,1,0,0,0.41,0.0,0.09,0.0769,0.0,0.1342,41.78,5,5,0
0.0,0.0714,0,1.302,295.98,347.83,210,1.8,9,0.0714,0.0,0.2,0,-0.714,0.0,0,1.0,0,0,0,0.524,0.0,385.4,385.4,0,3,0,0,2.0,0.0,0.46,0.0714,0.0,0.177,347.83,9,9,0
0.0,0.0,0,0.565,161.74,0.0,554,0.55,24,0.0,0.0,0.08,0,0.0,10.0,0,0.0,0,0,0,1.891,0.0,91.39,91.39,0,2,0,0,0.54,0.0,0.13,0.0,0.0,0.0565,0.0,24,24,0
0.0,0.3333,0,0.503,295.01,305.37,462,0.401,18,0.3333,0.0,0.2,0,-3.333,0.0,0,0.5,0,0,0,2.63,0.0,148.48,148.48,0,1,0,0,0.39,0.0,0.09,0.3333,0.0,0.4289,305.37,18,18,1
0.667,0.3077,0,0.847,274.25,239.56,248,1.518,18,0.3077,0.5,0.12,0,3.59,81.8,0,0.5,0,0,0,1.376,0.0,232.22,232.22,1,3,0,0,1.57,0.67,0.36,0.3077,0.0,0.3339,239.56,18,18,1
0.0,0.0,0,1.0,359.8,0.0,16,0.427,8,0.0,0.0,0.1,0,0.0,10.0,0,0.0,0,0,1,0.0,0.0,359.8,359.8,0,1,0,0,1.88,0.0,0.43,0.0,0.0,1.0,0.0,8,8,1
0.667,0.5455,1,1.649,236.76,201.76,585,0.53,28,0.5455,0.5,0.1,0,1.212,34.2,0,0.333,0,0,0,4.239,46.72,390.5,390.5,1,2,0,1,0.56,0.67,0.13,0.5455,0.5,0.6148,201.76,28,28,1
0.667,0.2857,1,0.802,236.31,236.1,159,1.044,29,0.2857,0.0,0.05,1,3.81,86.2,0,0.5,0,0,0,0.0,47.56,189.5,189.5,0,2,0,1,1.32,0.67,0.31,0.2857,0.5,0.4,236.1,29,29,1
0.0,0.2222,0,0.84,237.57,306.23,516,0.594,3,0.2222,0.25,0.1,0,-2.222,0.0,0,1.0,0,0,0,0.0,0.0,199.66,199.66,1,1,0,0,0.52,0.0,0.12,0.2222,0.0,0.3798,306.23,3,3,1
0.0,0.3333,0,0.912,337.37,246.11,513,0.468,6,0.3333,0.0,0.1,0,-3.333,0.0,0,0.333,0,0,0,0.0,0.0,307.72,307.72,2,2,0,0,0.53,0.0,0.12,0.3333,0.0,0.3445,246.11,6,6,1
1.0,0.4286,0,1.409,308.51,340.2,277,1.531,6,0.4286,0.5,0.1,0,5.714,100.0,0,1.0,0,0,0,2.2,0.0,434.81,434.81,2,2,0,0,1.52,1.0,0.35,0.4286,0.0,0.5733,340.2,6,6,1
0.0,0.0,0,1.264,267.34,0.0,140,2.616,3,0.0,0.0,0.2,0,0.0,10.0,0,0.0,0,0,0,0.728,0.0,337.83,337.83,2,2,0,0,2.79,0.0,0.64,0.0,0.0,0.0972,0.0,3,3,0
0.0,0.0,0,0.601,233.16,0.0,30,1.333,14,0.0,0.0,0.1,1,0.0,10.0,0,0.0,0,0,0,1.667,0.0,140.12,140.12,0,2,0,0,2.0,0.0,0.46,0.0,0.0,0.3005,0.0,14,14,1
0.0,0.0,0,0.238,295.59,0.0,109,0.676,11,0.0,0.0,0.1,0,0.0,10.0,0,0.0,0,0,0,1.548,0.0,70.21,70.21,0,3,0,0,1.38,0.0,0.32,0.0,0.0,0.0475,0.0,11,11,0
0.333,0.125,0,0.92,309.48,411.04,94,3.309,29,0.125,0.0,0.2,0,2.083,51.7,0,1.0,0,0,0,2.356,0.0,284.8,284.8,0,4,0,0,2.55,0.33,0.59,0.125,0.0,0.2811,411.04,29,29,0
0.0,0.0714,0,1.746,254.8,226.34,447,0.94,17,0.0714,0.0,0.05,0,-0.714,0.0,0,1.0,0,0,0,3.791,0.0,444.8,444.8,1,3,0,0,0.94,0.0,0.22,0.0714,0.0,0.1881,226.34,17,17,0
0.0,0.0,0,0.936,143.63,0.0,103,1.304,11,0.0,0.0,0.2,0,0.0,10.0,0,0.0,0,0,0,0.0,0.0,134.47,134.47,0,2,0,0,1.46,0.0,0.34,0.0,0.0,0.1872,0.0,11,11,0
0.0,0.1429,0,0.483,251.22,70.21,203,0.676,19,0.1429,0.0,0.2,0,-1.429,0.0,0,0.0,0,0,0,1.548,0.0,121.31,121.31,0,1,0,0,1.03,0.0,0.24,0.1429,0.0,0.1089,70.21,19,19,0
0.667,0.1538,0,1.168,311.79,325.9,154,2.064,23,0.1538,0.0,0.2,0,5.128,100.0,0,1.0,1,0,0,0.0,0.0,364.23,364.23,0,3,0,0,2.53,0.67,0.58,0.1538,0.0,0.2507,325.9,23,23,0
0.0,0.0,0,0.439,313.79,0.0,94,0.388,16,0.0,0.0,0.2,0,0.0,10.0,0,0.0,0,0,0,0.0,0.0,137.63,137.63,0,1,0,0,0.64,0.0,0.15,0.0,0.0,0.2193,0.0,16,16,0
0.0,0.2,0,0.954,263.4,453.23,482,0.299,12,0.2,0.0,0.2,1,-2.0,0.0,0,1.0,0,0,0,0.0,0.0,251.3,251.3,0,2,0,0,0.31,0.0,0.07,0.2,0.0,0.535,453.23,12,12,1
0.0,0.0,0,0.339,255.92,0.0,197,0.758,4,0.0,0.0,0.12,1,0.0,10.0,0,0.0,0,0,0,0.0,0.0,86.76,86.76,1,1,0,0,0.46,0.0,0.11,0.0,0.0,0.113,0.0,4,4,1
1.667,0.5556,3,0.956,223.62,197.93,443,0.539,16,0.5556,0.3333,0.1,1,11.111,100.0,0,0.4,1,0,0,1.917,554.85,213.69,213.69,0,1,0,3,0.61,1.67,0.14,0.5556,3.0,0.5979,197.93,16,16,1
0.0,0.0,0,1.055,295.13,0.0,93,3.367,1,0.0,0.0,0.2,0,0.0,10.0,0,0.0,0,0,0,0.504,0.0,311.23,311.23,2,3,0,0,3.55,0.0,0.82,0.0,0.0,0.0959,0.0,1,1,0
0.0,0.4444,0,0.96,262.93,263.24,492,0.527,19,0.4444,0.0,0.1,0,-4.444,0.0,0,0.75,0,0,0,4.415,0.0,252.33,252.33,0,2,0,0,0.55,0.0,0.13,0.4444,0.0,0.5516,263.24,19,19,1
1.333,0.3077,2,0.827,255.9,297.7,113,3.451,17,0.3077,0.0,0.05,0,10.256,100.0,0,0.75,0,0,0,3.228,549.37,211.65,211.65,4,7,1,2,3.45,1.33,0.8,0.3077,0.2857,0.4216,297.7,17,17,1
0.0,0.25,0,2.089,232.8,206.04,334,0.952,20,0.25,0.1667,0.08,0,-2.5,0.0,0,0.333,0,0,0,1.054,0.0,486.28,486.28,0,1,0,0,1.08,0.0,0.25,0.25,0.0,0.3953,206.04,20,20,0
0.0,0.25,0,1.741,185.76,69.22,339,0.282,26,0.25,0.0,0.05,1,-2.5,0.0,0,0.0,0,0,0,0.0,0.0,323.44,323.44,0,1,0,0,0.35,0.0,0.08,0.25,0.0,0.5284,69.22,26,26,1
1.0,0.3333,2,0.465,276.61,278.26,150,1.8,10,0.3333,0.25,0.07,1,6.667,100.0,0,0.667,0,0,0,5.0,564.77,128.5,128.5,1,5,1,2,1.8,1.0,0.42,0.3333,0.4,0.3869,278.26,10,10,1
0.0,0.0,0,1.444,263.72,0.0,179,0.425,29,0.0,0.0,0.2,0,0.0,10.0,0,0.0,0,0,0,0.0,0.0,380.88,380.88,0,1,0,0,0.5,0.0,0.12,0.0,0.0,0.4814,0.0,29,29,0
0.0,0.0,0,0.691,277.09,0.0,694,0.362,29,0.0,0.0,0.05,0,0.0,10.0,0,0.0,0,0,0,0.0,0.0,191.38,191.38,0,1,0,0,0.39,0.0,0.09,0.0,0.0,0.0767,0.0,29,29,0
0.333,0.0909,1,1.612,280.88,177.78,96,3.438,2,0.0909,0.0,0.08,0,2.424,58.5,0,0.0,0,0,0,3.85,177.78,452.68,452.68,2,7,0,1,3.44,0.33,0.79,0.0909,0.1429,0.2041,177.78,2,2,0
0.0,0.8,0,1.401,281.6,253.34,413,0.536,14,0.8,0.5,0.05,0,-8.0,0.0,0,0.5,0,0,0,0.0,0.0,394.65,394.65,0,1,0,0,0.36,0.0,0.08,0.8,0.0,1.0,253.34,14,14,1
0.0,0.0,0,1.748,153.91,0.0,517,0.099,15,0.0,0.0,0.2,0,0.0,10.0,0,0.0,0,0,0,0.0,0.0,268.98,268.98,1,2,0,0,0.12,0.0,0.03,0.0,0.0,0.8738,0.0,15,15,0
0.333,0.2,0,0.135,219.58,160.69,127,1.324,23,0.2,0.0,0.12,1,1.333,36.7,0,0.0,1,0,0,0.738,0.0,29.66,29.66,0,2,0,0,1.18,0.33,0.27,0.2,0.0,0.1734,160.69,23,23,1
0.0,0.0,0,0.544,173.02,0.0,509,0.212,2,0.0,0.0,0.07,0,0.0,10.0,0,0.0,0,0,0,0.0,0.0,94.17,94.17,1,1,0,0,0.24,0.0,0.05,0.0,0.0,0.1361,0.0,2,2,0
0.0,0.0,0,1.0,372.48,0.0,174,0.478,26,0.0,0.0,0.1,0,0.0,10.0,0,0.0,0,0,0,0.0,0.0,372.48,372.48,0,1,0,0,0.17,0.0,0.04,0.0,0.0,1.0,0.0,26,26,1
0.0,0.2,0,1.503,306.59,66.73,428,0.384,4,0.2,0.0,0.03,0,-2.0,0.0,0,0.0,0,0,0,0.0,0.0,460.66,460.66,1,1,0,0,0.35,0.0,0.08,0.2,0.0,0.344,66.73,4,4,0
0.0,0.0,0,1.433,330.94,0.0,39,1.506,9,0.0,0.0,0.2,0,0.0,10.0,0,0.0,0,0,0,0.0,0.0,474.11,474.11,0,2,0,0,3.08,0.0,0.71,0.0,0.0,0.3582,0.0,9,9,0
0.0,0.25,0,0.521,338.74,348.86,261,0.451,5,0.25,0.0,0.1,0,-2.5,0.0,0,1.0,0,0,0,0.0,0.0,176.39,176.39,1,1,0,0,0.46,0.0,0.11,0.25,0.0,0.3876,348.86,5,5,1
0.667,0.25,2,0.67,199.38,168.26,108,1.633,17,0.25,0.0,0.08,0,4.167,93.3,0,0.5,0,0,0,0.0,336.53,133.49,133.49,1,5,1,2,2.22,0.67,0.51,0.25,0.4,0.2947,168.26,17,17,1
0.0,0.0,0,1.0,37.72,0.0,374,0.251,17,0.0,0.0,0.2,0,0.0,10.0,0,0.0,0,0,0,4.419,0.0,37.72,37.72,0,1,0,0,0.08,0.0,0.02,0.0,0.0,1.0,0.0,17,17,0
0.0,0.5,0,1.557,289.22,150.93,185,0.664,27,0.5,0.5,0.1,0,-5.0,0.0,0,0.5,0,0,0,3.323,0.0,450.38,450.38,0,1,0,0,0.65,0.0,0.15,0.5,0.0,0.6502,150.93,27,27,1
0.667,0.8,0,0.831,194.05,202.23,154,0.673,5,0.8,0.0,0.07,0,-1.333,0.0,0,0.25,0,0,0,3.407,0.0,161.32,161.32,1,1,0,0,0.97,0.67,0.22,0.8,0.0,1.0,202.23,5,5,1
0.0,0.2,0,1.496,312.24,378.08,439,0.382,12,0.2,0.0,0.07,0,-2.0,0.0,0,1.0,0,0,0,0.0,0.0,467.1,467.1,0,1,0,0,0.34,0.0,0.08,0.2,0.0,0.5414,378.08,12,12,0
0.333,0.2857,1,0.361,255.65,269.11,255,0.799,2,0.2857,0.0,0.2,0,0.476,19.5,0,1.0,0,0,0,0.0,314.48,92.39,92.39,1,3,1,1,0.82,0.33,0.19,0.2857,0.3333,0.3524,269.11,2,2,0
0.0,0.1667,0,0.302,264.51,489.95,153,1.223,13,0.1667,0.0,0.05,0,-1.667,0.0,0,1.0,0,0,0,1.752,0.0,79.75,79.75,0,3,0,0,1.18,0.0,0.27,0.1667,0.0,0.359,489.95,13,13,0
0.0,0.0,0,0.332,236.94,0.0,417,0.716,8,0.0,0.0,0.08,0,0.0,10.0,0,0.0,0,0,0,3.242,0.0,78.69,78.69,0,2,0,0,0.72,0.0,0.17,0.0,0.0,0.0332,0.0,8,8,0
0.333,0.1429,0,0.149,190.41,106.69,105,1.509,8,0.1429,0.0,0.12,0,1.905,48.1,0,0.0,0,0,0,0.0,0.0,28.44,28.44,0,2,0,0,2.0,0.33,0.46,0.1429,0.0,0.1014,106.69,8,8,0
0.0,0.0,0,1.656,283.18,0.0,236,0.469,25,0.0,0.0,0.07,0,0.0,10.0,0,0.0,0,0,0,0.0,0.0,468.92,468.92,0,3,0,0,0.89,0.0,0.21,0.0,0.0,0.2366,0.0,25,25,0
0.0,0.5,0,1.325,328.7,221.92,164,0.259,9,0.5,0.0,0.12,0,-5.0,0.0,0,1.0,0,0,0,0.0,0.0,435.48,435.48,0,1,0,0,0.37,0.0,0.08,0.5,0.0,1.0,221.92,9,9,1
0.667,0.4667,1,0.288,207.26,243.01,346,1.301,2,0.4667,0.0,0.08,0,2.0,50.0,0,0.571,0,0,0,1.621,194.1,59.68,59.68,1,2,0,1,1.3,0.67,0.3,0.4667,0.5,0.5664,243.01,2,2,1
0.0,0.25,0,0.179,260.05,408.02,176,0.71,15,0.25,0.3333,0.05,1,-2.5,0.0,0,1.0,0,0,0,1.467,0.0,46.51,46.51,0,2,0,0,0.68,0.0,0.16,0.25,0.0,0.437,408.02,15,15,1
1.333,0.4,4,1.142,298.17,248.58,51,4.2,7,0.4,0.0,0.1,0,9.333,100.0,0,0.75,0,0,0,0.636,994.34,340.51,340.51,3,6,1,4,5.88,1.33,1.36,0.4,0.6667,0.4477,248.58,7,7,1
0.667,0.4,1,1.43,265.11,211.69,99,1.226,7,0.4,0.0,0.07,1,2.667,63.3,0,0.5,0,0,0,0.8,37.43,379.02,379.02,2,2,0,1,1.52,0.67,0.35,0.4,0.5,0.6053,211.69,7,7,1
1.333,0.3333,0,1.208,195.02,213.97,183,2.459,4,0.3333,0.0,0.12,0,10.0,100.0,0,0.4,0,0,0,0.785,0.0,235.56,235.56,1,2,0,0,2.46,1.33,0.57,0.3333,0.0,0.4462,213.97,4,4,1
0.333,0.4545,0,0.331,220.69,300.55,518,0.688,28,0.4545,0.5,0.07,0,-1.212,0.0,0,0.6,0,0,0,1.486,0.0,73.12,73.12,0,1,0,0,0.64,0.33,0.15,0.4545,0.0,0.6492,300.55,28,28,0
0.0,0.4286,0,1.861,263.61,227.89,369,1.169,10,0.4286,0.5,0.2,0,-4.286,0.0,0,0.5,0,0,0,1.821,0.0,490.55,490.55,0,1,0,0,1.14,0.0,0.26,0.4286,0.0,0.5034,227.89,10,10,1
0.333,0.5,1,0.575,274.36,390.89,106,0.454,21,0.5,0.0,0.05,0,-1.667,0.0,0,1.0,0,0,0,2.406,390.89,157.82,157.82,0,2,0,1,0.57,0.33,0.13,0.5,0.5,1.0,390.89,21,21,1
0.0,0.0,0,1.891,242.82,0.0,53,1.204,20,0.0,0.0,0.2,0,0.0,10.0,0,0.0,0,0,0,0.817,0.0,459.2,459.2,0,1,0,0,1.13,0.0,0.26,0.0,0.0,0.9455,0.0,20,20,0
0.0,0.0,0,1.23,285.03,0.0,230,1.515,27,0.0,0.0,0.2,0,0.0,10.0,0,0.0,0,0,0,0.0,0.0,350.71,350.71,0,3,0,0,1.43,0.0,0.33,0.0,0.0,0.1119,0.0,27,27,0
0.0,0.0,0,1.0,293.4,0.0,30,0.477,17,0.0,0.0,0.1,0,0.0,10.0,0,0.0,0,0,0,2.252,0.0,293.4,293.4,0,1,0,0,1.0,0.0,0.23,0.0,0.0,1.0,0.0,17,17,1
0.0,0.2308,0,0.201,248.89,326.78,482,0.738,12,0.2308,0.0,0.07,0,-2.308,0.0,0,1.0,0,0,0,1.382,0.0,50.13,50.13,2,4,0,0,0.81,0.0,0.19,0.2308,0.0,0.3185,326.78,12,12,1
0.0,0.25,0,0.834,193.03,234.54,648,0.36,14,0.25,0.3333,0.2,0,-2.5,0.0,0,0.5,0,0,0,0.0,0.0,160.94,160.94,0,1,0,0,0.37,0.0,0.09,0.25,0.0,0.408,234.54,14,14,0
0.0,0.0,0,1.323,297.54,0.0,256,0.386,15,0.0,0.0,0.2,0,0.0,10.0,0,0.0,0,0,0,0.0,0.0,393.74,393.74,0,2,0,0,0.35,0.0,0.08,0.0,0.0,0.4411,0.0,15,15,0
0.0,0.0,0,0.97,394.62,0.0,96,0.346,19,0.0,0.0,0.03,0,0.0,10.0,0,0.0,1,0,0,3.162,0.0,382.64,382.64,0,1,0,0,0.62,0.0,0.14,0.0,0.0,0.4848,0.0,19,19,0
1.0,0.4,1,0.361,253.02,205.07,244,1.216,22,0.4,0.3333,0.07,0,6.0,100.0,0,0.25,0,0,0,0.0,468.21,91.22,91.22,1,3,1,1,1.23,1.0,0.28,0.4,0.3333,0.3602,205.07,22,22,1
0.667,0.5455,0,0.576,262.32,222.54,288,1.044,3,0.5455,0.0,0.1,1,1.212,34.2,0,0.5,0,0,0,0.0,0.0,151.05,151.05,1,2,0,0,1.15,0.67,0.26,0.5455,0.0,0.5151,222.54,3,3,1
0.0,0.0,0,0.723,310.17,0.0,419,0.258,30,0.0,0.0,0.12,0,0.0,10.0,0,0.0,0,0,0,0.0,0.0,224.29,224.29,0,3,0,0,0.29,0.0,0.07,0.0,0.0,0.1808,0.0,30,30,0
0.0,0.2,0,1.131,254.57,386.9,728,0.388,14,0.2,0.0,0.05,0,-2.0,0.0,0,1.0,0,0,0,2.737,0.0,288.02,288.02,0,1,0,0,0.41,0.0,0.1,0.2,0.0,0.4171,386.9,14,14,0
0.0,0.0,0,1.0,263.25,0.0,55,0.825,11,0.0,0.0,0.07,0,0.0,10.0,0,0.0,0,0,0,1.228,0.0,263.25,263.25,0,1,0,0,0.55,0.0,0.13,0.0,0.0,1.0,0.0,11,11,1
0.0,0.0,0,0.355,134.0,0.0,293,0.402,6,0.0,0.0,0.05,1,0.0,10.0,0,0.0,1,0,0,2.633,0.0,47.52,47.52,1,1,0,0,0.41,0.0,0.09,0.0,0.0,0.0887,0.0,6,6,1
0.0,0.0,0,0.691,250.7,0.0,398,0.398,3,0.0,0.0,0.1,0,0.0,10.0,0,0.0,0,0,0,0.0,0.0,173.36,173.36,1,2,0,0,0.45,0.0,0.1,0.0,0.0,0.1152,0.0,3,3,0
1.0,0.5,1,1.048,285.42,307.42,133,0.955,22,0.5,0.0,0.08,0,5.0,100.0,0,0.667,0,0,0,3.856,239.83,299.15,299.15,1,3,0,1,1.35,1.0,0.31,0.5,0.3333,0.7132,307.42,22,22,1
0.0,0.0,0,1.257,359.46,0.0,12,7.5,2,0.0,0.0,0.03,0,0.0,10.0,0,0.0,0,0,1,1.0,0.0,451.86,451.86,2,3,0,0,7.5,0.0,1.73,0.0,0.0,0.419,0.0,2,2,1
0.0,0.0,0,1.0,477.39,0.0,112,0.503,15,0.0,0.0,0.05,0,0.0,10.0,0,0.0,0,0,0,2.233,0.0,477.39,477.39,0,1,0,0,0.27,0.0,0.06,0.0,0.0,1.0,0.0,15,15,1
0.0,0.4,0,0.755,219.48,146.11,415,0.449,13,0.4,0.0,0.03,0,-4.0,0.0,0,0.5,0,0,0,5.611,0.0,165.66,165.66,0,1,0,0,0.36,0.0,0.08,0.4,0.0,0.4172,146.11,13,13,1
0.333,0.5385,0,1.248,227.86,156.42,408,0.938,28,0.5385,0.0,0.2,1,-2.051,0.0,0,0.429,0,0,0,0.0,0.0,284.37,284.37,0,1,0,0,0.96,0.33,0.22,0.5385,0.0,0.4656,156.42,28,28,1
0.0,0.0,0,1.602,160.54,0.0,43,2.593,14,0.0,0.0,0.05,0,0.0,10.0,0,0.0,0,0,0,0.733,0.0,257.26,257.26,0,3,0,0,2.79,0.0,0.64,0.0,0.0,0.4006,0.0,14,14,0
0.0,0.0,0,0.218,221.5,0.0,90,1.277,9,0.0,0.0,0.12,0,0.0,10.0,0,0.0,0,0,0,0.759,0.0,48.36,48.36,0,3,0,0,2.0,0.0,0.46,0.0,0.0,0.0364,0.0,9,9,0
0.667,0.4286,1,0.446,238.6,266.91,132,0.721,23,0.4286,0.5,0.2,0,2.381,57.6,0,0.667,1,0,0,1.414,166.79,106.38,106.38,0,4,0,1,1.59,0.67,0.37,0.4286,0.25,0.5431,266.91,23,23,0
0.0,0.0,0,0.755,254.64,0.0,68,2.449,29,0.0,0.0,0.1,0,0.0,10.0,0,0.0,0,0,0,2.267,0.0,192.27,192.27,1,3,0,0,2.21,0.0,0.51,0.0,0.0,0.151,0.0,29,29,0
0.667,0.1818,1,1.752,235.55,211.65,262,1.237,3,0.1818,0.0,0.07,0,4.848,100.0,0,0.5,0,0,0,0.791,272.66,412.71,412.71,1,2,0,1,1.26,0.67,0.29,0.1818,0.5,0.3227,211.65,3,3,0
0.0,0.0,0,1.118,317.85,0.0,14,1.157,7,0.0,0.0,0.08,0,0.0,10.0,0,0.0,1,0,1,0.0,0.0,355.39,355.39,2,2,0,0,4.29,0.0,0.99,0.0,0.0,0.5591,0.0,7,7,0
0.667,0.1667,2,1.291,264.78,362.05,34,9.574,21,0.1667,0.0,0.05,0,5.0,100.0,1,1.0,0,0,0,1.133,724.1,341.74,341.74,3,12,2,2,10.59,0.67,2.45,0.1667,0.1667,0.3354,362.05,21,21,1
0.0,0.2,0,1.228,352.85,428.91,271,0.622,25,0.2,0.0,0.1,0,-2.0,0.0,0,1.0,0,0,0,0.0,0.0,433.45,433.45,0,2,0,0,0.55,0.0,0.13,0.2,0.0,0.4888,428.91,25,25,1
0.667,0.75,0,0.154,273.12,350.12,251,0.503,24,0.75,0.0,0.03,0,-0.833,0.0,0,0.667,0,0,0,2.233,0.0,42.13,42.13,0,1,0,0,0.48,0.67,0.11,0.75,0.0,1.0,350.12,24,24,1
0.0,0.5,0,0.998,311.04,311.63,310,0.152,21,0.5,0.0,0.1,1,-5.0,0.0,0,1.0,0,0,0,0.0,0.0,310.45,310.45,0,1,0,0,0.19,0.0,0.04,0.5,0.0,1.0,311.63,21,21,1
0.0,0.0909,0,0.12,313.97,433.27,535,0.526,7,0.0909,0.0,0.2,0,-0.909,0.0,0,1.0,0,0,0,0.0,0.0,37.82,37.82,1,1,0,0,0.62,0.0,0.14,0.0909,0.0,0.1364,433.27,7,7,0
0.0,0.0,0,1.227,385.4,0.0,227,0.523,26,0.0,0.0,0.12,0,0.0,10.0,0,0.0,0,0,0,1.994,0.0,472.92,472.92,0,3,0,0,0.4,0.0,0.09,0.0,0.0,0.409,0.0,26,26,1
0.333,0.1429,1,1.134,313.89,339.18,39,4.756,18,0.1429,0.0,0.1,0,1.905,48.1,0,1.0,0,0,0,1.083,339.18,355.85,355.85,1,6,1,1,5.38,0.33,1.24,0.1429,0.1667,0.3163,339.18,18,18,0
0.0,0.0,0,1.555,162.63,0.0,159,0.491,16,0.0,0.0,0.2,0,0.0,10.0,0,0.0,0,0,0,0.0,0.0,252.83,252.83,0,1,0,0,0.57,0.0,0.13,0.0,0.0,0.5182,0.0,16,16,0
1.0,0.4615,2,1.276,364.58,376.97,331,0.894,26,0.4615,0.25,0.08,0,5.385,100.0,0,1.0,0,0,0,0.0,822.26,465.18,465.18,0,3,0,2,1.18,1.0,0.27,0.4615,0.6667,0.5754,376.97,26,26,1
0.0,0.0,0,1.539,200.85,0.0,59,5.114,19,0.0,0.0,0.07,1,0.0,10.0,0,0.0,0,0,0,0.967,0.0,309.11,309.11,3,7,0,0,5.08,0.0,1.17,0.0,0.0,0.1539,0.0,19,19,1
0.333,0.3636,0,0.589,300.85,344.3,693,0.453,9,0.3636,0.0,0.2,0,-0.303,3.9,0,1.0,0,0,0,0.0,0.0,177.11,177.11,0,1,0,0,0.48,0.33,0.11,0.3636,0.0,0.4697,344.3,9,9,1
0.333,0.3333,0,0.545,305.75,285.77,282,0.468,8,0.3333,0.0,0.03,0,0.0,10.0,0,0.5,0,0,0,0.0,0.0,166.77,166.77,0,1,0,0,0.64,0.33,0.15,0.3333,0.0,0.4025,285.77,8,8,1
0.0,0.1,0,1.671,232.37,352.71,224,1.264,1,0.1,0.0,0.12,0,-1.0,0.0,0,1.0,0,0,0,0.77,0.0,388.21,388.21,1,4,0,0,1.34,0.0,0.31,0.1,0.0,0.3189,352.71,1,1,0
0.667,0.1429,0,1.286,265.22,235.03,94,4.33,10,0.1429,0.0,0.1,0,5.238,100.0,0,0.5,0,0,0,0.609,0.0,341.2,341.2,0,4,0,0,4.47,0.67,1.03,0.1429,0.0,0.2185,235.03,10,10,0
0.0,0.0,0,1.531,251.98,0.0,918,0.161,22,0.0,0.0,0.2,1,0.0,10.0,0,0.0,0,0,0,20.067,0.0,385.84,385.84,1,2,0,0,0.13,0.0,0.03,0.0,0.0,0.3828,0.0,22,22,1
0.333,0.3333,0,1.41,346.85,290.0,226,0.984,29,0.3333,0.0,0.1,1,0.0,10.0,0,0.5,0,0,0,1.018,0.0,489.19,489.19,0,1,0,0,0.8,0.33,0.18,0.3333,0.0,0.5138,290.0,29,29,1
0.0,0.0,0,1.107,101.35,0.0,11,13.636,8,0.0,0.0,0.12,0,0.0,10.0,0,0.0,0,0,1,1.0,0.0,112.15,112.15,3,5,0,0,13.64,0.0,3.15,0.0,0.0,0.2213,0.0,8,8,0
0.333,0.4286,0,0.754,210.33,134.31,213,0.452,7,0.4286,0.0,0.07,0,-0.952,0.0,0,0.333,0,0,0,0.0,0.0,158.53,158.53,1,1,0,0,0.99,0.33,0.23,0.4286,0.0,0.3813,134.31,7,7,1
0.0,0.1,0,0.154,238.28,473.43,381,0.769,24,0.1,0.0,0.2,0,-1.0,0.0,0,1.0,0,0,0,1.33,0.0,36.74,36.74,0,4,0,0,0.79,0.0,0.18,0.1,0.0,0.2141,473.43,24,24,1
0.0,0.0,0,1.546,294.8,0.0,40,6.5,8,0.0,0.0,0.08,0,0.0,10.0,0,0.0,0,0,0,1.167,0.0,455.72,455.72,0,8,0,0,6.0,0.0,1.39,0.0,0.0,0.1932,0.0,8,8,0
0.0,0.0,0,1.872,263.94,0.0,281,0.92,4,0.0,0.0,0.12,0,0.0,10.0,0,0.0,0,0,0,0.0,0.0,494.11,494.11,2,2,0,0,1.17,0.0,0.27,0.0,0.0,0.1702,0.0,4,4,0
0.0,0.0,0,0.779,326.61,0.0,158,2.155,19,0.0,0.0,0.05,0,0.0,10.0,0,0.0,0,0,0,1.51,0.0,254.59,254.59,2,5,0,0,2.28,0.0,0.53,0.0,0.0,0.065,0.0,19,19,0
0.0,0.0,0,1.251,282.62,0.0,521,0.146,28,0.0,0.0,0.07,0,0.0,10.0,0,0.0,0,0,0,0.0,0.0,353.49,353.49,0,1,0,0,0.23,0.0,0.05,0.0,0.0,0.3127,0.0,28,28,0
0.0,0.25,0,0.623,253.95,112.16,425,0.19,29,0.25,0.0,0.12,0,-2.5,0.0,0,0.0,0,0,0,0.0,0.0,158.3,158.3,0,1,0,0,0.28,0.0,0.07,0.25,0.0,0.2663,112.16,29,29,0
0.0,0.4,0,1.28,307.96,337.58,611,0.3,23,0.4,0.0,0.2,0,-4.0,0.0,0,1.0,0,0,0,0.0,0.0,394.18,394.18,0,1,0,0,0.25,0.0,0.06,0.4,0.0,0.6945,337.58,23,23,0
0.0,0.0,0,1.293,248.1,0.0,475,0.187,22,0.0,0.0,0.1,0,0.0,10.0,0,0.0,0,0,0,0.0,0.0,320.76,320.76,0,1,0,0,0.19,0.0,0.04,0.0,0.0,0.4309,0.0,22,22,0
0.333,0.3333,0,1.211,281.25,266.08,233,0.379,20,0.3333,0.0,0.2,0,0.0,10.0,0,0.5,0,0,0,0.0,0.0,340.57,340.57,0,3,0,0,0.77,0.33,0.18,0.3333,0.0,0.5172,266.08,20,20,1
0.0,0.0,0,1.291,223.7,0.0,205,1.679,26,0.0,0.0,0.2,0,0.0,10.0,0,0.0,0,0,0,3.967,0.0,288.74,288.74,0,1,0,0,1.32,0.0,0.3,0.0,0.0,0.1434,0.0,26,26,0
0.333,0.0667,1,1.067,241.31,274.07,41,10.465,19,0.0667,0.0,0.2,0,2.667,63.3,0,1.0,0,0,0,0.867,274.07,257.52,257.52,5,11,1,1,10.98,0.33,2.53,0.0667,0.0909,0.1469,274.07,19,19,0
0.0,0.0,0,1.128,320.32,0.0,269,0.185,11,0.0,0.0,0.1,1,0.0,10.0,0,0.0,0,0,0,0.0,0.0,361.39,361.39,0,2,0,0,0.33,0.0,0.08,0.0,0.0,0.3761,0.0,11,11,1
0.0,0.25,0,0.82,286.4,440.3,498,0.3,24,0.25,0.0,0.05,0,-2.5,0.0,0,1.0,0,0,0,0.0,0.0,234.87,234.87,0,2,0,0,0.24,0.0,0.06,0.25,0.0,0.5894,440.3,24,24,0
0.667,0.5556,1,0.334,269.3,338.23,395,0.761,8,0.5556,0.3333,0.12,1,1.111,32.2,0,1.0,0,0,0,1.342,230.26,89.94,89.94,0,1,0,1,0.68,0.67,0.16,0.5556,1.0,0.7349,338.23,8,8,1
0.0,0.0,0,1.72,218.31,0.0,325,0.831,12,0.0,0.0,0.2,0,0.0,10.0,0,0.0,0,0,0,4.917,0.0,375.59,375.59,0,3,0,0,0.83,0.0,0.19,0.0,0.0,0.1912,0.0,12,12,0
0.0,0.0,0,0.316,258.23,0.0,394,0.206,24,0.0,0.0,0.2,0,0.0,10.0,0,0.0,1,0,0,0.0,0.0,81.54,81.54,0,1,0,0,0.23,0.0,0.05,0.0,0.0,0.1053,0.0,24,24,1
0.0,0.4,0,0.479,280.8,309.34,591,0.493,8,0.4,0.0,0.05,0,-4.0,0.0,0,1.0,0,0,0,4.825,0.0,134.52,134.52,1,2,0,0,0.51,0.0,0.12,0.4,0.0,0.4886,309.34,8,8,1
0.0,0.3333,0,0.947,217.77,255.94,452,0.618,5,0.3333,0.0,0.07,0,-3.333,0.0,0,0.667,0,0,0,0.0,0.0,206.14,206.14,1,2,0,0,0.6,0.0,0.14,0.3333,0.0,0.4969,255.94,5,5,1
0.0,0.0,0,1.587,292.25,0.0,191,1.12,26,0.0,0.0,0.2,0,0.0,10.0,0,0.0,0,0,0,0.0,0.0,463.67,463.67,0,5,0,0,1.41,0.0,0.33,0.0,0.0,0.1763,0.0,26,26,0
0.333,0.0714,1,0.132,252.75,358.11,400,1.082,29,0.0714,0.0,0.08,0,2.619,62.4,0,1.0,0,0,0,1.979,358.11,33.24,33.24,0,2,0,1,1.05,0.33,0.24,0.0714,0.5,0.1106,358.11,29,29,0
0.0,0.3333,0,1.045,272.41,416.96,242,0.455,6,0.3333,0.0,0.07,0,-3.333,0.0,0,1.0,0,0,0,0.0,0.0,284.73,284.73,1,1,0,0,0.37,0.0,0.09,0.3333,0.0,0.8586,416.96,6,6,1
0.333,0.2,1,1.813,127.0,73.44,61,0.588,6,0.2,0.5,0.12,1,1.333,36.7,0,0.0,0,0,0,0.0,73.44,230.29,230.29,2,3,0,1,2.46,0.33,0.57,0.2,0.3333,0.4783,73.44,6,6,1
0.0,0.0,0,0.875,348.38,0.0,34,1.531,5,0.0,0.0,0.12,0,0.0,10.0,0,0.0,0,0,0,2.2,0.0,304.76,304.76,1,3,0,0,2.65,0.0,0.61,0.0,0.0,0.2916,0.0,5,5,1
0.0,0.0,0,1.0,40.99,0.0,83,0.573,18,0.0,0.0,0.2,0,0.0,10.0,0,0.0,0,0,0,1.933,0.0,40.99,40.99,0,1,0,0,0.36,0.0,0.08,0.0,0.0,1.0,0.0,18,18,1
0.0,0.0,0,1.51,312.92,0.0,174,2.258,25,0.0,0.0,0.07,0,0.0,10.0,0,0.0,1,0,0,0.867,0.0,472.46,472.46,1,5,0,0,2.41,0.0,0.56,0.0,0.0,0.1078,0.0,25,25,0
0.333,0.5,0,0.872,384.56,433.76,147,0.651,15,0.5,0.0,0.1,0,-1.667,0.0,0,1.0,0,0,0,1.604,0.0,335.36,335.36,0,1,0,0,0.41,0.33,0.09,0.5,0.0,1.0,433.76,15,15,0
0.0,0.0,0,1.254,308.49,0.0,10,1.707,3,0.0,0.0,0.08,0,0.0,10.0,0,0.0,0,0,1,1.2,0.0,386.76,386.76,3,3,0,0,9.0,0.0,2.08,0.0,0.0,0.4179,0.0,3,3,0
0.667,0.2222,1,1.384,274.29,191.12,263,0.896,22,0.2222,0.3333,0.03,1,4.444,98.9,0,0.5,1,0,0,1.124,281.09,379.56,379.56,0,1,0,1,1.03,0.67,0.24,0.2222,1.0,0.3086,191.12,22,22,1
0.0,0.0,0,1.628,303.96,0.0,164,1.255,11,0.0,0.0,0.07,0,0.0,10.0,0,0.0,0,0,0,1.742,0.0,494.76,494.76,0,2,0,0,1.1,0.0,0.25,0.0,0.0,0.2713,0.0,11,11,0
0.0,0.0,0,0.984,302.12,0.0,301,0.32,22,0.0,0.0,0.2,0,0.0,10.0,0,0.0,0,0,0,0.0,0.0,297.25,297.25,1,3,0,0,0.5,0.0,0.12,0.0,0.0,0.1968,0.0,22,22,0
0.0,0.1111,0,1.32,278.61,407.63,547,0.388,23,0.1111,0.0,0.1,0,-1.111,0.0,0,1.0,0,0,0,0.0,0.0,367.68,367.68,1,2,0,0,0.49,0.0,0.11,0.1111,0.0,0.3092,407.63,23,23,1
0.0,0.0,0,1.0,50.09,0.0,114,0.323,22,0.0,0.0,0.07,0,0.0,10.0,0,0.0,0,0,0,0.0,0.0,50.09,50.09,0,1,0,0,0.26,0.0,0.06,0.0,0.0,1.0,0.0,22,22,0
1.0,0.3,3,1.24,256.27,126.47,31,6.29,29,0.3,0.3333,0.07,0,7.0,100.0,1,0.0,0,0,0,0.32,379.41,317.86,317.86,1,10,2,3,9.68,1.0,2.23,0.3,0.3,0.2721,126.47,29,29,1
0.333,0.3636,1,1.111,291.7,364.98,213,1.531,10,0.3636,0.0,0.03,0,-0.303,3.9,0,1.0,0,0,0,2.2,235.1,324.02,324.02,1,3,0,1,1.55,0.33,0.36,0.3636,0.3333,0.556,364.98,10,10,1
0.0,0.0,0,0.776,226.28,0.0,56,3.75,12,0.0,0.0,0.2,0,0.0,10.0,0,0.0,0,0,0,2.05,0.0,175.67,175.67,1,2,0,0,2.68,0.0,0.62,0.0,0.0,0.1553,0.0,12,12,0
0.0,0.0,0,0.957,262.59,0.0,649,0.212,1,0.0,0.0,0.08,0,0.0,10.0,0,0.0,0,0,0,0.0,0.0,251.42,251.42,1,1,0,0,0.28,0.0,0.06,0.0,0.0,0.1596,0.0,1,1,0
0.0,0.1667,0,0.381,249.12,245.75,546,0.404,10,0.1667,0.0,0.05,0,-1.667,0.0,0,1.0,0,0,0,0.0,0.0,94.8,94.8,0,2,0,0,0.33,0.0,0.08,0.1667,0.0,0.2278,245.75,10,10,0
0.0,0.4,0,0.447,240.83,219.08,579,0.51,8,0.4,0.0,0.03,0,-4.0,0.0,0,0.25,0,0,0,2.031,0.0,107.68,107.68,0,1,0,0,0.52,0.0,0.12,0.4,0.0,0.4086,219.08,8,8,1
0.0,0.0,0,1.399,280.18,0.0,142,1.309,19,0.0,0.0,0.2,0,0.0,10.0,0,0.0,0,0,0,0.742,0.0,391.96,391.96,0,1,0,0,1.27,0.0,0.29,0.0,0.0,0.2332,0.0,19,19,0
0.0,0.0,0,1.39,243.08,0.0,23,4.33,17,0.0,0.0,0.12,0,0.0,10.0,0,0.0,0,0,1,0.609,0.0,337.91,337.91,1,5,0,0,6.52,0.0,1.51,0.0,0.0,0.278,0.0,17,17,0
0.0,0.0,0,1.0,360.3,0.0,98,0.878,16,0.0,0.0,0.12,0,0.0,10.0,0,0.0,0,0,0,1.152,0.0,360.3,360.3,0,1,0,0,0.31,0.0,0.07,0.0,0.0,1.0,0.0,16,16,0
0.0,0.0,0,1.0,254.63,0.0,105,0.65,5,0.0,0.0,0.07,0,0.0,10.0,0,0.0,0,0,0,3.493,0.0,254.63,254.63,1,1,0,0,0.29,0.0,0.07,0.0,0.0,1.0,0.0,5,5,0
0.0,0.25,0,0.435,175.46,104.84,608,0.309,19,0.25,0.0,0.03,0,-2.5,0.0,0,0.0,0,0,0,0.0,0.0,76.39,76.39,0,1,0,0,0.39,0.0,0.09,0.25,0.0,0.2038,104.84,19,19,1
0.0,0.0,0,1.0,134.79,0.0,37,0.372,18,0.0,0.0,0.07,0,0.0,10.0,0,0.0,0,0,0,0.0,0.0,134.79,134.79,0,1,0,0,0.81,0.0,0.19,0.0,0.0,1.0,0.0,18,18,1
0.0,0.5,0,1.503,323.03,365.19,332,0.904,7,0.5,0.0,0.08,0,-5.0,0.0,0,0.8,0,0,0,2.517,0.0,485.58,485.58,1,2,0,0,0.9,0.0,0.21,0.5,0.0,0.7156,365.19,7,7,1
0.0,0.0,0,1.226,177.38,0.0,21,0.192,13,0.0,0.0,0.08,0,0.0,10.0,0,0.0,1,0,1,0.0,0.0,217.41,217.41,1,2,0,0,2.86,0.0,0.66,0.0,0.0,0.6128,0.0,13,13,0
0.0,0.0,0,0.98,247.85,0.0,109,0.723,7,0.0,0.0,0.2,0,0.0,10.0,0,0.0,1,0,0,0.0,0.0,242.83,242.83,1,2,0,0,0.83,0.0,0.19,0.0,0.0,0.3266,0.0,7,7,0
0.0,0.0,0,0.88,332.82,0.0,337,0.253,25,0.0,0.0,0.05,0,0.0,10.0,0,0.0,0,0,0,0.0,0.0,292.87,292.87,0,1,0,0,0.18,0.0,0.04,0.0,0.0,0.44,0.0,25,25,1
0.0,0.1,0,0.527,158.18,405.91,362,0.84,19,0.1,0.0,0.12,0,-1.0,0.0,0,1.0,0,0,0,1.21,0.0,83.39,83.39,1,2,0,0,0.83,0.0,0.19,0.1,0.0,0.3093,405.91,19,19,0
0.667,0.6667,1,0.811,286.49,313.56,214,0.84,4,0.6667,0.0,0.2,0,0.0,10.0,0,1.0,0,0,0,0.0,275.61,232.36,232.36,1,2,0,1,0.42,0.67,0.1,0.6667,0.5,1.0,313.56,4,4,1
0.0,0.25,0,0.862,328.23,357.3,595,0.24,24,0.25,0.0,0.08,0,-2.5,0.0,0,1.0,0,0,0,4.619,0.0,283.05,283.05,0,1,0,0,0.2,0.0,0.05,0.25,0.0,0.4877,357.3,24,24,1
0.0,0.0,0,0.873,264.8,0.0,41,3.147,16,0.0,0.0,0.12,0,0.0,10.0,0,0.0,0,0,0,3.296,0.0,231.19,231.19,1,2,0,0,2.93,0.0,0.68,0.0,0.0,0.2183,0.0,16,16,0
0.0,0.2727,0,1.438,294.33,279.91,355,0.661,17,0.2727,0.0,0.05,1,-2.727,0.0,0,0.667,0,0,0,1.55,0.0,423.32,423.32,0,4,0,0,0.93,0.0,0.21,0.2727,0.0,0.3901,279.91,17,17,1
0.0,0.0,0,0.884,408.2,0.0,222,0.526,1,0.0,0.0,0.08,0,0.0,10.0,0,0.0,0,0,0,0.0,0.0,360.9,360.9,1,1,0,0,0.41,0.0,0.09,0.0,0.0,0.2947,0.0,1,1,0
0.0,0.0,0,1.0,400.75,0.0,463,0.107,29,0.0,0.0,0.2,0,0.0,10.0,0,0.0,0,0,0,0.0,0.0,400.75,400.75,0,1,0,0,0.06,0.0,0.01,0.0,0.0,1.0,0.0,29,29,0
0.0,0.1429,0,0.258,294.27,361.57,563,0.334,29,0.1429,0.0,0.1,0,-1.429,0.0,0,1.0,0,0,0,0.0,0.0,76.03,76.03,0,2,0,0,0.37,0.0,0.09,0.1429,0.0,0.2124,361.57,29,29,1
0.0,0.4,0,0.973,359.07,253.98,641,0.311,29,0.4,0.0,0.03,1,-4.0,0.0,0,0.5,0,0,0,3.487,0.0,349.21,349.21,0,1,0,0,0.23,0.0,0.05,0.4,0.0,0.4774,253.98,29,29,1
0.0,0.4,0,0.443,270.34,391.5,505,0.387,1,0.4,0.0,0.03,1,-4.0,0.0,0,1.0,0,0,0,2.783,0.0,119.63,119.63,1,2,0,0,0.3,0.0,0.07,0.4,0.0,0.6678,391.5,1,1,1
0.333,0.4,0,1.526,232.14,104.72,209,0.754,3,0.4,0.0,0.07,1,-0.667,0.0,0,0.0,0,0,0,3.067,0.0,354.28,354.28,1,1,0,0,0.72,0.33,0.17,0.4,0.0,0.4857,104.72,3,3,1
0.0,0.0,0,1.0,442.9,0.0,40,0.462,17,0.0,0.0,0.1,0,0.0,10.0,0,0.0,1,0,0,0.0,0.0,442.9,442.9,0,1,0,0,0.75,0.0,0.17,0.0,0.0,1.0,0.0,17,17,1
0.0,0.0,0,1.844,252.57,0.0,12,30.0,11,0.0,0.0,0.1,0,0.0,10.0,0,0.0,0,0,1,1.0,0.0,465.67,465.67,9,15,0,0,37.5,0.0,8.66,0.0,0.0,0.1229,0.0,11,11,0
0.667,0.3333,2,1.026,236.75,99.79,12,15.0,2,0.3333,0.0,0.05,1,3.333,76.7,1,0.0,0,0,1,1.0,199.58,242.85,242.85,4,6,2,2,15.0,0.67,3.46,0.3333,0.3333,0.3115,99.79,2,2,1
0.333,0.2,0,0.474,236.66,393.4,115,0.759,23,0.2,0.0,0.12,0,1.333,36.7,0,1.0,0,0,0,0.0,0.0,112.15,112.15,0,3,0,0,1.3,0.33,0.3,0.2,0.0,0.4272,393.4,23,23,0
0.0,0.1429,0,1.128,264.56,433.17,373,0.321,7,0.1429,0.0,0.2,0,-1.429,0.0,0,1.0,1,0,0,0.0,0.0,298.54,298.54,1,1,0,0,0.56,0.0,0.13,0.1429,0.0,0.3951,433.17,7,7,0
0.333,0.125,0,0.788,260.07,438.46,110,2.087,21,0.125,0.0,0.1,0,2.083,51.7,0,1.0,0,0,0,0.405,0.0,205.01,205.01,0,2,0,0,2.18,0.33,0.5,0.125,0.0,0.3093,438.46,21,21,0
0.0,0.6,0,1.403,249.54,232.57,205,0.432,3,0.6,0.6667,0.12,1,-6.0,0.0,0,0.667,0,0,0,0.0,0.0,350.09,350.09,1,2,0,0,0.73,0.0,0.17,0.6,0.0,0.8398,232.57,3,3,1
0.0,0.5833,0,0.29,207.14,186.4,464,0.808,2,0.5833,0.3333,0.12,0,-5.833,0.0,0,0.429,0,0,0,1.255,0.0,59.97,59.97,1,2,0,0,0.78,0.0,0.18,0.5833,0.0,0.549,186.4,2,2,1
0.0,0.0,0,0.257,136.35,0.0,942,0.243,7,0.0,0.0,0.05,0,0.0,10.0,0,0.0,0,0,0,4.557,0.0,35.1,35.1,1,2,0,0,0.22,0.0,0.05,0.0,0.0,0.0368,0.0,7,7,0
0.0,0.0,0,1.024,174.94,0.0,275,0.293,25,0.0,0.0,0.03,0,0.0,10.0,0,0.0,0,0,0,0.0,0.0,179.08,179.08,0,2,0,0,0.33,0.0,0.08,0.0,0.0,0.3412,0.0,25,25,0
1.667,0.5556,2,1.115,212.61,187.17,113,2.748,25,0.5556,0.6667,0.12,1,11.111,100.0,0,0.6,0,0,0,1.122,407.1,237.13,237.13,0,2,1,2,2.39,1.67,0.55,0.5556,1.0,0.613,187.17,25,25,1
0.0,0.0,0,0.969,266.59,0.0,169,0.144,17,0.0,0.0,0.05,0,0.0,10.0,0,0.0,0,0,0,0.0,0.0,258.35,258.35,0,1,0,0,0.53,0.0,0.12,0.0,0.0,0.323,0.0,17,17,0
0.0,0.0,0,1.183,311.73,0.0,227,0.265,21,0.0,0.0,0.08,0,0.0,10.0,0,0.0,0,0,0,0.0,0.0,368.79,368.79,0,1,0,0,0.53,0.0,0.12,0.0,0.0,0.2958,0.0,21,21,0
0.0,0.1429,0,0.204,284.74,231.76,938,0.21,5,0.1429,0.0,0.2,0,-1.429,0.0,0,1.0,0,0,0,0.0,0.0,58.1,58.1,1,1,0,0,0.22,0.0,0.05,0.1429,0.0,0.1454,231.76,5,5,0
0.667,0.5,0,0.345,235.95,340.13,232,0.364,19,0.5,0.0,0.03,0,1.667,43.3,0,1.0,0,0,0,0.0,0.0,81.38,81.38,0,1,0,0,0.52,0.67,0.12,0.5,0.0,0.807,340.13,19,19,1
0.333,0.125,1,1.005,275.41,52.26,32,6.164,17,0.125,0.0,0.08,1,2.083,51.7,0,0.0,0,0,0,0.956,52.26,276.67,276.67,2,8,1,1,7.5,0.33,1.73,0.125,0.125,0.1493,52.26,17,17,1
0.0,0.0,0,0.514,265.82,0.0,241,0.923,1,0.0,0.0,0.05,0,0.0,10.0,0,0.0,1,0,0,4.6,0.0,136.56,136.56,1,1,0,0,0.75,0.0,0.17,0.0,0.0,0.0856,0.0,1,1,1
0.333,0.4286,0,1.56,295.19,337.91,361,0.455,21,0.4286,0.5,0.2,0,-0.952,0.0,0,1.0,1,0,0,0.0,0.0,460.5,460.5,0,1,0,0,0.58,0.33,0.13,0.4286,0.0,0.7134,337.91,21,21,1
0.0,0.0,0,0.743,400.98,0.0,128,0.602,28,0.0,0.0,0.1,0,0.0,10.0,0,0.0,1,0,0,0.0,0.0,297.79,297.79,0,1,0,0,0.7,0.0,0.16,0.0,0.0,0.2475,0.0,28,28,0
0.0,0.0,0,1.327,320.23,0.0,338,1.08,20,0.0,0.0,0.05,0,0.0,10.0,0,0.0,0,0,0,0.0,0.0,424.99,424.99,0,1,0,0,1.24,0.0,0.29,0.0,0.0,0.0948,0.0,20,20,0
0.0,0.6667,0,0.984,351.58,354.44,895,0.123,7,0.6667,0.0,0.07,0,-6.667,0.0,0,1.0,0,0,0,10.467,0.0,345.87,345.87,1,1,0,0,0.1,0.0,0.02,0.6667,0.0,1.0,354.44,7,7,1
0.0,0.0,0,0.293,177.23,0.0,110,1.007,5,0.0,0.0,0.12,0,0.0,10.0,0,0.0,0,0,0,0.993,0.0,51.97,51.97,1,2,0,0,1.91,0.0,0.44,0.0,0.0,0.0419,0.0,5,5,0
0.0,0.0,0,0.583,192.12,0.0,111,0.472,12,0.0,0.0,0.08,0,0.0,10.0,0,0.0,0,0,0,4.956,0.0,112.08,112.08,0,1,0,0,0.54,0.0,0.12,0.0,0.0,0.2917,0.0,12,12,0
0.667,0.4286,0,0.793,273.2,328.13,169,1.214,29,0.4286,0.5,0.05,0,2.381,57.6,0,0.667,0,0,0,0.81,0.0,216.6,216.6,0,1,0,0,1.24,0.67,0.29,0.4286,0.0,0.628,328.13,29,29,1
0.0,0.0,0,1.115,313.04,0.0,83,1.286,20,0.0,0.0,0.08,0,0.0,10.0,0,0.0,0,0,0,0.75,0.0,349.07,349.07,0,1,0,0,1.45,0.0,0.33,0.0,0.0,0.2788,0.0,20,20,0
0.667,0.5385,1,1.016,263.24,274.8,259,1.477,11,0.5385,0.3333,0.08,0,1.282,35.6,0,0.571,0,0,0,0.65,362.42,267.34,267.34,0,1,0,1,1.51,0.67,0.35,0.5385,1.0,0.6402,274.8,11,11,1
0.0,0.1667,0,1.237,399.9,155.52,479,0.277,10,0.1667,0.0,0.05,0,-1.667,0.0,0,0.0,1,0,0,0.0,0.0,494.85,494.85,0,1,0,0,0.38,0.0,0.09,0.1667,0.0,0.2711,155.52,10,10,1
0.333,0.3846,1,1.86,187.78,183.61,253,1.351,5,0.3846,0.25,0.03,0,-0.513,0.0,0,0.4,0,0,0,0.721,375.47,349.19,349.19,1,3,0,1,1.54,0.33,0.36,0.3846,0.3333,0.5191,183.61,5,5,1
0.333,0.3333,0,0.97,188.72,116.27,271,0.217,3,0.3333,0.0,0.12,0,0.0,10.0,0,0.0,0,0,0,0.0,0.0,183.0,183.0,1,1,0,0,0.33,0.33,0.08,0.3333,0.0,0.5286,116.27,3,3,1
0.0,0.0,0,0.599,312.7,0.0,237,0.37,6,0.0,0.0,0.12,0,0.0,10.0,0,0.0,0,0,0,0.0,0.0,187.42,187.42,1,1,0,0,0.63,0.0,0.15,0.0,0.0,0.1199,0.0,6,6,1
0.0,0.0,0,1.0,214.17,0.0,357,0.142,5,0.0,0.0,0.12,1,0.0,10.0,0,0.0,0,0,0,0.0,0.0,214.17,214.17,1,1,0,0,0.08,0.0,0.02,0.0,0.0,1.0,0.0,5,5,1
0.0,0.1429,0,0.945,289.53,448.06,678,0.552,27,0.1429,0.0,0.12,0,-1.429,0.0,0,1.0,0,0,0,0.0,0.0,273.64,273.64,0,2,0,0,0.62,0.0,0.14,0.1429,0.0,0.2886,448.06,27,27,0
0.0,0.4,0,1.187,294.81,320.38,507,0.36,6,0.4,0.0,0.12,0,-4.0,0.0,0,1.0,1,0,0,3.029,0.0,349.82,349.82,1,1,0,0,0.3,0.0,0.07,0.4,0.0,0.672,320.38,6,6,1
0.0,0.0,0,0.882,403.29,0.0,18,0.497,1,0.0,0.0,0.1,0,0.0,10.0,0,0.0,0,0,1,0.0,0.0,355.59,355.59,2,2,0,0,3.33,0.0,0.77,0.0,0.0,0.4409,0.0,1,1,1
0.0,0.0,0,1.084,217.36,0.0,24,4.118,10,0.0,0.0,0.1,1,0.0,10.0,0,0.0,0,0,1,1.8,0.0,235.69,235.69,2,4,0,0,5.0,0.0,1.15,0.0,0.0,0.2711,0.0,10,10,1
0.0,0.0,0,0.895,235.38,0.0,139,0.55,26,0.0,0.0,0.2,0,0.0,10.0,0,0.0,1,0,0,4.072,0.0,210.69,210.69,0,1,0,0,0.86,0.0,0.2,0.0,0.0,0.2238,0.0,26,26,0
0.0,0.0,0,0.583,160.32,0.0,710,0.532,20,0.0,0.0,0.03,0,0.0,10.0,0,0.0,0,0,0,1.943,0.0,93.41,93.41,0,2,0,0,0.51,0.0,0.12,0.0,0.0,0.0486,0.0,20,20,0
1.333,0.4444,3,0.827,276.61,240.82,150,1.8,9,0.4444,0.5,0.07,1,8.889,100.0,1,0.5,0,0,0,5.0,693.27,228.66,228.66,1,5,2,3,1.8,1.33,0.42,0.4444,0.6,0.4788,240.82,9,9,1
0.0,0.0,0,1.0,312.32,0.0,85,0.625,27,0.0,0.0,0.03,0,0.0,10.0,0,0.0,0,0,0,1.8,0.0,312.32,312.32,0,1,0,0,0.35,0.0,0.08,0.0,0.0,1.0,0.0,27,27,1
0.333,0.1429,0,0.301,280.55,293.98,209,0.897,23,0.1429,0.3333,0.12,0,1.905,48.1,0,1.0,0,0,0,1.127,0.0,84.4,84.4,0,2,0,0,1.0,0.33,0.23,0.1429,0.0,0.1927,293.98,23,23,0
0.0,0.0,0,0.522,308.48,0.0,58,0.467,15,0.0,0.0,0.07,0,0.0,10.0,0,0.0,0,0,0,0.0,0.0,160.87,160.87,0,1,0,0,1.03,0.0,0.24,0.0,0.0,0.2608,0.0,15,15,0
0.667,0.375,0,1.143,390.84,455.05,290,1.048,10,0.375,0.0,0.03,0,2.917,68.3,0,1.0,0,0,0,3.562,0.0,446.82,446.82,1,2,0,0,0.83,0.67,0.19,0.375,0.0,0.5795,455.05,10,10,1
0.333,0.3333,1,0.527,279.74,228.32,300,0.349,23,0.3333,0.5,0.2,0,0.0,10.0,0,0.5,0,0,0,0.0,174.37,147.36,147.36,0,2,0,1,0.6,0.33,0.14,0.3333,0.5,0.3599,228.32,23,23,1
0.667,0.2857,2,0.859,288.22,401.44,108,1.284,3,0.2857,0.0,0.12,0,3.81,86.2,0,1.0,0,0,0,1.65,802.89,247.44,247.44,1,3,0,2,1.94,0.67,0.45,0.2857,0.6667,0.5206,401.44,3,3,1
0.0,0.0,0,0.463,330.19,0.0,357,0.543,14,0.0,0.0,0.03,0,0.0,10.0,0,0.0,0,0,0,0.0,0.0,152.99,152.99,0,2,0,0,0.67,0.0,0.16,0.0,0.0,0.0579,0.0,14,14,0
0.0,0.0,0,0.13,174.01,0.0,127,0.312,7,0.0,0.0,0.05,0,0.0,10.0,0,0.0,0,0,0,0.0,0.0,22.66,22.66,1,1,0,0,0.47,0.0,0.11,0.0,0.0,0.0651,0.0,7,7,0
0.0,0.0,0,1.0,478.09,0.0,238,0.469,1,0.0,0.0,0.1,0,0.0,10.0,0,0.0,0,0,0,0.0,0.0,478.09,478.09,1,1,0,0,0.13,0.0,0.03,0.0,0.0,1.0,0.0,1,1,0
0.0,0.0,0,1.03,309.09,0.0,120,1.024,15,0.0,0.0,0.1,0,0.0,10.0,0,0.0,0,0,0,0.972,0.0,318.27,318.27,0,2,0,0,0.75,0.0,0.17,0.0,0.0,0.3432,0.0,15,15,1
0.333,0.5,1,0.922,185.77,230.37,246,0.594,8,0.5,0.0,0.03,0,-1.667,0.0,0,0.333,0,0,0,0.0,199.57,171.31,171.31,0,2,0,1,0.73,0.33,0.17,0.5,0.5,0.7737,230.37,8,8,1
0.0,0.0,0,1.13,57.92,0.0,11,0.301,11,0.0,0.0,0.03,0,0.0,10.0,0,0.0,0,0,1,0.0,0.0,65.48,65.48,1,2,0,0,5.45,0.0,1.26,0.0,0.0,0.5652,0.0,11,11,0
0.0,0.6,0,1.075,279.18,316.43,455,0.262,20,0.6,0.0,0.12,0,-6.0,0.0,0,1.0,0,0,0,4.283,0.0,300.0,300.0,0,1,0,0,0.33,0.0,0.08,0.6,0.0,0.895,316.43,20,20,1
0.0,0.0,0,1.248,364.43,0.0,127,0.312,25,0.0,0.0,0.03,0,0.0,10.0,0,0.0,0,0,0,0.0,0.0,454.8,454.8,0,1,0,0,0.47,0.0,0.11,0.0,0.0,0.624,0.0,25,25,1
0.333,0.25,1,0.315,355.73,382.69,35,2.376,13,0.25,0.0,0.1,1,0.833,26.7,0,1.0,0,0,0,0.789,382.69,112.13,112.13,0,4,0,1,3.43,0.33,0.79,0.25,0.25,0.3477,382.69,13,13,1
0.0,0.0,0,1.189,370.9,0.0,70,0.921,1,0.0,0.0,0.1,0,0.0,10.0,0,0.0,0,0,0,0.0,0.0,440.86,440.86,1,1,0,0,0.86,0.0,0.2,0.0,0.0,0.5943,0.0,1,1,0
1.333,0.5,3,0.169,178.56,162.97,137,2.211,1,0.5,0.0,0.03,0,8.333,100.0,0,0.2,0,1,0,2.133,371.8,30.16,30.16,3,4,0,3,2.19,1.33,0.51,0.5,0.75,0.4732,162.97,1,1,1
0.0,0.0,0,0.499,72.91,0.0,39,0.382,17,0.0,0.0,0.2,0,0.0,10.0,0,0.0,0,0,0,2.817,0.0,36.39,36.39,0,2,0,0,1.54,0.0,0.36,0.0,0.0,0.2496,0.0,17,17,1
0.333,0.5,1,0.089,296.17,310.74,245,0.825,1,0.5,0.5,0.03,0,-1.667,0.0,0,1.0,0,0,0,1.228,326.64,26.42,26.42,1,2,1,1,1.22,0.33,0.28,0.5,0.5,0.5335,310.74,1,1,1
0.333,0.6,0,1.3,261.46,218.05,202,0.837,15,0.6,0.6667,0.2,0,-2.667,0.0,0,0.333,0,0,0,3.083,0.0,339.82,339.82,0,1,0,0,0.74,0.33,0.17,0.6,0.0,0.7603,218.05,15,15,1
0.0,0.0,0,1.898,257.59,0.0,522,0.469,3,0.0,0.0,0.2,0,0.0,10.0,0,0.0,0,0,0,0.0,0.0,488.92,488.92,1,1,0,0,0.52,0.0,0.12,0.0,0.0,0.2109,0.0,3,3,0
1.0,0.4286,3,1.633,243.84,265.96,53,4.118,8,0.4286,0.3333,0.1,1,5.714,100.0,0,0.667,0,0,0,1.8,797.89,398.27,398.27,0,4,0,3,3.96,1.0,0.92,0.4286,0.75,0.7008,265.96,8,8,1
2.333,0.5385,7,1.137,258.42,264.46,59,6.164,6,0.5385,0.0,0.12,1,17.949,100.0,1,0.571,0,1,0,0.956,1851.19,293.92,293.92,2,6,2,7,6.61,2.33,1.53,0.5385,1.1667,0.6385,264.46,6,6,1
0.0,0.0,0,0.241,351.79,0.0,38,9.0,8,0.0,0.0,0.2,0,0.0,10.0,0,0.0,0,0,0,1.0,0.0,84.77,84.77,1,10,0,0,9.47,0.0,2.19,0.0,0.0,0.0201,0.0,8,8,0
0.667,0.5,1,0.619,193.98,245.9,91,1.353,15,0.5,0.5,0.05,1,1.667,43.3,0,0.5,0,0,0,0.0,470.75,120.17,120.17,0,2,0,1,1.32,0.67,0.3,0.5,0.5,0.7887,245.9,15,15,1
0.667,0.2,2,1.423,326.21,372.31,27,10.714,20,0.2,0.0,0.08,0,4.667,100.0,0,1.0,0,0,1,0.8,744.62,464.28,464.28,2,10,1,2,11.11,0.67,2.57,0.2,0.2,0.3706,372.31,20,20,0
0.0,0.0,0,1.066,354.05,0.0,155,0.253,26,0.0,0.0,0.08,0,0.0,10.0,0,0.0,1,0,0,0.0,0.0,377.35,377.35,1,2,0,0,0.39,0.0,0.09,0.0,0.0,0.5329,0.0,26,26,0
0.0,0.0,0,1.517,294.1,0.0,238,0.531,10,0.0,0.0,0.12,0,0.0,10.0,0,0.0,0,0,0,1.992,0.0,446.2,446.2,0,1,0,0,0.25,0.0,0.06,0.0,0.0,0.7586,0.0,10,10,1
0.667,0.6154,0,1.245,203.65,206.1,300,1.121,26,0.6154,0.0,0.1,0,0.513,20.3,0,0.5,0,0,0,0.0,0.0,253.55,253.55,1,2,0,0,1.3,0.67,0.3,0.6154,0.0,0.7186,206.1,26,26,1
0.0,0.0,0,0.392,302.92,0.0,614,0.538,13,0.0,0.0,0.2,0,0.0,10.0,0,0.0,0,0,0,0.0,0.0,118.71,118.71,0,1,0,0,0.59,0.0,0.14,0.0,0.0,0.0327,0.0,13,13,0
0.0,0.0,0,1.127,199.07,0.0,93,0.467,1,0.0,0.0,0.12,0,0.0,10.0,0,0.0,0,0,0,2.224,0.0,224.32,224.32,1,2,0,0,1.29,0.0,0.3,0.0,0.0,0.2817,0.0,1,1,0
1.0,0.7,0,1.412,222.6,188.21,297,0.997,14,0.7,0.0,0.05,1,3.0,70.0,0,0.429,0,0,0,2.258,0.0,314.28,314.28,1,2,0,0,1.01,1.0,0.23,0.7,0.0,0.7331,188.21,14,14,1
0.0,0.1429,0,0.311,196.55,140.08,520,0.581,9,0.1429,0.0,0.2,0,-1.429,0.0,0,0.0,1,0,0,3.85,0.0,61.17,61.17,0,1,0,0,0.4,0.0,0.09,0.1429,0.0,0.1463,140.08,9,9,1
0.333,0.3333,0,0.245,152.22,274.92,64,0.809,1,0.3333,0.0,0.07,0,0.0,10.0,0,1.0,0,0,0,0.0,0.0,37.32,37.32,1,2,0,0,1.41,0.33,0.32,0.3333,0.0,0.6837,274.92,1,1,1
0.667,0.4545,0,0.97,250.2,191.43,775,0.423,1,0.4545,0.3333,0.12,1,2.121,52.4,0,0.4,0,0,0,2.5,0.0,242.58,242.58,1,1,0,0,0.43,0.67,0.1,0.4545,0.0,0.4359,191.43,1,1,1
0.333,0.2308,1,0.074,280.89,319.22,319,1.223,10,0.2308,0.0,0.07,0,1.026,30.5,0,0.667,0,0,0,1.752,387.96,20.9,20.9,0,2,1,1,1.22,0.33,0.28,0.2308,0.5,0.268,319.22,10,10,0
0.0,0.0,0,0.555,292.72,0.0,23,8.438,8,0.0,0.0,0.2,0,0.0,10.0,0,0.0,0,0,1,0.533,0.0,162.58,162.58,3,8,0,0,10.43,0.0,2.41,0.0,0.0,0.0694,0.0,8,8,0
0.0,0.1111,0,0.556,298.33,394.63,207,1.174,9,0.1111,0.25,0.08,0,-1.111,0.0,0,1.0,0,0,0,0.837,0.0,165.79,165.79,0,1,0,0,1.3,0.0,0.3,0.1111,0.0,0.2087,394.63,9,9,0
0.0,0.5,0,1.084,224.1,250.72,647,0.39,23,0.5,0.0,0.12,1,-5.0,0.0,0,0.5,0,0,0,2.737,0.0,242.89,242.89,0,1,0,0,0.37,0.0,0.09,0.5,0.0,0.6949,250.72,23,23,1
0.0,0.125,0,1.097,315.04,103.76,302,0.612,3,0.125,0.0,0.2,0,-1.25,0.0,0,0.0,0,0,0,0.0,0.0,345.5,345.5,1,2,0,0,0.79,0.0,0.18,0.125,0.0,0.1783,103.76,3,3,0
0.333,0.25,0,1.606,260.71,78.33,105,0.977,4,0.25,0.0,0.1,0,0.833,26.7,0,0.0,0,0,0,2.236,0.0,418.79,418.79,1,1,0,0,1.14,0.33,0.26,0.25,0.0,0.4767,78.33,4,4,1
1.333,0.3077,4,1.209,243.8,176.54,11,35.455,10,0.3077,0.0,0.08,0,10.256,100.0,1,0.25,0,1,1,1.0,706.16,294.65,294.65,8,13,3,4,35.45,1.33,8.19,0.3077,0.3077,0.3158,176.54,10,10,1
0.667,0.4286,2,0.639,332.54,320.94,172,1.126,9,0.4286,0.5,0.12,1,2.381,57.6,0,1.0,0,0,0,0.877,717.48,212.33,212.33,0,2,1,2,1.22,0.67,0.28,0.4286,1.0,0.5048,320.94,9,9,1
0.0,0.25,0,0.775,371.54,400.15,504,0.224,14,0.25,0.0,0.08,0,-2.5,0.0,0,1.0,0,0,0,0.0,0.0,287.89,287.89,0,1,0,0,0.24,0.0,0.05,0.25,0.0,0.463,400.15,14,14,1
0.0,0.2,0,1.709,283.67,157.38,302,0.67,12,0.2,0.0,0.12,0,-2.0,0.0,0,0.0,0,0,0,6.56,0.0,484.91,484.91,1,2,0,0,0.5,0.0,0.11,0.2,0.0,0.4528,157.38,12,12,0
0.333,0.6667,0,1.007,420.81,419.42,173,0.441,15,0.6667,0.5,0.1,0,-3.333,0.0,0,1.0,0,0,0,0.0,0.0,423.59,423.59,0,1,0,0,0.52,0.33,0.12,0.6667,0.0,1.0,419.42,15,15,1
0.0,0.0,0,0.302,176.75,0.0,639,0.239,26,0.0,0.0,0.05,0,0.0,10.0,0,0.0,0,0,0,0.0,0.0,53.43,53.43,1,2,0,0,0.28,0.0,0.07,0.0,0.0,0.0504,0.0,26,26,0
0.333,0.5,0,1.056,270.2,277.84,402,0.524,14,0.5,0.0,0.03,0,-1.667,0.0,0,0.5,0,0,0,0.0,0.0,285.28,285.28,0,1,0,0,0.6,0.33,0.14,0.5,0.0,0.6461,277.84,14,14,1
0.667,0.5,0,1.306,271.04,206.78,252,0.664,8,0.5,0.0,0.03,0,1.667,43.3,0,0.5,0,0,0,3.323,0.0,354.03,354.03,0,3,0,0,0.95,0.67,0.22,0.5,0.0,0.5447,206.78,8,8,1
1.333,0.3333,3,0.991,329.82,346.38,152,2.459,7,0.3333,0.3333,0.1,1,10.0,100.0,0,0.8,0,1,0,0.0,899.88,326.89,326.89,1,5,0,3,2.96,1.33,0.68,0.3333,0.6,0.4161,346.38,7,7,1
0.333,0.0909,1,0.86,189.82,290.57,761,0.451,12,0.0909,0.0,0.2,0,2.424,58.5,0,1.0,0,0,0,0.0,290.57,163.26,163.26,0,2,0,1,0.43,0.33,0.1,0.0909,0.5,0.2173,290.57,12,12,0
0.0,0.5,0,0.859,256.06,244.47,519,0.447,10,0.5,0.0,0.03,0,-5.0,0.0,0,0.667,0,0,0,0.0,0.0,220.08,220.08,0,1,0,0,0.35,0.0,0.08,0.5,0.0,0.6206,244.47,10,10,1
0.0,0.0,0,1.016,426.55,0.0,232,0.526,11,0.0,0.0,0.12,0,0.0,10.0,0,0.0,0,0,0,0.0,0.0,433.27,433.27,0,2,0,0,0.52,0.0,0.12,0.0,0.0,0.2539,0.0,11,11,0
0.333,0.1429,0,0.959,278.65,117.25,78,1.791,1,0.1429,0.0,0.1,0,1.905,48.1,0,0.0,0,0,0,0.495,0.0,267.35,267.35,1,1,0,0,2.69,0.33,0.62,0.1429,0.0,0.1972,117.25,1,1,0
1.333,0.4444,4,1.406,280.78,330.3,42,6.429,4,0.4444,0.3333,0.1,0,8.889,100.0,0,1.0,0,0,0,0.32,1321.18,394.85,394.85,2,4,0,4,6.43,1.33,1.48,0.4444,1.0,0.6791,330.3,4,4,1
1.667,0.4545,1,0.198,272.17,334.73,166,1.284,26,0.4545,0.5,0.2,0,12.121,100.0,0,1.0,0,0,0,1.65,411.0,53.89,53.89,1,4,0,1,1.99,1.67,0.46,0.4545,0.25,0.577,334.73,26,26,1
0.0,0.0,0,1.509,312.71,0.0,360,0.343,9,0.0,0.0,0.05,0,0.0,10.0,0,0.0,0,0,0,0.0,0.0,471.89,471.89,0,1,0,0,0.33,0.0,0.08,0.0,0.0,0.3773,0.0,9,9,0
0.0,0.25,0,0.696,325.1,285.18,741,0.32,8,0.25,0.0,0.08,0,-2.5,0.0,0,0.5,0,0,0,0.0,0.0,226.37,226.37,0,1,0,0,0.32,0.0,0.07,0.25,0.0,0.3063,285.18,8,8,1
0.333,0.2857,1,0.522,232.96,275.87,474,0.877,4,0.2857,0.0,0.07,0,0.476,19.5,0,0.5,0,0,0,1.151,365.8,121.72,121.72,1,1,0,1,0.89,0.33,0.2,0.2857,1.0,0.3757,275.87,4,4,0
0.333,0.25,0,1.189,396.13,393.97,186,0.541,14,0.25,0.0,0.07,1,0.833,26.7,0,1.0,1,0,0,2.02,0.0,470.98,470.98,0,1,0,0,0.65,0.33,0.15,0.25,0.0,0.5459,393.97,14,14,1
0.0,0.0,0,1.084,330.76,0.0,498,0.223,21,0.0,0.0,0.2,0,0.0,10.0,0,0.0,0,0,0,5.358,0.0,358.66,358.66,0,1,0,0,0.18,0.0,0.04,0.0,0.0,0.3615,0.0,21,21,0
0.333,0.1,0,0.936,257.61,273.84,529,0.626,17,0.1,0.0,0.2,0,2.333,56.7,0,1.0,0,0,0,3.561,0.0,241.1,241.1,0,1,0,0,0.57,0.33,0.13,0.1,0.0,0.1999,273.84,17,17,0
0.0,0.0,0,0.769,268.7,0.0,841,0.428,8,0.0,0.0,0.2,0,0.0,10.0,0,0.0,0,0,0,5.407,0.0,206.64,206.64,1,2,0,0,0.43,0.0,0.1,0.0,0.0,0.0641,0.0,8,8,0
0.333,0.3333,1,0.695,68.76,95.31,280,0.284,3,0.3333,0.5,0.07,0,0.0,10.0,0,0.0,0,0,0,0.0,95.31,47.82,47.82,1,1,1,1,0.32,0.33,0.07,0.3333,1.0,0.6939,95.31,3,3,1
1.333,0.5714,4,0.124,177.05,154.15,32,4.787,15,0.5714,0.0,0.05,0,7.619,100.0,0,0.5,0,1,0,0.776,616.61,21.92,21.92,0,6,0,4,6.56,1.33,1.52,0.5714,0.6667,0.5152,154.15,15,15,1
0.333,0.3333,0,0.56,168.49,24.7,86,0.938,22,0.3333,0.0,0.05,1,0.0,10.0,0,0.0,0,0,0,0.0,0.0,94.43,94.43,0,1,0,0,1.05,0.33,0.24,0.3333,0.0,0.2357,24.7,22,22,1
0.667,0.6667,0,0.201,160.3,224.34,103,0.997,25,0.6667,0.0,0.03,1,0.0,10.0,0,0.5,0,0,0,2.258,0.0,32.22,32.22,0,1,0,0,0.87,0.67,0.2,0.6667,0.0,1.0,224.34,25,25,1
0.667,0.2,1,1.275,215.87,232.36,60,5.0,9,0.2,0.25,0.07,0,4.667,100.0,0,1.0,0,0,0,1.5,221.8,275.27,275.27,2,6,0,1,5.0,0.67,1.15,0.2,0.1667,0.3428,232.36,9,9,1
0.0,0.2222,0,0.257,238.83,236.66,798,0.277,15,0.2222,0.0,0.08,0,-2.222,0.0,0,0.5,0,0,0,0.0,0.0,61.36,61.36,0,1,0,0,0.34,0.0,0.08,0.2222,0.0,0.2487,236.66,15,15,0
0.0,0.0,0,0.782,228.61,0.0,33,6.964,2,0.0,0.0,0.12,0,0.0,10.0,0,0.0,0,0,0,1.387,0.0,178.72,178.72,2,7,0,0,6.36,0.0,1.47,0.0,0.0,0.1117,0.0,2,2,0
0.0,0.0,0,1.0,279.36,0.0,135,0.371,23,0.0,0.0,0.12,0,0.0,10.0,0,0.0,0,0,0,2.852,0.0,279.36,279.36,0,1,0,0,0.22,0.0,0.05,0.0,0.0,1.0,0.0,23,23,1
0.0,0.0,0,0.113,216.11,0.0,21,3.12,15,0.0,0.0,0.07,0,0.0,10.0,0,0.0,0,0,1,0.576,0.0,24.41,24.41,0,3,0,0,4.29,0.0,0.99,0.0,0.0,0.0377,0.0,15,15,0
0.0,0.0,0,1.164,170.88,0.0,169,0.275,21,0.0,0.0,0.1,0,0.0,10.0,0,0.0,0,0,0,0.0,0.0,198.98,198.98,0,2,0,0,0.71,0.0,0.16,0.0,0.0,0.2911,0.0,21,21,0
0.0,0.1,0,1.433,311.02,223.56,488,0.602,13,0.1,0.0,0.1,0,-1.0,0.0,0,1.0,1,0,0,0.0,0.0,445.79,445.79,0,2,0,0,0.61,0.0,0.14,0.1,0.0,0.2152,223.56,13,13,0
0.0,0.0,0,0.743,358.36,0.0,218,0.279,30,0.0,0.0,0.1,1,0.0,10.0,0,0.0,0,0,0,0.0,0.0,266.15,266.15,0,1,0,0,0.55,0.0,0.13,0.0,0.0,0.1857,0.0,30,30,1
1.667,0.3846,5,0.28,209.44,228.47,64,6.0,29,0.3846,0.0,0.07,1,12.821,100.0,0,0.6,0,1,0,1.361,1142.35,58.63,58.63,2,7,1,5,6.09,1.67,1.41,0.3846,0.7143,0.4411,228.47,29,29,1
0.333,0.5,0,0.19,205.12,371.26,88,0.49,19,0.5,0.0,0.03,0,-1.667,0.0,0,1.0,0,0,0,0.0,0.0,38.97,38.97,0,1,0,0,0.68,0.33,0.16,0.5,0.0,1.0,371.26,19,19,1
0.0,0.0,0,1.119,408.4,0.0,136,0.508,24,0.0,0.0,0.08,0,0.0,10.0,0,0.0,1,0,0,0.0,0.0,456.86,456.86,1,2,0,0,0.66,0.0,0.15,0.0,0.0,0.3729,0.0,24,24,0
0.0,0.0,0,1.0,198.31,0.0,80,0.457,1,0.0,0.0,0.08,0,0.0,10.0,0,0.0,0,0,0,0.0,0.0,198.31,198.31,1,1,0,0,0.38,0.0,0.09,0.0,0.0,1.0,0.0,1,1,1
0.0,0.0,0,1.079,304.4,0.0,100,1.077,12,0.0,0.0,0.07,0,0.0,10.0,0,0.0,0,0,0,0.0,0.0,328.44,328.44,1,2,0,0,1.8,0.0,0.42,0.0,0.0,0.1798,0.0,12,12,0
0.333,0.5,0,1.014,421.02,415.18,130,0.176,18,0.5,0.0,0.05,0,-1.667,0.0,0,1.0,0,0,0,0.0,0.0,426.85,426.85,0,1,0,0,0.46,0.33,0.11,0.5,0.0,1.0,415.18,18,18,1
0.333,0.3636,1,1.545,294.33,315.76,364,0.661,24,0.3636,0.5,0.07,1,-0.303,3.9,0,0.75,0,0,0,1.55,423.32,454.87,454.87,0,3,0,1,0.91,0.33,0.21,0.3636,0.3333,0.5306,315.76,24,24,1
0.0,0.3333,0,1.485,303.77,149.09,306,0.627,21,0.3333,0.5,0.2,0,-3.333,0.0,0,0.0,0,0,0,0.0,0.0,451.14,451.14,0,1,0,0,0.29,0.0,0.07,0.3333,0.0,0.6587,149.09,21,21,0
0.0,0.0,0,0.179,311.28,0.0,484,0.356,12,0.0,0.0,0.12,0,0.0,10.0,0,0.0,0,0,0,0.0,0.0,55.66,55.66,1,2,0,0,0.37,0.0,0.09,0.0,0.0,0.0298,0.0,12,12,0
0.0,0.0,0,1.908,262.01,0.0,233,1.034,5,0.0,0.0,0.05,0,0.0,10.0,0,0.0,0,0,0,0.963,0.0,499.86,499.86,1,1,0,0,1.16,0.0,0.27,0.0,0.0,0.212,0.0,5,5,0
0.333,0.3333,0,1.929,244.05,143.53,101,0.483,16,0.3333,0.0,0.12,0,0.0,10.0,0,0.0,0,0,0,0.0,0.0,470.73,470.73,0,1,0,0,0.89,0.33,0.21,0.3333,0.0,0.839,143.53,16,16,1
0.0,0.25,0,1.051,254.86,272.06,242,1.169,7,0.25,0.0,0.07,0,-2.5,0.0,0,0.5,0,0,0,1.821,0.0,267.92,267.92,1,1,0,0,0.99,0.0,0.23,0.25,0.0,0.3983,272.06,7,7,1
0.0,0.0,0,1.334,267.76,0.0,71,4.342,4,0.0,0.0,0.1,0,0.0,10.0,0,0.0,0,0,0,0.575,0.0,357.12,357.12,2,3,0,0,4.65,0.0,1.07,0.0,0.0,0.1212,0.0,4,4,0
0.333,0.3333,0,0.264,229.31,178.31,335,0.851,6,0.3333,0.25,0.08,0,0.0,10.0,0,0.25,0,0,0,0.0,0.0,60.48,60.48,2,3,0,0,1.07,0.33,0.25,0.3333,0.0,0.2812,178.31,6,6,1
0.0,0.6667,0,0.542,214.9,270.93,562,0.588,13,0.6667,0.5,0.03,1,-6.667,0.0,0,0.625,0,0,0,0.0,0.0,116.51,116.51,0,2,0,0,0.64,0.0,0.15,0.6667,0.0,0.8857,270.93,13,13,1
0.0,0.0,0,1.0,313.37,0.0,127,0.176,19,0.0,0.0,0.2,0,0.0,10.0,0,0.0,0,0,0,0.0,0.0,313.37,313.37,0,1,0,0,0.24,0.0,0.05,0.0,0.0,1.0,0.0,19,19,1
0.0,0.1667,0,1.533,315.82,488.1,558,0.336,30,0.1667,0.0,0.08,0,-1.667,0.0,0,1.0,0,0,0,3.221,0.0,484.04,484.04,0,1,0,0,0.32,0.0,0.07,0.1667,0.0,0.513,488.1,30,30,0
0.333,0.75,0,1.623,206.87,163.88,211,0.406,4,0.75,0.0,0.2,1,-4.167,0.0,0,0.333,0,0,0,2.61,0.0,335.85,335.85,1,1,0,0,0.57,0.33,0.13,0.75,0.0,1.0,163.88,4,4,1
0.0,0.0,0,1.198,393.88,0.0,420,0.338,8,0.0,0.0,0.1,0,0.0,10.0,0,0.0,0,0,0,0.0,0.0,471.85,471.85,0,1,0,0,0.29,0.0,0.07,0.0,0.0,0.2995,0.0,8,8,0
0.0,0.0,0,1.0,433.13,0.0,40,0.321,5,0.0,0.0,0.08,0,0.0,10.0,0,0.0,0,0,0,9.711,0.0,433.13,433.13,1,1,0,0,0.75,0.0,0.17,0.0,0.0,1.0,0.0,5,5,0
0.0,0.0,0,0.637,271.66,0.0,4,4.186,4,0.0,0.0,0.1,0,0.0,10.0,0,0.0,0,0,1,0.433,0.0,172.96,172.96,2,2,0,0,15.0,0.0,3.46,0.0,0.0,0.3183,0.0,4,4,0
0.0,0.0,0,2.086,213.9,0.0,140,0.599,2,0.0,0.0,0.12,0,0.0,10.0,0,0.0,0,0,0,0.0,0.0,446.1,446.1,2,3,0,0,1.07,0.0,0.25,0.0,0.0,0.4171,0.0,2,2,1
0.0,0.0,0,1.559,123.44,0.0,178,0.192,14,0.0,0.0,0.07,0,0.0,10.0,0,0.0,0,0,0,0.0,0.0,192.43,192.43,0,1,0,0,0.34,0.0,0.08,0.0,0.0,0.7795,0.0,14,14,0
0.0,0.0,0,1.599,311.56,0.0,89,1.284,2,0.0,0.0,0.07,0,0.0,10.0,0,0.0,0,0,0,1.65,0.0,498.11,498.11,1,2,0,0,1.69,0.0,0.39,0.0,0.0,0.3198,0.0,2,2,1
0.333,0.5,1,0.526,143.2,211.01,34,1.424,10,0.5,0.0,0.2,0,-1.667,0.0,0,1.0,0,0,0,2.409,211.01,75.38,75.38,0,2,0,1,1.76,0.33,0.41,0.5,0.5,1.0,211.01,10,10,1
1.0,0.5,1,1.66,261.78,185.01,426,0.661,3,0.5,0.25,0.12,1,5.0,100.0,0,0.333,0,0,0,0.0,358.64,434.64,434.64,1,2,1,1,0.85,1.0,0.2,0.5,0.5,0.4917,185.01,3,3,1
0.0,0.0,0,1.0,465.05,0.0,86,0.226,7,0.0,0.0,0.07,0,0.0,10.0,0,0.0,0,0,0,5.0,0.0,465.05,465.05,1,1,0,0,0.35,0.0,0.08,0.0,0.0,1.0,0.0,7,7,0
0.0,0.0,0,1.46,294.71,0.0,33,0.372,2,0.0,0.0,0.12,0,0.0,10.0,0,0.0,0,0,0,0.0,0.0,430.2,430.2,1,2,0,0,2.73,0.0,0.63,0.0,0.0,0.4866,0.0,2,2,0
0.0,0.0,0,1.0,272.06,0.0,107,0.419,15,0.0,0.0,0.2,0,0.0,10.0,0,0.0,1,0,0,0.0,0.0,272.06,272.06,0,1,0,0,0.28,0.0,0.06,0.0,0.0,1.0,0.0,15,15,0
0.0,0.0,0,1.0,91.42,0.0,16,1.03,5,0.0,0.0,0.03,0,0.0,10.0,0,0.0,1,0,1,0.0,0.0,91.42,91.42,1,1,0,0,1.88,0.0,0.43,0.0,0.0,1.0,0.0,5,5,1
0.0,0.0,0,1.169,297.6,0.0,54,1.8,9,0.0,0.0,0.08,0,0.0,10.0,0,0.0,0,0,0,0.524,0.0,347.83,347.83,1,3,0,0,2.22,0.0,0.51,0.0,0.0,0.2922,0.0,9,9,0
